Workbook

Sheet L30NTX1
B2: ='L30CPTX-1'!U4 -> Ult Load, N | C2: ='L30CPTX-1'!V4 -> Ult Stress, MPa | D2: ='L30CPTX-1'!B4 -> Failure Strain, % | E2: ='L30CPTX-1'!X4 -> Ex, MPa | F2: ='L30CPTX-1'!Y4 -> νyx
A3: average | B3: =AVERAGE(B6:B8) -> 18791.033 | C3: =AVERAGE(C6:C8) -> 101.53451 | D3: =AVERAGE(D6:D8) -> 0.0062279867 | E3: =AVERAGE(E6:E8) -> 16358.666 | F3: =AVERAGE(F6:F8) -> 0.44851478
A4: sr. dev. | B4: =STDEV(B6:B8) -> 1304.6176 | C4: =STDEV(C6:C8) -> 6.9668691 | D4: =STDEV(D6:D8) -> 0.00064634704 | E4: =STDEV(E6:E8) -> 1517.4872 | F4: =STDEV(F6:F8) -> 0.058496496
A5: CV | B5: =B4/B3 -> 0.069427669 | C5: =C4/C3 -> 0.068615778 | D5: =D4/D3 -> 0.10378106 | E5: =E4/E3 -> 0.092763505 | F5: =F4/F3 -> 0.13042267
A6: 1 | B6: ='L30CPTX-1'!U5 -> 18551 | C6: ='L30CPTX-1'!V5 -> 100.82065 | D6: ='L30CPTX-1'!B5 -> 0.00548199 | E6: ='L30CPTX-1'!X5 -> 17895.986 | F6: ='L30CPTX-1'!AB5 -> 0.42278207
A7: 2 | B7: ='L30CPTX-2'!$U$5 -> 20199 | C7: ='L30CPTX-2'!$V$5 -> 108.83082 | D7: ='L30CPTX-2'!$B$5 -> 0.00658146 | E7: ='L30CPTX-2'!$X$5 -> 16318.191 | F7: ='L30CPTX-2'!$AB$5 -> 0.51546636
A8: 3 | B8: ='L30CPTX-3'!U5 -> 17623.1 | C8: ='L30CPTX-3'!V5 -> 94.952047 | D8: ='L30CPTX-3'!B5 -> 0.00662051 | E8: ='L30CPTX-3'!X5 -> 14861.821 | F8: ='L30CPTX-3'!AB5 -> 0.40729592

Sheet L30CPTX-1
A1: w | B1: t
A2: 23 | B2: 8
B3: =MATCH(V5,V7:V1048570,0)-1 -> 412
B4: Failure Strain, % | U4: Ult Load, N | V4: Ult Stress, MPa | X4: Ex, MPa | Y4: νyx | Z4: νyx | AA4: νyx
A5: E0 | B5: =INDEX(B7:B1048570,MATCH(V5,V7:V1048570,0)) -> 0.00548199 | F5: E1 | J5: E2 | N5: E3 | R5: Analog | U5: =MAX(U8:U1048571) -> 18551 | V5: =MAX(V8:V1048571) -> 100.82065 | X5: =INDEX(LINEST(V7:V417,B7:B417),1) -> 17895.986 | Y5: =-INDEX(LINEST(F80:F400,B80:B400),1) -> 0.23867239 | Z5: =-INDEX(LINEST(J80:J400,B80:B400),1) -> 0.44115666 | AA5: =-INDEX(LINEST(N80:N400,B80:B400),1) -> 0.58851716 | AB5: =AVERAGE(Y5:AA5) -> 0.42278207 | AC5: =STDEV(Y5:AA5) -> 0.1756447 | AD5: =AC5/AB5 -> 0.41544974
A6: Index [1] | B6: ?L/L0 [1] | C6: ?L [mm] | D6: L1 [mm] | E6: L0 [mm] | F6: ?L/L0 [1] | G6: ?L [mm] | H6: L1 [mm] | I6: L0 [mm] | J6: ?L/L0 [1] | K6: ?L [mm] | L6: L1 [mm] | M6: L0 [mm] | N6: ?L/L0 [1] | O6: ?L [mm] | P6: L1 [mm] | Q6: L0 [mm] | R6: Time_1 | S6: Time_0 | T6: Dev1/ai0 | U6: Force_[N] | V6: stress | W6: eps_y
A7: 0 | B7: 0 | C7: 0 | D7: 35.5782 | E7: 35.5782 | F7: 0 | G7: 0 | H7: 18.7382 | I7: 18.7382 | J7: 0 | K7: 0 | L7: 16.4009 | M7: 16.4009 | N7: 0 | O7: 0 | P7: 15.3898 | Q7: 15.3898 | R7: 0 | S7: 0.003 | T7: 0.0229 | U7: 103.97 | V7: =U7/A$2/B$2 -> 0.56505435 | W7: =-AVERAGE(F7,J7,N7) -> 0
A8: 1 | B8: -9.62374e-06 | C8: -0.000342395 | D8: 35.5778 | E8: 35.5782 | F8: -4.2805e-05 | G8: -0.000802089 | H8: 18.7374 | I8: 18.7382 | J8: 3.13503e-05 | K8: 0.000514171 | L8: 16.4014 | M8: 16.4009 | N8: 6.39999e-05 | O8: 0.000984945 | P8: 15.3908 | Q8: 15.3898 | R8: 2.193 | S8: 2.194 | T8: 0.0284 | U8: 123.185 | V8: =U8/A$2/B$2 -> 0.6694837 | W8: =-AVERAGE(F8,J8,N8) -> -1.7515067e-05
A9: 2 | B9: 2.84674e-05 | C9: 0.00101282 | D9: 35.5792 | E9: 35.5782 | F9: -5.85933e-05 | G9: -0.00109793 | H9: 18.7371 | I9: 18.7382 | J9: -1.6923e-05 | K9: -0.000277551 | L9: 16.4006 | M9: 16.4009 | N9: -1.39323e-05 | O9: -0.000214414 | P9: 15.3896 | Q9: 15.3898 | R9: 6.436 | S9: 6.436 | T9: 0.0477 | U9: 191.001 | V9: =U9/A$2/B$2 -> 1.0380489 | W9: =-AVERAGE(F9,J9,N9) -> 2.98162e-05
A10: 3 | B10: 4.85617e-05 | C10: 0.00172774 | D10: 35.5799 | E10: 35.5782 | F10: -1.86659e-05 | G10: -0.000349766 | H10: 18.7379 | I10: 18.7382 | J10: 3.34324e-06 | K10: 5.4832e-05 | L10: 16.4009 | M10: 16.4009 | N10: -2.53772e-05 | O10: -0.00039055 | P10: 15.3894 | Q10: 15.3898 | R10: 6.57 | S10: 6.571 | T10: 0.0758 | U10: 289.333 | V10: =U10/A$2/B$2 -> 1.572462 | W10: =-AVERAGE(F10,J10,N10) -> 1.356662e-05
A11: 4 | B11: 0.00013281 | C11: 0.00472514 | D11: 35.5829 | E11: 35.5782 | F11: -2.32257e-05 | G11: -0.000435208 | H11: 18.7378 | I11: 18.7382 | J11: 4.70144e-05 | K11: 0.000771076 | L11: 16.4016 | M11: 16.4009 | N11: 5.70051e-05 | O11: 0.000877296 | P11: 15.3907 | Q11: 15.3898 | R11: 6.687 | S11: 6.687 | T11: 0.0874 | U11: 330.023 | V11: =U11/A$2/B$2 -> 1.7936033 | W11: =-AVERAGE(F11,J11,N11) -> -2.6931267e-05
A12: 5 | B12: 7.26016e-05 | C12: 0.00258303 | D12: 35.5807 | E12: 35.5782 | F12: 3.93695e-05 | G12: 0.000737715 | H12: 18.739 | I12: 18.7382 | J12: 8.54949e-06 | K12: 0.000140219 | L12: 16.401 | M12: 16.4009 | N12: -1.50492e-05 | O12: -0.000231603 | P12: 15.3895 | Q12: 15.3898 | R12: 6.81 | S12: 6.811 | T12: 0.1003 | U12: 375.233 | V12: =U12/A$2/B$2 -> 2.0393098 | W12: =-AVERAGE(F12,J12,N12) -> -1.0956597e-05
A13: 6 | B13: 8.09935e-05 | C13: 0.0028816 | D13: 35.581 | E13: 35.5782 | F13: 4.54419e-05 | G13: 0.000851501 | H13: 18.7391 | I13: 18.7382 | J13: 0.000132951 | K13: 0.00218051 | L13: 16.403 | M13: 16.4009 | N13: 9.78532e-05 | O13: 0.00150594 | P13: 15.3913 | Q13: 15.3898 | R13: 6.937 | S13: 6.937 | T13: 0.118 | U13: 437.397 | V13: =U13/A$2/B$2 -> 2.3771576 | W13: =-AVERAGE(F13,J13,N13) -> -9.2082033e-05
A14: 7 | B14: 7.13658e-05 | C14: 0.00253906 | D14: 35.5807 | E14: 35.5782 | F14: -7.95602e-06 | G14: -0.000149082 | H14: 18.7381 | I14: 18.7382 | J14: -2.86875e-06 | K14: -4.70499e-05 | L14: 16.4008 | M14: 16.4009 | N14: 6.39262e-05 | O14: 0.00098381 | P14: 15.3908 | Q14: 15.3898 | R14: 7.06 | S14: 7.06 | T14: 0.1492 | U14: 547.033 | V14: =U14/A$2/B$2 -> 2.9730054 | W14: =-AVERAGE(F14,J14,N14) -> -1.7700477e-05
A15: 8 | B15: 8.85852e-05 | C15: 0.0031517 | D15: 35.5813 | E15: 35.5782 | F15: -0.000152972 | G15: -0.00286641 | H15: 18.7354 | I15: 18.7382 | J15: -0.000105743 | K15: -0.00173428 | L15: 16.3991 | M15: 16.4009 | N15: -1.50199e-05 | O15: -0.000231153 | P15: 15.3896 | Q15: 15.3898 | R15: 7.184 | S15: 7.185 | T15: 0.1612 | U15: 588.852 | V15: =U15/A$2/B$2 -> 3.2002826 | W15: =-AVERAGE(F15,J15,N15) -> 9.1244967e-05
A16: 9 | B16: 0.000107899 | C16: 0.00383886 | D16: 35.582 | E16: 35.5782 | F16: -0.000184195 | G16: -0.00345148 | H16: 18.7348 | I16: 18.7382 | J16: -0.000224353 | K16: -0.00367957 | L16: 16.3972 | M16: 16.4009 | N16: -0.000184467 | O16: -0.00283891 | P16: 15.3869 | Q16: 15.3898 | R16: 7.31 | S16: 7.31 | T16: 0.1805 | U16: 656.668 | V16: =U16/A$2/B$2 -> 3.5688478 | W16: =-AVERAGE(F16,J16,N16) -> 0.00019767167
A17: 10 | B17: 0.000125314 | C17: 0.00445846 | D17: 35.5826 | E17: 35.5782 | F17: 1.33227e-06 | G17: 2.49644e-05 | H17: 18.7383 | I17: 18.7382 | J17: -7.45647e-05 | K17: -0.00122293 | L17: 16.3996 | M17: 16.4009 | N17: -9.70872e-05 | O17: -0.00149415 | P17: 15.3883 | Q17: 15.3898 | R17: 7.497 | S17: 7.497 | T17: 0.1944 | U17: 705.269 | V17: =U17/A$2/B$2 -> 3.8329837 | W17: =-AVERAGE(F17,J17,N17) -> 5.677321e-05
A18: 11 | B18: 0.000167458 | C18: 0.00595783 | D18: 35.5841 | E18: 35.5782 | F18: -6.29042e-05 | G18: -0.00117871 | H18: 18.737 | I18: 18.7382 | J18: -6.85963e-05 | K18: -0.00112504 | L18: 16.3997 | M18: 16.4009 | N18: -6.03244e-05 | O18: -0.000928379 | P18: 15.3889 | Q18: 15.3898 | R18: 7.624 | S18: 7.624 | T18: 0.215 | U18: 777.606 | V18: =U18/A$2/B$2 -> 4.2261196 | W18: =-AVERAGE(F18,J18,N18) -> 6.3941633e-05
... A430: 423 | B430: 0.000168306 | C430: 0.00598803 | D430: 35.5841 | E430: 35.5782 | F430: -0.000215878 | G430: -0.00404517 | H430: 18.7342 | I430: 18.7382 | J430: -7.55128e-05 | K430: -0.00123847 | L430: 16.3996 | M430: 16.4009 | N430: -0.000429879 | O430: -0.00661574 | P430: 15.3832 | Q430: 15.3898 | R430: 189.394 | S430: 189.394 | T430: 0.0016 | U430: 29.3733 | V430: =U430/A$2/B$2 -> 0.1596375 | W430: =-AVERAGE(F430,J430,N430) -> 0.00024042327

Sheet L30CPTX-2
A1: w | B1: t
A2: 23.2 | B2: 8
B3: =MATCH(V5,V7:V1048570,0)-1 -> 453
B4: Failure Strain, % | U4: Ult Load, N | V4: Ult Stress, MPa | X4: Ex, MPa | Y4: νyx | Z4: νyx | AA4: νyx
A5: E0 | B5: =INDEX(B7:B1048570,MATCH(V5,V7:V1048570,0)) -> 0.00658146 | F5: E1 | J5: E2 | N5: E3 | R5: Analog | U5: =MAX(U8:U1048571) -> 20199 | V5: =MAX(V8:V1048571) -> 108.83082 | X5: =INDEX(LINEST(V7:V458,B7:B458),1) -> 16318.191 | Y5: =-INDEX(LINEST(F80:F400,B80:B400),1) -> 0.47289983 | Z5: =-INDEX(LINEST(J80:J400,B80:B400),1) -> 0.46392281 | AA5: =-INDEX(LINEST(N80:N400,B80:B400),1) -> 0.60957644 | AB5: =AVERAGE(Y5:AA5) -> 0.51546636 | AC5: =STDEV(Y5:AA5) -> 0.081625222 | AD5: =AC5/AB5 -> 0.15835218
A6: Index [1] | B6: ?L/L0 [1] | C6: ?L [mm] | D6: L1 [mm] | E6: L0 [mm] | F6: ?L/L0 [1] | G6: ?L [mm] | H6: L1 [mm] | I6: L0 [mm] | J6: ?L/L0 [1] | K6: ?L [mm] | L6: L1 [mm] | M6: L0 [mm] | N6: ?L/L0 [1] | O6: ?L [mm] | P6: L1 [mm] | Q6: L0 [mm] | R6: Time_1 | S6: Time_0 | T6: Dev1/ai0 | U6: Force_[N] | V6: stress | W6: eps_y
A7: 0 | B7: 0 | C7: 0 | D7: 38.9239 | E7: 38.9239 | F7: 0 | G7: 0 | H7: 19.4661 | I7: 19.4661 | J7: 0 | K7: 0 | L7: 18.2714 | M7: 18.2714 | N7: 0 | O7: 0 | P7: 18.6414 | Q7: 18.6414 | R7: 0 | S7: 0.003 | T7: 0.0529 | U7: 209.085 | V7: =U7/A$2/B$2 -> 1.1265356 | W7: =-AVERAGE(F7,J7,N7) -> 0
A8: 1 | B8: 3.2257e-05 | C8: 0.00125557 | D8: 38.9251 | E8: 38.9239 | F8: -1.71208e-05 | G8: -0.000333275 | H8: 19.4657 | I8: 19.4661 | J8: 4.03251e-05 | K8: 0.000736794 | L8: 18.2721 | M8: 18.2714 | N8: 4.3908e-05 | O8: 0.000818506 | P8: 18.6422 | Q8: 18.6414 | R8: 0.951 | S8: 0.951 | T8: 0.0564 | U8: 221.518 | V8: =U8/A$2/B$2 -> 1.1935237 | W8: =-AVERAGE(F8,J8,N8) -> -2.2370767e-05
A9: 2 | B9: 3.73668e-05 | C9: 0.00145446 | D9: 38.9253 | E9: 38.9239 | F9: -4.02624e-05 | G9: -0.00078375 | H9: 19.4653 | I9: 19.4661 | J9: -5.96436e-05 | K9: -0.00108977 | L9: 18.2703 | M9: 18.2714 | N9: -0.000114532 | O9: -0.00213504 | P9: 18.6392 | Q9: 18.6414 | R9: 2.638 | S9: 2.638 | T9: 0.0487 | U9: 194.391 | V9: =U9/A$2/B$2 -> 1.0473653 | W9: =-AVERAGE(F9,J9,N9) -> 7.1479333e-05
A10: 3 | B10: 7.15785e-05 | C10: 0.00278611 | D10: 38.9266 | E10: 38.9239 | F10: -1.43695e-06 | G10: -2.79718e-05 | H10: 19.466 | I10: 19.4661 | J10: 7.03545e-05 | K10: 0.00128547 | L10: 18.2726 | M10: 18.2714 | N10: -7.04924e-05 | O10: -0.00131408 | P10: 18.6401 | Q10: 18.6414 | R10: 3.012 | S10: 3.012 | T10: 0.0429 | U10: 174.047 | V10: =U10/A$2/B$2 -> 0.93775323 | W10: =-AVERAGE(F10,J10,N10) -> 5.2495e-07
A11: 4 | B11: 2.1961e-05 | C11: 0.000854805 | D11: 38.9247 | E11: 38.9239 | F11: -4.67077e-05 | G11: -0.000909215 | H11: 19.4652 | I11: 19.4661 | J11: 3.99506e-05 | K11: 0.000729951 | L11: 18.2721 | M11: 18.2714 | N11: 1.90112e-05 | O11: 0.000354394 | P11: 18.6417 | Q11: 18.6414 | R11: 3.198 | S11: 3.199 | T11: 0.0471 | U11: 188.74 | V11: =U11/A$2/B$2 -> 1.0169181 | W11: =-AVERAGE(F11,J11,N11) -> -4.0847e-06
A12: 5 | B12: 8.65443e-05 | C12: 0.00336864 | D12: 38.9272 | E12: 38.9239 | F12: 9.74258e-05 | G12: 0.0018965 | H12: 19.468 | I12: 19.4661 | J12: 0.000167189 | K12: 0.00305476 | L12: 18.2744 | M12: 18.2714 | N12: 0.000100997 | O12: 0.00188272 | P12: 18.6432 | Q12: 18.6414 | R12: 3.324 | S12: 3.325 | T12: 0.0519 | U12: 205.694 | V12: =U12/A$2/B$2 -> 1.1082651 | W12: =-AVERAGE(F12,J12,N12) -> -0.0001218706
A13: 6 | B13: -3.57367e-06 | C13: -0.000139101 | D13: 38.9237 | E13: 38.9239 | F13: 3.53298e-05 | G13: 0.000687731 | H13: 19.4668 | I13: 19.4661 | J13: 0.00012135 | K13: 0.00221722 | L13: 18.2736 | M13: 18.2714 | N13: 6.5614e-05 | O13: 0.00122313 | P13: 18.6426 | Q13: 18.6414 | R13: 4.708 | S13: 4.708 | T13: 0.0503 | U13: 200.043 | V13: =U13/A$2/B$2 -> 1.0778179 | W13: =-AVERAGE(F13,J13,N13) -> -7.4097933e-05
A14: 7 | B14: 5.62887e-05 | C14: 0.00219097 | D14: 38.926 | E14: 38.9239 | F14: 2.09193e-05 | G14: 0.000407217 | H14: 19.4665 | I14: 19.4661 | J14: 4.10993e-05 | K14: 0.000750939 | L14: 18.2721 | M14: 18.2714 | N14: -1.21825e-05 | O14: -0.000227099 | P14: 18.6411 | Q14: 18.6414 | R14: 5.382 | S14: 5.383 | T14: 0.0738 | U14: 282.552 | V14: =U14/A$2/B$2 -> 1.5223707 | W14: =-AVERAGE(F14,J14,N14) -> -1.6612033e-05
A15: 8 | B15: 9.43517e-05 | C15: 0.00367253 | D15: 38.9275 | E15: 38.9239 | F15: 3.22344e-05 | G15: 0.000627477 | H15: 19.4667 | I15: 19.4661 | J15: 7.31198e-05 | K15: 0.001336 | L15: 18.2727 | M15: 18.2714 | N15: -2.19801e-05 | O15: -0.000409739 | P15: 18.641 | Q15: 18.6414 | R15: 5.57 | S15: 5.571 | T15: 0.0954 | U15: 358.279 | V15: =U15/A$2/B$2 -> 1.9303825 | W15: =-AVERAGE(F15,J15,N15) -> -2.7791367e-05
A16: 9 | B16: 0.00015119 | C16: 0.00588488 | D16: 38.9297 | E16: 38.9239 | F16: -1.61606e-05 | G16: -0.000314583 | H16: 19.4657 | I16: 19.4661 | J16: 6.21039e-05 | K16: 0.00113472 | L16: 18.2725 | M16: 18.2714 | N16: -1.70175e-05 | O16: -0.00031723 | P16: 18.641 | Q16: 18.6414 | R16: 5.703 | S16: 5.703 | T16: 0.1299 | U16: 479.217 | V16: =U16/A$2/B$2 -> 2.5819881 | W16: =-AVERAGE(F16,J16,N16) -> -9.6419333e-06
A17: 10 | B17: 0.000129645 | C17: 0.00504627 | D17: 38.9289 | E17: 38.9239 | F17: -7.13205e-05 | G17: -0.00138833 | H17: 19.4647 | I17: 19.4661 | J17: -2.4723e-05 | K17: -0.000451722 | L17: 18.2709 | M17: 18.2714 | N17: -8.38668e-05 | O17: -0.00156339 | P17: 18.6398 | Q17: 18.6414 | R17: 5.819 | S17: 5.819 | T17: 0.1157 | U17: 429.486 | V17: =U17/A$2/B$2 -> 2.3140409 | W17: =-AVERAGE(F17,J17,N17) -> 5.99701e-05
A18: 11 | B18: 0.000111093 | C18: 0.00432418 | D18: 38.9282 | E18: 38.9239 | F18: -5.69917e-05 | G18: -0.0011094 | H18: 19.465 | I18: 19.4661 | J18: -1.13793e-05 | K18: -0.000207915 | L18: 18.2711 | M18: 18.2714 | N18: -9.25882e-05 | O18: -0.00172597 | P18: 18.6396 | Q18: 18.6414 | R18: 5.944 | S18: 5.945 | T18: 0.138 | U18: 507.474 | V18: =U18/A$2/B$2 -> 2.7342349 | W18: =-AVERAGE(F18,J18,N18) -> 5.3653067e-05
... A460: 453 | B460: 0.00658146 | C460: 0.256176 | D460: 39.18 | E460: 38.9239 | F460: -0.00310122 | G460: -0.0603686 | H460: 19.4057 | I460: 19.4661 | J460: -0.00298346 | K460: -0.0545118 | L460: 18.2168 | M460: 18.2714 | N460: -0.00409774 | O460: -0.0763875 | P460: 18.565 | Q460: 18.6414 | R460: 160.447 | S460: 160.447 | T460: 5.7529 | U460: 20199 | V460: =U460/A$2/B$2 -> 108.83082 | W460: =-AVERAGE(F460,J460,N460) -> 0.00339414
A461: 454 | F461: -0.000283081 | G461: -0.00551047 | H461: 19.4606 | I461: 19.4661 | J461: -0.000419302 | K461: -0.00766121 | L461: 18.2637 | M461: 18.2714 | N461: -0.000244379 | O461: -0.00455555 | P461: 18.6368 | Q461: 18.6414 | R461: 160.759 | S461: 160.76 | T461: 2.9425 | U461: 10343 | V461: =U461/A$2/B$2 -> 55.727371 | W461: =-AVERAGE(F461,J461,N461) -> 0.00031558733
A462: 455 | F462: -0.000174015 | G462: -0.00338738 | H462: 19.4627 | I462: 19.4661 | J462: -0.000250264 | K462: -0.00457267 | L462: 18.2668 | M462: 18.2714 | N462: 2.69767e-06 | O462: 5.02883e-05 | P462: 18.6414 | Q462: 18.6414 | R462: 160.883 | S462: 160.884 | T462: 1.3227 | U462: 4662.31 | V462: =U462/A$2/B$2 -> 25.120205 | W462: =-AVERAGE(F462,J462,N462) -> 0.00014052711
A463: 456 | F463: -0.000128322 | G463: -0.00249793 | H463: 19.4636 | I463: 19.4661 | J463: -0.000177155 | K463: -0.00323686 | L463: 18.2681 | M463: 18.2714 | N463: -2.43848e-06 | O463: -4.54566e-05 | P463: 18.6413 | Q463: 18.6414 | R463: 161.009 | S463: 161.01 | T463: 0.6104 | U463: 2164.44 | V463: =U463/A$2/B$2 -> 11.661853 | W463: =-AVERAGE(F463,J463,N463) -> 0.00010263849
A464: 457 | F464: -0.000101811 | G464: -0.00198187 | H464: 19.4641 | I464: 19.4661 | J464: -6.10856e-05 | K464: -0.00111612 | L464: 18.2702 | M464: 18.2714 | N464: 8.41461e-05 | O464: 0.0015686 | P464: 18.6429 | Q464: 18.6414 | R464: 161.133 | S464: 161.133 | T464: 0.274 | U464: 984.443 | V464: =U464/A$2/B$2 -> 5.304111 | W464: =-AVERAGE(F464,J464,N464) -> 2.6250167e-05
A465: 458 | F465: -7.57763e-05 | G465: -0.00147507 | H465: 19.4646 | I465: 19.4661 | J465: -6.14168e-05 | K465: -0.00112217 | L465: 18.2702 | M465: 18.2714 | N465: 5.59545e-05 | O465: 0.00104307 | P465: 18.6424 | Q465: 18.6414 | R465: 161.259 | S465: 161.259 | T465: 0.1235 | U465: 456.612 | V465: =U465/A$2/B$2 -> 2.460194 | W465: =-AVERAGE(F465,J465,N465) -> 2.7079533e-05
A466: 459 | F466: -0.000153947 | G466: -0.00299674 | H466: 19.4631 | I466: 19.4661 | J466: -0.00012315 | K466: -0.00225011 | L466: 18.2691 | M466: 18.2714 | N466: 4.73313e-05 | O466: 0.000882321 | P466: 18.6422 | Q466: 18.6414 | R466: 161.381 | S466: 161.382 | T466: 0.0568 | U466: 222.648 | V466: =U466/A$2/B$2 -> 1.1996121 | W466: =-AVERAGE(F466,J466,N466) -> 7.6588567e-05
A467: 460 | F467: -0.000190095 | G467: -0.00370041 | H467: 19.4624 | I467: 19.4661 | J467: -9.95165e-05 | K467: -0.0018183 | L467: 18.2695 | M467: 18.2714 | N467: 4.59104e-05 | O467: 0.000855833 | P467: 18.6422 | Q467: 18.6414 | R467: 161.509 | S467: 161.509 | T467: 0.031 | U467: 132.227 | V467: =U467/A$2/B$2 -> 0.71242996 | W467: =-AVERAGE(F467,J467,N467) -> 8.12337e-05
A468: 461 | F468: -0.000103678 | G468: -0.0020182 | H468: 19.464 | I468: 19.4661 | J468: -6.49068e-05 | K468: -0.00118593 | L468: 18.2702 | M468: 18.2714 | N468: -8.68343e-06 | O468: -0.000161871 | P468: 18.6412 | Q468: 18.6414 | R468: 161.759 | S468: 161.759 | T468: -0.008 | U468: -4.5345 | V468: =U468/A$2/B$2 -> -0.024431573 | W468: =-AVERAGE(F468,J468,N468) -> 5.908941e-05
A469: 462 | F469: -2.37236e-05 | G469: -0.000461804 | H469: 19.4656 | I469: 19.4661 | J469: 6.41448e-05 | K469: 0.00117201 | L469: 18.2725 | M469: 18.2714 | N469: 7.89247e-05 | O469: 0.00147126 | P469: 18.6428 | Q469: 18.6414 | R469: 161.945 | S469: 161.946 | T469: 0.0042 | U469: 38.4154 | V469: =U469/A$2/B$2 -> 0.20697953 | W469: =-AVERAGE(F469,J469,N469) -> -3.9781967e-05

Sheet L30CPTX-3
A1: w | B1: t
A2: 23.2 | B2: 8
B3: =MATCH(V5,V7:V1048570,0)-1 -> 394
B4: Failure Strain, % | U4: Ult Load, N | V4: Ult Stress, MPa | X4: Ex, MPa | Y4: νyx | Z4: νyx | AA4: νyx
A5: E0 | B5: =INDEX(B7:B1048570,MATCH(V5,V7:V1048570,0)) -> 0.00662051 | F5: E1 | J5: E2 | N5: E3 | R5: Analog | U5: =MAX(U8:U1048571) -> 17623.1 | V5: =MAX(V8:V1048571) -> 94.952047 | X5: =INDEX(LINEST(V7:V395,B7:B395),1) -> 14861.821 | Y5: =-INDEX(LINEST(F80:F400,B80:B400),1) -> 0.21573117 | Z5: =-INDEX(LINEST(J80:J400,B80:B400),1) -> 0.50460376 | AA5: =-INDEX(LINEST(N80:N400,B80:B400),1) -> 0.50155284 | AB5: =AVERAGE(Y5:AA5) -> 0.40729592 | AC5: =STDEV(Y5:AA5) -> 0.16590696 | AD5: =AC5/AB5 -> 0.40733763
A6: Index [1] | B6: ?L/L0 [1] | C6: ?L [mm] | D6: L1 [mm] | E6: L0 [mm] | F6: ?L/L0 [1] | G6: ?L [mm] | H6: L1 [mm] | I6: L0 [mm] | J6: ?L/L0 [1] | K6: ?L [mm] | L6: L1 [mm] | M6: L0 [mm] | N6: ?L/L0 [1] | O6: ?L [mm] | P6: L1 [mm] | Q6: L0 [mm] | R6: Time_1 | S6: Time_0 | T6: Dev1/ai0 | U6: Force_[N] | V6: stress | W6: eps_y
A7: 0 | B7: 0 | C7: 0 | D7: 36.5644 | E7: 36.5644 | F7: 0 | G7: 0 | H7: 17.1992 | I7: 17.1992 | J7: 0 | K7: 0 | L7: 14.4774 | M7: 14.4774 | N7: 0 | O7: 0 | P7: 13.7183 | Q7: 13.7183 | R7: 0 | S7: 0.004 | T7: 0.0094 | U7: 56.4995 | V7: =U7/A$2/B$2 -> 0.30441541 | W7: =-AVERAGE(F7,J7,N7) -> 0
A8: 1 | B8: 0.000132644 | C8: 0.00485005 | D8: 36.5692 | E8: 36.5644 | F8: 7.90311e-05 | G8: 0.00135928 | H8: 17.2006 | I8: 17.1992 | J8: 8.3634e-05 | K8: 0.0012108 | L8: 14.4786 | M8: 14.4774 | N8: 7.92212e-05 | O8: 0.00108678 | P8: 13.7194 | Q8: 13.7183 | R8: 1.873 | S8: 1.874 | T8: 0.0132 | U8: 70.0627 | V8: =U8/A$2/B$2 -> 0.377493 | W8: =-AVERAGE(F8,J8,N8) -> -8.0628767e-05
A9: 2 | B9: 9.61848e-05 | C9: 0.00351693 | D9: 36.5679 | E9: 36.5644 | F9: -3.20115e-05 | G9: -0.000550574 | H9: 17.1987 | I9: 17.1992 | J9: 2.5999e-05 | K9: 0.000376397 | L9: 14.4778 | M9: 14.4774 | N9: 3.72761e-05 | O9: 0.000511364 | P9: 13.7188 | Q9: 13.7183 | R9: 2.06 | S9: 2.061 | T9: 0.0123 | U9: 66.6719 | V9: =U9/A$2/B$2 -> 0.3592236 | W9: =-AVERAGE(F9,J9,N9) -> -1.04212e-05
A10: 3 | B10: 1.32269e-05 | C10: 0.000483634 | D10: 36.5648 | E10: 36.5644 | F10: -6.54412e-05 | G10: -0.00112554 | H10: 17.1981 | I10: 17.1992 | J10: -0.000114676 | K10: -0.00166021 | L10: 14.4757 | M10: 14.4774 | N10: -0.000138957 | O10: -0.00190625 | P10: 13.7164 | Q10: 13.7183 | R10: 7.113 | S10: 7.114 | T10: 0.0142 | U10: 73.4534 | V10: =U10/A$2/B$2 -> 0.39576185 | W10: =-AVERAGE(F10,J10,N10) -> 0.00010635807
A11: 4 | B11: 9.78543e-05 | C11: 0.00357798 | D11: 36.5679 | E11: 36.5644 | F11: 3.19788e-06 | G11: 5.50012e-05 | H11: 17.1993 | I11: 17.1992 | J11: 5.76746e-06 | K11: 8.34976e-05 | L11: 14.4775 | M11: 14.4774 | N11: 4.38532e-05 | O11: 0.000601591 | P11: 13.7189 | Q11: 13.7183 | R11: 12.169 | S11: 12.169 | T11: 0.0045 | U11: 39.5456 | V11: =U11/A$2/B$2 -> 0.21306897 | W11: =-AVERAGE(F11,J11,N11) -> -1.760618e-05
A12: 5 | B12: 0.000128616 | C12: 0.00470274 | D12: 36.5691 | E12: 36.5644 | F12: 4.77064e-05 | G12: 0.000820514 | H12: 17.2001 | I12: 17.1992 | J12: 6.66986e-05 | K12: 0.000965621 | L12: 14.4783 | M12: 14.4774 | N12: 0.000117456 | O12: 0.00161129 | P12: 13.7199 | Q12: 13.7183 | R12: 12.861 | S12: 12.861 | T12: 0.0358 | U12: 149.181 | V12: =U12/A$2/B$2 -> 0.80377694 | W12: =-AVERAGE(F12,J12,N12) -> -7.7287e-05
A13: 6 | B13: 0.000272203 | C13: 0.00995293 | D13: 36.5743 | E13: 36.5644 | F13: 6.45039e-05 | G13: 0.00110942 | H13: 17.2004 | I13: 17.1992 | J13: 4.23968e-05 | K13: 0.000613794 | L13: 14.478 | M13: 14.4774 | N13: 6.47213e-05 | O13: 0.000887865 | P13: 13.7192 | Q13: 13.7183 | R13: 12.979 | S13: 12.979 | T13: 0.0539 | U13: 212.475 | V13: =U13/A$2/B$2 -> 1.1448006 | W13: =-AVERAGE(F13,J13,N13) -> -5.7207333e-05
A14: 7 | B14: 0.000148412 | C14: 0.00542659 | D14: 36.5698 | E14: 36.5644 | F14: -1.52949e-05 | G14: -0.00026306 | H14: 17.199 | I14: 17.1992 | J14: -7.45136e-05 | K14: -0.00107876 | L14: 14.4763 | M14: 14.4774 | N14: 2.92851e-05 | O14: 0.000401742 | P14: 13.7187 | Q14: 13.7183 | R14: 13.165 | S14: 13.165 | T14: 0.0709 | U14: 272.379 | V14: =U14/A$2/B$2 -> 1.4675593 | W14: =-AVERAGE(F14,J14,N14) -> 2.0174467e-05
A15: 8 | B15: 0.000211162 | C15: 0.00772101 | D15: 36.5721 | E15: 36.5644 | F15: 3.62507e-05 | G15: 0.000623484 | H15: 17.1999 | I15: 17.1992 | J15: -4.57822e-05 | K15: -0.000662806 | L15: 14.4767 | M15: 14.4774 | N15: -2.59108e-05 | O15: -0.000355452 | P15: 13.7179 | Q15: 13.7183 | R15: 13.29 | S15: 13.29 | T15: 0.0851 | U15: 322.111 | V15: =U15/A$2/B$2 -> 1.7355119 | W15: =-AVERAGE(F15,J15,N15) -> 1.18141e-05
A16: 9 | B16: 0.000158969 | C16: 0.00581261 | D16: 36.5702 | E16: 36.5644 | F16: -5.35676e-05 | G16: -0.000921322 | H16: 17.1983 | I16: 17.1992 | J16: -0.000122526 | K16: -0.00177386 | L16: 14.4756 | M16: 14.4774 | N16: -3.65081e-05 | O16: -0.000500828 | P16: 13.7178 | Q16: 13.7183 | R16: 13.604 | S16: 13.604 | T16: 0.119 | U16: 440.788 | V16: =U16/A$2/B$2 -> 2.3749353 | W16: =-AVERAGE(F16,J16,N16) -> 7.0867233e-05
A17: 10 | B17: 0.000264819 | C17: 0.00968294 | D17: 36.574 | E17: 36.5644 | F17: -7.36309e-05 | G17: -0.0012664 | H17: 17.198 | I17: 17.1992 | J17: -0.000108908 | K17: -0.0015767 | L17: 14.4758 | M17: 14.4774 | N17: -2.90009e-05 | O17: -0.000397843 | P17: 13.7179 | Q17: 13.7183 | R17: 13.727 | S17: 13.727 | T17: 0.1322 | U17: 487.129 | V17: =U17/A$2/B$2 -> 2.6246175 | W17: =-AVERAGE(F17,J17,N17) -> 7.0513267e-05
A18: 11 | B18: 0.000273564 | C18: 0.0100027 | D18: 36.5744 | E18: 36.5644 | F18: -2.48219e-05 | G18: -0.000426917 | H18: 17.1988 | I18: 17.1992 | J18: -0.00016766 | K18: -0.00242728 | L18: 14.4749 | M18: 14.4774 | N18: -0.000129877 | O18: -0.00178169 | P18: 13.7165 | Q18: 13.7183 | R18: 13.916 | S18: 13.916 | T18: 0.156 | U18: 570.768 | V18: =U18/A$2/B$2 -> 3.0752586 | W18: =-AVERAGE(F18,J18,N18) -> 0.00010745297
... A414: 407 | B414: 0.00056221 | C414: 0.0205568 | D414: 36.5849 | E414: 36.5644 | F414: 5.17997e-05 | G414: 0.000890915 | H414: 17.2001 | I414: 17.1992 | J414: -0.000125384 | K414: -0.00181523 | L414: 14.4756 | M414: 14.4774 | N414: -0.000301605 | O414: -0.0041375 | P414: 13.7141 | Q414: 13.7183 | R414: 208.477 | S414: 208.477 | T414: -0.0019 | U414: 16.9404 | V414: =U414/A$2/B$2 -> 0.091273707 | W414: =-AVERAGE(F414,J414,N414) -> 0.0001250631
