Workbook

Sheet OLS13
B2: ='OLS13-1'!$CS$2 -> Ult Stress, MPa | C2: ='OLS13-1'!$CZ$2 -> Failure Strains, % | D2: ='OLS13-1'!$DA$2 -> G13, MPa | E2: ='OLS13-1'!$DA$2 -> G13, MPa
A3: average | B3: =AVERAGE(B6:B9) -> 7.841201 | C3: =AVERAGE(C6:C9) -> 0.049180233 | D3: =AVERAGE(D6:D9) -> 349.97375 | E3: =AVERAGE(E6:E9) -> 321.68051
A4: sr. dev. | B4: =STDEV(B6:B9) -> 0.18150534 | C4: =STDEV(C6:C9) -> 0.0028237629 | D4: =STDEV(D6:D9) -> 27.580418 | E4: =STDEV(E6:E9) -> 19.060997
A5: CV | B5: =B4/B3 -> 0.023147645 | C5: =C4/C3 -> 0.057416623 | D5: =D4/D3 -> 0.078807106 | E5: =E4/E3 -> 0.059254436
A6: 1 | B6: ='OLS13-1'!$CS$3 -> 7.712497 | C6: ='OLS13-1'!$CZ$3 -> 0.052000886 | D6: ='OLS13-1'!CY3 -> 340.78605 | E6: ='OLS13-1'!$DA$3 -> 329.43389
A7: 2 | B7: ='OLS13-2'!CS3 -> 8.0488033 | C7: ='OLS13-2'!CZ3 -> 0.049186442 | D7: ='OLS13-2'!CY3 -> 380.97534 | E7: ='OLS13-2'!DA3 -> 335.64297
A8: 3 | B8: ='OLS13-3'!CS3 -> 7.7623027 | C8: ='OLS13-3'!CZ3 -> 0.046353371 | D8: ='OLS13-3'!CY3 -> 328.15985 | E8: ='OLS13-3'!DA3 -> 299.96466
S17: 45.5897 | T17: 22.795 | U17: 9.6 | V17: =(S17^2+U17^2)^0.5 -> 46.589492 | W17: =V17*T17 -> 1062.0075
S18: 48 | T18: 23 | U18: 9.6 | V18: =(S18^2+U18^2)^0.5 -> 48.950587 | W18: =V18*T18 -> 1125.8635
W19: =W18/W17 -> 1.0601277
S21: 4061

Sheet OLS13-1
A1: w | B1: t | C1: a | D1: L, mm | E1: tg(theta) | F1: ctg(theta) | G1: (2+tg^2+ctg^2)^0,5 | J1: cos | K1: sin | L1: acos | CZ1: =MATCH(CS3,CS5:CS1048576,0)-1 -> 752 | DB1: =MATCH(CS3,CS5:CS1048576,0)-1 -> 752
A2: =2*5 -> 10 | B2: 9.6 | C2: 40 | D2: =(B2^2+C2^2)^0.5 -> 41.135872 | E2: =B2/C2 -> 0.24 | F2: =1/E2 -> 4.1666667 | G2: =(2+E2^2+F2^2)^0.5 -> 4.4066667 | J2: =C2/D2 -> 0.9723873 | K2: =(1-J2^2)^0.5 -> 0.23337295 | L2: =ACOS(J2) -> 0.23554498 | CS2: Ult Stress, MPa | CZ2: Failure Strains, % | DA2: G13, MPa | DB2: Failure Strains, % | DC2: G13, MPa
A3: Average | Q3: P0 | AH3: P1 | AY3: P2 | BP3: P3 | CG3: Analog | CK3: E0 | CS3: =MAX(CS5:CS1048576) -> 7.712497 | CY3: =CS284/CZ284 -> 340.78605 | CZ3: =INDEX(CZ5:CZ1048576,MATCH(CS3,CS5:CS1048576,0)) -> 0.052000886 | DA3: =INDEX(LINEST(CS90:CS284,CZ90:CZ284),1) -> 329.43389 | DB3: =INDEX(DB5:DB1048576,MATCH(CS3,CS5:CS1048576,0)) -> 0.073407135 | DC3: =INDEX(LINEST(CS90:CS120,DB90:DB120),1) -> 280.77169 | DD3: before deformation | DI3: check | DJ3: after defor,mation
A4: Index [1] | B4: X [mm] | C4: Y [mm] | D4: Z [mm] | E4: U [mm] | F4: V [mm] | G4: W [mm] | H4: exx [1] - Lagrange | I4: eyy [1] - Lagrange | J4: exy [1] - Lagrange | K4: e1 [1] - Lagrange | L4: e2 [1] - Lagrange | M4: gamma [1] - Lagrange | N4: Sigma_X [mm] | O4: Sigma_Y [mm] | P4: Sigma_Z [mm] | Q4: X [mm] | R4: Y [mm] | S4: Z [mm] | T4: U [mm] | U4: V [mm] | V4: W [mm] | W4: X01 | X4: Y01 | Y4: exx [1] - Lagrange | Z4: eyy [1] - Lagrange | AA4: exy [1] - Lagrange | AB4: e1 [1] - Lagrange | AC4: e2 [1] - Lagrange | AD4: gamma [1] - Lagrange | AE4: Sigma_X [mm] | AF4: Sigma_Y [mm] | AG4: Sigma_Z [mm] | AH4: X [mm] | AI4: Y [mm] | AJ4: Z [mm] | AK4: U [mm] | AL4: V [mm] | AM4: W [mm] | AN4: X11 | AO4: Y11 | AP4: exx [1] - Lagrange | AQ4: eyy [1] - Lagrange | AR4: exy [1] - Lagrange | AS4: e1 [1] - Lagrange | AT4: e2 [1] - Lagrange | AU4: gamma [1] - Lagrange | AV4: Sigma_X [mm] | AW4: Sigma_Y [mm] | AX4: Sigma_Z [mm] | AY4: X [mm] | AZ4: Y [mm] | BA4: Z [mm] | BB4: U [mm] | BC4: V [mm] | BD4: W [mm] | BE4: X21 | BF4: Y21 | BG4: exx [1] - Lagrange | BH4: eyy [1] - Lagrange | BI4: exy [1] - Lagrange | BJ4: e1 [1] - Lagrange | BK4: e2 [1] - Lagrange | BL4: gamma [1] - Lagrange | BM4: Sigma_X [mm] | BN4: Sigma_Y [mm] | BO4: Sigma_Z [mm] | BP4: X [mm] | BQ4: Y [mm] | BR4: Z [mm] | BS4: U [mm] | BT4: V [mm] | BU4: W [mm] | BV4: X31 | BW4: Y31 | BX4: exx [1] - Lagrange | BY4: eyy [1] - Lagrange | BZ4: exy [1] - Lagrange | CA4: e1 [1] - Lagrange | CB4: e2 [1] - Lagrange | CC4: gamma [1] - Lagrange | CD4: Sigma_X [mm] | CE4: Sigma_Y [mm] | CF4: Sigma_Z [mm] | CG4: Time_1 | CH4: Time_0 | CI4: Dev1/ai0 | CJ4: Force_[N] | CK4: ?L/L0 [1] | CL4: L0, mm | CM4: L1 | CN4: (L1-L0)/L0 | CO4: cos(dth) | CP4: acos(dth) | CQ4: sin(dth) | CR4: Force' | CS4: Tau_13, Mpa | CT4: e_xx' | CU4: e_yy' | CV4: g_xy' | CW4: e_1 | CX4: e_3 | CY4: g_13' | CZ4: -g_13' | DA4: u, mm | DB4: g_13u | DC4: P0P3_x | DD4: P0P3_y | DE4: P0P3 | DF4: P2P1_x | DG4: P2P1_y | DH4: P2P1 | DI4: Cos0 | DJ4: P0P3_x1 | DK4: P0P3_y1 | DL4: P0P3_1 | DM4: P2P1_x1 | DN4: P2P1_y1 | DO4: P2P1_1 | DP4: Cos1 | DQ4: Cos03 | DR4: Cos21 | DS4: cos_P2P1 | DT4: sin_P2P1 | DU4: e1 | DV4: e3 | DW4: g13 | DX4: -g13 | DZ4: P2P0_x | EA4: P2P0_y | EB4: cos(021) | EC4: P2P0 | ED4: b | EE4: P2P0_x1 | EF4: P2P0_y1 | EG4: us_x | EH4: us_y | EI4: us | EJ4: gamma_13s
A5: 0 | B5: 0.00422635 | C5: 0.00853024 | D5: 8.51092e-05 | E5: 0 | F5: 0 | G5: 0 | H5: -1.4506e-17 | I5: -1.33785e-17 | J5: 2.09292e-20 | K5: -1.10475e-17 | L5: -1.68369e-17 | M5: -0.0016123 | N5: 0.000142282 | O5: 0.000162718 | P5: 0.001404 | Q5: -0.0426427 | R5: 17.8228 | S5: -0.0203832 | T5: 0 | U5: 0 | V5: 0 | W5: =Q5+T5 -> -0.0426427 | X5: =R5+U5 -> 17.8228 | Y5: -1.16997e-17 | Z5: -1.90803e-17 | AA5: 6.05227e-18 | AB5: -8.30007e-18 | AC5: -2.24799e-17 | AD5: 0.511939 | AE5: 7.94072e-05 | AF5: 9.67591e-05 | AG5: 0.000779351 | AH5: 0.16398 | AI5: -17.9784 | AJ5: 0.0178449 | AK5: 0 | AL5: 0 | AM5: 0 | AN5: =AH5+AK5 -> 0.16398 | AO5: =AI5+AL5 -> -17.9784 | AP5: -4.4207e-18 | AQ5: -3.96274e-18 | AR5: 5.66609e-18 | AS5: 1.49367e-18 | AT5: -9.87712e-18 | AU5: 0.806798 | AV5: 0.000117323 | AW5: 0.000116798 | AX5: 0.00115213 | AY5: 8.48689 | AZ5: 15.1324 | BA5: -0.107245 | BB5: 0 | BC5: 0 | BD5: 0 | BE5: =AY5+BB5 -> 8.48689 | BF5: =AZ5+BC5 -> 15.1324 | BG5: -3.79966e-17 | BH5: -2.36374e-17 | BI5: -5.54863e-18 | BJ5: -2.17287e-17 | BK5: -3.99054e-17 | BL5: -1.24177 | BM5: 0.000322327 | BN5: 0.000351077 | BO5: 0.00295653 | BP5: -8.52131 | BQ5: -14.4079 | BR5: -0.071984 | BS5: 0 | BT5: 0 | BU5: 0 | BV5: =BP5+BS5 -> -8.52131 | BW5: =BQ5+BT5 -> -14.4079 | BX5: -2.82959e-17 | BY5: -2.07333e-17 | BZ5: 1.98198e-18 | CA5: -2.0212e-17 | CB5: -2.88171e-17 | CC5: 1.32407 | CD5: 0.000108092 | CE5: 0.000126132 | CF5: 0.00114774 | CG5: -2095.45 | CH5: -2095.45 | CI5: -0.1795 | CJ5: -89.5404 | CK5: 0 | CL5: =R5-AI5 -> 35.8012 | CM5: =((W5-AN5)^2+(X5-AO5)^2)^0.5 -> 35.801796 | CN5: =(CM5-CL5)/CL5 -> 1.6654335e-05 | CO5: =(X5-AO5)/CM5 -> 0.99998335 | CP5: =ACOS(CO5) -> 0.0057713263 | CQ5: =(AN5-W5)/CM5 -> 0.0057712942 | CR5: =CJ5*CO5 -> -89.538909 | CS5: =-CR5/D$2/A$2 -> 0.21766624 | CT5: =H5*CO5^2+I5*CQ5^2+2*J5*CO5*CQ5 -> -1.4505721e-17 | CU5: =H5*CQ5^2+I5*CO5^2-2*J5*CO5*CQ5 -> -1.3378779e-17 | CV5: =2*((I5-H5)*CO5*CQ5+J5*(CO5^2-CQ5^2)) -> 5.4869663e-20 | CW5: =CT5*K$2^2+CU5*J$2^2+J$2*K$2*CV5 -> -1.3427704e-17 | CX5: =CT5*J$2^2+CU5*K$2^2-J$2*K$2*CV5 -> -1.4456796e-17 | CY5: =(2*(CU5-CT5)*J$2*K$2+CV5*(K$2^2-J$2^2)) -> 4.6257835e-19 | CZ5: =-CY5 -> -4.6257835e-19 | DA5: =-CK5*CL5 -> 0 | DB5: =G$2*DA5/CL5 -> 0 | DC5: =BP5-Q5 -> -8.4786673 | DD5: =BQ5-R5 -> -32.2307 | DE5: =(DC5^2+DD5^2)^0.5 -> 33.327253 | DF5: =AH5-AY5 -> -8.32291 | DG5: =AI5-AZ5 -> -33.1108 | DH5: =(DF5^2+DG5^2)^0.5 -> 34.140825 | DI5: =(DC5*DF5+DD5*DG5)/DE5/DH5 -> 0.99993982 | DJ5: =BV5-W5 -> -8.4786673 | DK5: =BW5-X5 -> -32.2307 | DL5: =(DJ5^2+DK5^2)^0.5 -> 33.327253 | DM5: =AN5-BE5 -> -8.32291 | DN5: =AO5-BF5 -> -33.1108 | DO5: =(DM5^2+DN5^2)^0.5 -> 34.140825 | DP5: =(DJ5*DM5+DK5*DN5)/DL5/DO5 -> 0.99993982 | DQ5: =(DJ5*DC5+DK5*DD5)/DE5/DL5 -> 1 | DR5: =(DM5*DF5+DN5*DG5)/DH5/DO5 -> 1 | DS5: =DJ5/DL5 -> -0.25440642 | DT5: =DK5/DL5 -> -0.9670974 | DU5: =DS5^2*H5+DT5^2*I5+2*DS5*DT5*J5 -> -1.3441176e-17 | DV5: =DT5^2*H5+DS5^2*I5-2*DS5*DT5*J5 -> -1.4443324e-17 | DW5: =2*((I5-H5)*DS5*DT5+(DS5^2-DT5^2)*J5) -> 5.1837067e-19 | DX5: =-DW5 -> -5.1837067e-19 | DZ5: =Q5-AY5 -> -8.5295327 | EA5: =R5-AZ5 -> 2.6904 | EB5: =(DZ5*DF5+EA5*DG5)/(DZ5^2+EA5^2)^0.5/(DF5^2+DG5^2)^0.5 -> -0.059246382 | EC5: =(DZ5^2+EA5^2)^0.5 -> 8.9437789 | ED5: =EC5*(1-EB5^2)^0.5 -> 8.9280681 | EE5: =W5-BE5 -> -8.5295327 | EF5: =X5-BF5 -> 2.6904 | EG5: =EE5-DZ5 -> 0 | EH5: =EF5-EA5 -> 0 | EI5: =(EG5^2+EH5^2)^0.5 -> 0 | EJ5: =EI5/ED5 -> 0
A6: 1 | B6: 0.00422635 | C6: 0.00853024 | D6: 8.51092e-05 | E6: -0.00172341 | F6: -0.000359031 | G6: 0.0117595 | H6: -2.05559e-05 | I6: -1.90194e-05 | J6: -2.52111e-05 | K6: 5.55421e-05 | L6: -9.51173e-05 | M6: -0.211617 | N6: 0.000100592 | O6: 0.000107273 | P6: 0.000946004 | Q6: -0.0426427 | R6: 17.8228 | S6: -0.0203832 | T6: -0.00376866 | U6: -0.00218908 | V6: 0.017635 | W6: =Q6+T6 -> -0.04641136 | X6: =R6+U6 -> 17.820611 | Y6: -0.000247777 | Z6: -0.000189405 | AA6: 9.22161e-05 | AB6: -0.000121789 | AC6: -0.000315393 | AD6: 0.938415 | AE6: 0.000102414 | AF6: 0.000120267 | AG6: 0.00095957 | AH6: 0.16398 | AI6: -17.9784 | AJ6: 0.0178449 | AK6: 0.000121972 | AL6: -0.00107493 | AM6: 0.00356335 | AN6: =AH6+AK6 -> 0.16410197 | AO6: =AI6+AL6 -> -17.979475 | AP6: 0.000122798 | AQ6: -0.000155863 | AR6: 0.00013018 | AS6: 0.000174468 | AT6: -0.000207533 | AU6: 0.37637 | AV6: 0.000111555 | AW6: 0.000107818 | AX6: 0.0010572 | AY6: 8.48689 | AZ6: 15.1324 | BA6: -0.107245 | BB6: -0.00449542 | BC6: -0.00159668 | BD6: 0.0215335 | BE6: =AY6+BB6 -> 8.4823946 | BF6: =AZ6+BC6 -> 15.130803 | BG6: -0.000238076 | BH6: -3.8812e-05 | BI6: -0.000205246 | BJ6: 8.9902e-05 | BK6: -0.00036679 | BL6: -1.0105 | BM6: 0.000108528 | BN6: 0.000124687 | BO6: 0.00102046 | BP6: -8.52131 | BQ6: -14.4079 | BR6: -0.071984 | BS6: -0.00058145 | BT6: -0.00185814 | BU6: 0.00650736 | BV6: =BP6+BS6 -> -8.5218915 | BW6: =BQ6+BT6 -> -14.409758 | BX6: -2.85875e-05 | BY6: 0.000213512 | BZ6: 6.61576e-06 | CA6: 0.00021371 | CB6: -2.8786e-05 | CC6: 1.54288 | CD6: 0.000104337 | CE6: 0.000109883 | CF6: 0.000984445 | CG6: -2091.71 | CH6: -2091.71 | CI6: -0.184 | CJ6: -91.8032 | CK6: -2.87585e-05 | CL6: =R6-AI6 -> 35.8012 | CM6: =((W6-AN6)^2+(X6-AO6)^2)^0.5 -> 35.800705 | CN6: =(CM6-CL6)/CL6 -> -1.3832503e-05 | CO6: =(X6-AO6)/CM6 -> 0.99998271 | CP6: =ACOS(CO6) -> 0.0058801788 | CQ6: =(AN6-W6)/CM6 -> 0.0058801449 | CR6: =CJ6*CO6 -> -91.801613 | CS6: =-CR6/D$2/A$2 -> 0.22316681 | CT6: =H6*CO6^2+I6*CQ6^2+2*J6*CO6*CQ6 -> -2.0852332e-05 | CU6: =H6*CQ6^2+I6*CO6^2-2*J6*CO6*CQ6 -> -1.8722968e-05 | CV6: =2*((I6-H6)*CO6*CQ6+J6*(CO6^2-CQ6^2)) -> -5.0400644e-05 | CW6: =CT6*K$2^2+CU6*J$2^2+J$2*K$2*CV6 -> -3.0276302e-05 | CX6: =CT6*J$2^2+CU6*K$2^2-J$2*K$2*CV6 -> -9.2989978e-06 | CY6: =(2*(CU6-CT6)*J$2*K$2+CV6*(K$2^2-J$2^2)) -> 4.5877138e-05 | CZ6: =-CY6 -> -4.5877138e-05 | DA6: =-CK6*CL6 -> 0.0010295888 | DB6: =G$2*DA6/CL6 -> 0.00012672912 | DC6: =BP6-Q6 -> -8.4786673 | DD6: =BQ6-R6 -> -32.2307 | DE6: =(DC6^2+DD6^2)^0.5 -> 33.327253 | DF6: =AH6-AY6 -> -8.32291 | DG6: =AI6-AZ6 -> -33.1108 | DH6: =(DF6^2+DG6^2)^0.5 -> 34.140825 | DI6: =(DC6*DF6+DD6*DG6)/DE6/DH6 -> 0.99993982 | DJ6: =BV6-W6 -> -8.4754801 | DK6: =BW6-X6 -> -32.230369 | DL6: =(DJ6^2+DK6^2)^0.5 -> 33.326123 | DM6: =AN6-BE6 -> -8.3182926 | DN6: =AO6-BF6 -> -33.110278 | DO6: =(DM6^2+DN6^2)^0.5 -> 34.139193 | DP6: =(DJ6*DM6+DK6*DN6)/DL6/DO6 -> 0.99993941 | DQ6: =(DJ6*DC6+DK6*DD6)/DE6/DL6 -> 1 | DR6: =(DM6*DF6+DN6*DG6)/DH6/DO6 -> 0.99999999 | DS6: =DJ6/DL6 -> -0.25431942 | DT6: =DK6/DL6 -> -0.96712028 | DU6: =DS6^2*H6+DT6^2*I6+2*DS6*DT6*J6 -> -3.1520495e-05 | DV6: =DT6^2*H6+DS6^2*I6-2*DS6*DT6*J6 -> -8.0548052e-06 | DW6: =2*((I6-H6)*DS6*DT6+(DS6^2-DT6^2)*J6) -> 4.4655576e-05 | DX6: =-DW6 -> -4.4655576e-05 | DZ6: =Q6-AY6 -> -8.5295327 | EA6: =R6-AZ6 -> 2.6904 | EB6: =(DZ6*DF6+EA6*DG6)/(DZ6^2+EA6^2)^0.5/(DF6^2+DG6^2)^0.5 -> -0.059246382 | EC6: =(DZ6^2+EA6^2)^0.5 -> 8.9437789 | ED6: =EC6*(1-EB6^2)^0.5 -> 8.9280681 | EE6: =W6-BE6 -> -8.5288059 | EF6: =X6-BF6 -> 2.6898076 | EG6: =EE6-DZ6 -> 0.00072676 | EH6: =EF6-EA6 -> -0.0005924 | EI6: =(EG6^2+EH6^2)^0.5 -> 0.00093761285 | EJ6: =EI6/ED6 -> 0.00010501856
A7: 2 | B7: 0.0030028 | C7: -0.00528478 | D7: 9.81668e-05 | E7: 0.00145144 | F7: -0.000929493 | G7: 0.0045131 | H7: -5.53285e-05 | I7: -1.47265e-05 | J7: 1.86591e-05 | K7: 4.14807e-05 | L7: -0.000111536 | M7: 0.218849 | N7: 0.000102495 | O7: 0.000109233 | P7: 0.000963288 | Q7: -0.0426427 | R7: 17.8228 | S7: -0.0203832 | T7: -0.000963696 | U7: -0.00159996 | V7: 0.00390228 | W7: =Q7+T7 -> -0.043606396 | X7: =R7+U7 -> 17.8212 | Y7: -0.000237203 | Z7: 6.81046e-05 | AA7: 7.76721e-05 | AB7: 8.68848e-05 | AC7: -0.000255984 | AD7: 1.33571 | AE7: 0.00010557 | AF7: 0.000123808 | AG7: 0.000988106 | AH7: 0.16398 | AI7: -17.9784 | AJ7: 0.0178449 | AK7: 0.00431278 | AL7: -0.00077484 | AM7: 0.00171976 | AN7: =AH7+AK7 -> 0.16829278 | AO7: =AI7+AL7 -> -17.979175 | AP7: -7.94496e-05 | AQ7: -0.00018141 | AR7: 0.000204764 | AS7: 8.06504e-05 | AT7: -0.00034151 | AU7: 0.663615 | AV7: 0.000115915 | AW7: 0.000111759 | AX7: 0.0010961 | AY7: 8.48689 | AZ7: 15.1324 | BA7: -0.107245 | BB7: -0.00242811 | BC7: -0.000167799 | BD7: 0.0233785 | BE7: =AY7+BB7 -> 8.4844619 | BF7: =AZ7+BC7 -> 15.132232 | BG7: -0.000495926 | BH7: 2.92376e-05 | BI7: -6.47581e-05 | BJ7: 3.71183e-05 | BK7: -0.000503806 | BL7: -1.44976 | BM7: 0.000114197 | BN7: 0.000131336 | BO7: 0.00107412 | BP7: -8.52131 | BQ7: -14.4079 | BR7: -0.071984 | BS7: 0.00316228 | BT7: -0.00246088 | BU7: -0.00207046 | BV7: =BP7+BS7 -> -8.5181477 | BW7: =BQ7+BT7 -> -14.410361 | BX7: 3.17528e-05 | BY7: 0.00025477 | BZ7: 2.48696e-05 | CA7: 0.000257775 | CB7: 2.87482e-05 | CC7: 1.46113 | CD7: 0.000106958 | CE7: 0.000112679 | CF7: 0.00100965 | CG7: -2091.08 | CH7: -2091.08 | CI7: -0.1991 | CJ7: -99.3996 | CK7: -2.16883e-05 | CL7: =R7-AI7 -> 35.8012 | CM7: =((W7-AN7)^2+(X7-AO7)^2)^0.5 -> 35.801002 | CN7: =(CM7-CL7)/CL7 -> -5.5310849e-06 | CO7: =(X7-AO7)/CM7 -> 0.99998248 | CP7: =ACOS(CO7) -> 0.0059188403 | CQ7: =(AN7-W7)/CM7 -> 0.0059188057 | CR7: =CJ7*CO7 -> -99.397859 | CS7: =-CR7/D$2/A$2 -> 0.24163304 | CT7: =H7*CO7^2+I7*CQ7^2+2*J7*CO7*CQ7 -> -5.5106202e-05 | CU7: =H7*CQ7^2+I7*CO7^2-2*J7*CO7*CQ7 -> -1.4948798e-05 | CV7: =2*((I7-H7)*CO7*CQ7+J7*(CO7^2-CQ7^2)) -> 3.7796208e-05 | CW7: =CT7*K$2^2+CU7*J$2^2+J$2*K$2*CV7 -> -8.5588362e-06 | CX7: =CT7*J$2^2+CU7*K$2^2-J$2*K$2*CV7 -> -6.1496164e-05 | CY7: =(2*(CU7-CT7)*J$2*K$2+CV7*(K$2^2-J$2^2)) -> -1.5453472e-05 | CZ7: =-CY7 -> 1.5453472e-05 | DA7: =-CK7*CL7 -> 0.00077646717 | DB7: =G$2*DA7/CL7 -> 9.5573109e-05 | DC7: =BP7-Q7 -> -8.4786673 | DD7: =BQ7-R7 -> -32.2307 | DE7: =(DC7^2+DD7^2)^0.5 -> 33.327253 | DF7: =AH7-AY7 -> -8.32291 | DG7: =AI7-AZ7 -> -33.1108 | DH7: =(DF7^2+DG7^2)^0.5 -> 34.140825 | DI7: =(DC7*DF7+DD7*DG7)/DE7/DH7 -> 0.99993982 | DJ7: =BV7-W7 -> -8.4745413 | DK7: =BW7-X7 -> -32.231561 | DL7: =(DJ7^2+DK7^2)^0.5 -> 33.327037 | DM7: =AN7-BE7 -> -8.3161691 | DN7: =AO7-BF7 -> -33.111407 | DO7: =(DM7^2+DN7^2)^0.5 -> 34.139771 | DP7: =(DJ7*DM7+DK7*DN7)/DL7/DO7 -> 0.99993906 | DQ7: =(DJ7*DC7+DK7*DD7)/DE7/DL7 -> 0.99999999 | DR7: =(DM7*DF7+DN7*DG7)/DH7/DO7 -> 0.99999998 | DS7: =DJ7/DL7 -> -0.25428427 | DT7: =DK7/DL7 -> -0.96712952 | DU7: =DS7^2*H7+DT7^2*I7+2*DS7*DT7*J7 -> -8.1743361e-06 | DV7: =DT7^2*H7+DS7^2*I7-2*DS7*DT7*J7 -> -6.1880664e-05 | DW7: =2*((I7-H7)*DS7*DT7+(DS7^2-DT7^2)*J7) -> -1.2522013e-05 | DX7: =-DW7 -> 1.2522013e-05 | DZ7: =Q7-AY7 -> -8.5295327 | EA7: =R7-AZ7 -> 2.6904 | EB7: =(DZ7*DF7+EA7*DG7)/(DZ7^2+EA7^2)^0.5/(DF7^2+DG7^2)^0.5 -> -0.059246382 | EC7: =(DZ7^2+EA7^2)^0.5 -> 8.9437789 | ED7: =EC7*(1-EB7^2)^0.5 -> 8.9280681 | EE7: =W7-BE7 -> -8.5280683 | EF7: =X7-BF7 -> 2.6889678 | EG7: =EE7-DZ7 -> 0.001464414 | EH7: =EF7-EA7 -> -0.001432161 | EI7: =(EG7^2+EH7^2)^0.5 -> 0.0020483148 | EJ7: =EI7/ED7 -> 0.00022942419
A8: 3 | B8: 0.00422635 | C8: 0.00853024 | D8: 8.51092e-05 | E8: 0.00604534 | F8: -0.00682197 | G8: -0.00355009 | H8: -0.00018315 | I8: -8.16554e-05 | J8: 3.2923e-05 | K8: -3.28914e-05 | L8: -0.000231914 | M8: 0.467935 | N8: 0.000104189 | O8: 0.000111056 | P8: 0.00097883 | Q8: -0.0426427 | R8: 17.8228 | S8: -0.0203832 | T8: 0.00271406 | U8: -0.0074638 | V8: 0.00192936 | W8: =Q8+T8 -> -0.03992864 | X8: =R8+U8 -> 17.815336 | Y8: -0.000271597 | Z8: 0.000234266 | AA8: 6.37193e-05 | AB8: 0.000242205 | AC8: -0.000279536 | AD8: 1.44714 | AE8: 0.000106747 | AF8: 0.000125178 | AG8: 0.000998993 | AH8: 0.16398 | AI8: -17.9784 | AJ8: 0.0178449 | AK8: 0.0100127 | AL8: -0.0046015 | AM8: -0.0068754 | AN8: =AH8+AK8 -> 0.1739927 | AO8: =AI8+AL8 -> -17.983002 | AP8: -0.000243134 | AQ8: -0.00017698 | AR8: 0.000117657 | AS8: -8.75107e-05 | AT8: -0.000332603 | AU8: 0.921537 | AV8: 0.000114475 | AW8: 0.000109928 | AX8: 0.0010785 | AY8: 8.48689 | AZ8: 15.1324 | BA8: -0.107245 | BB8: 0.00186836 | BC8: -0.00620668 | BD8: 0.00375484 | BE8: =AY8+BB8 -> 8.4887584 | BF8: =AZ8+BC8 -> 15.126193 | BG8: -0.000284346 | BH8: -4.46619e-05 | BI8: -0.00015936 | BJ8: 3.48936e-05 | BK8: -0.000363901 | BL8: -1.10764 | BM8: 0.000111104 | BN8: 0.000127835 | BO8: 0.00104527 | BP8: -8.52131 | BQ8: -14.4079 | BR8: -0.071984 | BS8: 0.0103603 | BT8: -0.00776595 | BU8: -0.0208214 | BV8: =BP8+BS8 -> -8.5109497 | BW8: =BQ8+BT8 -> -14.415666 | BX8: -7.03437e-07 | BY8: -0.000174497 | BZ8: -1.46199e-05 | CA8: 1.48679e-06 | CB8: -0.000176688 | CC8: -0.0803501 | CD8: 0.000104737 | CE8: 0.000109981 | CF8: 0.000985661 | CG8: -2090.58 | CH8: -2090.58 | CI8: -0.203 | CJ8: -101.339 | CK8: -7.89667e-05 | CL8: =R8-AI8 -> 35.8012 | CM8: =((W8-AN8)^2+(X8-AO8)^2)^0.5 -> 35.798977 | CN8: =(CM8-CL8)/CL8 -> -6.2096723e-05 | CO8: =(X8-AO8)/CM8 -> 0.99998215 | CP8: =ACOS(CO8) -> 0.0059756628 | CQ8: =(AN8-W8)/CM8 -> 0.0059756272 | CR8: =CJ8*CO8 -> -101.33719 | CS8: =-CR8/D$2/A$2 -> 0.24634749 | CT8: =H8*CO8^2+I8*CQ8^2+2*J8*CO8*CQ8 -> -0.00018275291 | CU8: =H8*CQ8^2+I8*CO8^2-2*J8*CO8*CQ8 -> -8.2052488e-05 | CV8: =2*((I8-H8)*CO8*CQ8+J8*(CO8^2-CQ8^2)) -> 6.7054264e-05 | CW8: =CT8*K$2^2+CU8*J$2^2+J$2*K$2*CV8 -> -7.2320379e-05 | CX8: =CT8*J$2^2+CU8*K$2^2-J$2*K$2*CV8 -> -0.00019248502 | CY8: =(2*(CU8-CT8)*J$2*K$2+CV8*(K$2^2-J$2^2)) -> -1.4046648e-05 | CZ8: =-CY8 -> 1.4046648e-05 | DA8: =-CK8*CL8 -> 0.0028271026 | DB8: =G$2*DA8/CL8 -> 0.00034797992 | DC8: =BP8-Q8 -> -8.4786673 | DD8: =BQ8-R8 -> -32.2307 | DE8: =(DC8^2+DD8^2)^0.5 -> 33.327253 | DF8: =AH8-AY8 -> -8.32291 | DG8: =AI8-AZ8 -> -33.1108 | DH8: =(DF8^2+DG8^2)^0.5 -> 34.140825 | DI8: =(DC8*DF8+DD8*DG8)/DE8/DH8 -> 0.99993982 | DJ8: =BV8-W8 -> -8.4710211 | DK8: =BW8-X8 -> -32.231002 | DL8: =(DJ8^2+DK8^2)^0.5 -> 33.325601 | DM8: =AN8-BE8 -> -8.3147657 | DN8: =AO8-BF8 -> -33.109195 | DO8: =(DM8^2+DN8^2)^0.5 -> 34.137283 | DP8: =(DJ8*DM8+DK8*DN8)/DL8/DO8 -> 0.99993987 | DQ8: =(DJ8*DC8+DK8*DD8)/DE8/DL8 -> 0.99999997 | DR8: =(DM8*DF8+DN8*DG8)/DH8/DO8 -> 0.99999998 | DS8: =DJ8/DL8 -> -0.25418959 | DT8: =DK8/DL8 -> -0.96715441 | DU8: =DS8^2*H8+DT8^2*I8+2*DS8*DT8*J8 -> -7.2025585e-05 | DV8: =DT8^2*H8+DS8^2*I8-2*DS8*DT8*J8 -> -0.00019277981 | DW8: =2*((I8-H8)*DS8*DT8+(DS8^2-DT8^2)*J8) -> -7.4340864e-06 | DX8: =-DW8 -> 7.4340864e-06 | DZ8: =Q8-AY8 -> -8.5295327 | EA8: =R8-AZ8 -> 2.6904 | EB8: =(DZ8*DF8+EA8*DG8)/(DZ8^2+EA8^2)^0.5/(DF8^2+DG8^2)^0.5 -> -0.059246382 | EC8: =(DZ8^2+EA8^2)^0.5 -> 8.9437789 | ED8: =EC8*(1-EB8^2)^0.5 -> 8.9280681 | EE8: =W8-BE8 -> -8.528687 | EF8: =X8-BF8 -> 2.6891429 | EG8: =EE8-DZ8 -> 0.0008457 | EH8: =EF8-EA8 -> -0.00125712 | EI8: =(EG8^2+EH8^2)^0.5 -> 0.0015151103 | EJ8: =EI8/ED8 -> 0.00016970192
A9: 4 | B9: 0.00422635 | C9: 0.00853024 | D9: 8.51092e-05 | E9: 0.00446163 | F9: -0.00596019 | G9: 0.00758031 | H9: -0.000151506 | I9: -0.000136954 | J9: 5.159e-05 | K9: -4.96442e-05 | L9: -0.000238816 | M9: 0.468373 | N9: 0.000103502 | O9: 0.000110213 | P9: 0.000971493 | Q9: -0.0426427 | R9: 17.8228 | S9: -0.0203832 | T9: 0.00062325 | U9: -0.0081627 | V9: 0.0126088 | W9: =Q9+T9 -> -0.04201945 | X9: =R9+U9 -> 17.814637 | Y9: -0.00028253 | Z9: -5.45562e-05 | AA9: 5.70023e-05 | AB9: -4.0903e-05 | AC9: -0.000296183 | AD9: 1.34075 | AE9: 0.000108204 | AF9: 0.000126625 | AG9: 0.0010105 | AH9: 0.16398 | AI9: -17.9784 | AJ9: 0.0178449 | AK9: 0.00739728 | AL9: -0.00286612 | AM9: -0.000778047 | AN9: =AH9+AK9 -> 0.17137728 | AO9: =AI9+AL9 -> -17.981266 | AP9: -0.000146077 | AQ9: -5.23171e-05 | AR9: 0.00023786 | AS9: 0.000143288 | AT9: -0.000341682 | AU9: 0.8827 | AV9: 0.000112181 | AW9: 0.000108107 | AX9: 0.00106034 | AY9: 8.48689 | AZ9: 15.1324 | BA9: -0.107245 | BB9: 4.2941e-05 | BC9: -0.00653347 | BD9: 0.0154435 | BE9: =AY9+BB9 -> 8.4869329 | BF9: =AZ9+BC9 -> 15.125867 | BG9: -0.000205002 | BH9: -0.000151158 | BI9: -4.92858e-05 | BJ9: -0.000121133 | BK9: -0.000235027 | BL9: -1.03602 | BM9: 0.000112022 | BN9: 0.00012886 | BO9: 0.00105374 | BP9: -8.52131 | BQ9: -14.4079 | BR9: -0.071984 | BS9: 0.00878857 | BT9: -0.006917 | BU9: -0.0101773 | BV9: =BP9+BS9 -> -8.5125214 | BW9: =BQ9+BT9 -> -14.414817 | BX9: -0.000310907 | BY9: -0.000144807 | BZ9: 7.60767e-05 | CA9: -0.000115043 | CB9: -0.000340671 | CC9: 1.20164 | CD9: 0.000109262 | CE9: 0.000114607 | CF9: 0.00102699 | CG9: -2090.46 | CH9: -2090.46 | CI9: -0.2095 | CJ9: -104.572 | CK9: -0.000146847 | CL9: =R9-AI9 -> 35.8012 | CM9: =((W9-AN9)^2+(X9-AO9)^2)^0.5 -> 35.796539 | CN9: =(CM9-CL9)/CL9 -> -0.00013017734 | CO9: =(X9-AO9)/CM9 -> 0.99998223 | CP9: =ACOS(CO9) -> 0.0059614141 | CQ9: =(AN9-W9)/CM9 -> 0.0059613788 | CR9: =CJ9*CO9 -> -104.57014 | CS9: =-CR9/D$2/A$2 -> 0.2542067 | CT9: =H9*CO9^2+I9*CQ9^2+2*J9*CO9*CQ9 -> -0.0001508904 | CU9: =H9*CQ9^2+I9*CO9^2-2*J9*CO9*CQ9 -> -0.0001375696 | CV9: =2*((I9-H9)*CO9*CQ9+J9*(CO9^2-CQ9^2)) -> 0.00010334616 | CW9: =CT9*K$2^2+CU9*J$2^2+J$2*K$2*CV9 -> -0.00011484286 | CX9: =CT9*J$2^2+CU9*K$2^2-J$2*K$2*CV9 -> -0.00017361714 | CY9: =(2*(CU9-CT9)*J$2*K$2+CV9*(K$2^2-J$2^2)) -> -8.6043345e-05 | CZ9: =-CY9 -> 8.6043345e-05 | DA9: =-CK9*CL9 -> 0.0052572988 | DB9: =G$2*DA9/CL9 -> 0.00064710578 | DC9: =BP9-Q9 -> -8.4786673 | DD9: =BQ9-R9 -> -32.2307 | DE9: =(DC9^2+DD9^2)^0.5 -> 33.327253 | DF9: =AH9-AY9 -> -8.32291 | DG9: =AI9-AZ9 -> -33.1108 | DH9: =(DF9^2+DG9^2)^0.5 -> 34.140825 | DI9: =(DC9*DF9+DD9*DG9)/DE9/DH9 -> 0.99993982 | DJ9: =BV9-W9 -> -8.470502 | DK9: =BW9-X9 -> -32.229454 | DL9: =(DJ9^2+DK9^2)^0.5 -> 33.323972 | DM9: =AN9-BE9 -> -8.3155557 | DN9: =AO9-BF9 -> -33.107133 | DO9: =(DM9^2+DN9^2)^0.5 -> 34.135476 | DP9: =(DJ9*DM9+DK9*DN9)/DL9/DO9 -> 0.99994031 | DQ9: =(DJ9*DC9+DK9*DD9)/DE9/DL9 -> 0.99999997 | DR9: =(DM9*DF9+DN9*DG9)/DH9/DO9 -> 0.99999998 | DS9: =DJ9/DL9 -> -0.25418644 | DT9: =DK9/DL9 -> -0.96715524 | DU9: =DS9^2*H9+DT9^2*I9+2*DS9*DT9*J9 -> -0.00011252868 | DV9: =DT9^2*H9+DS9^2*I9-2*DS9*DT9*J9 -> -0.00017593132 | DW9: =2*((I9-H9)*DS9*DT9+(DS9^2-DT9^2)*J9) -> -8.2692064e-05 | DX9: =-DW9 -> 8.2692064e-05 | DZ9: =Q9-AY9 -> -8.5295327 | EA9: =R9-AZ9 -> 2.6904 | EB9: =(DZ9*DF9+EA9*DG9)/(DZ9^2+EA9^2)^0.5/(DF9^2+DG9^2)^0.5 -> -0.059246382 | EC9: =(DZ9^2+EA9^2)^0.5 -> 8.9437789 | ED9: =EC9*(1-EB9^2)^0.5 -> 8.9280681 | EE9: =W9-BE9 -> -8.5289524 | EF9: =X9-BF9 -> 2.6887708 | EG9: =EE9-DZ9 -> 0.000580309 | EH9: =EF9-EA9 -> -0.00162923 | EI9: =(EG9^2+EH9^2)^0.5 -> 0.0017294938 | EJ9: =EI9/ED9 -> 0.00019371423
A10: 5 | B10: 0.00422635 | C10: 0.00853024 | D10: 8.51092e-05 | E10: 0.00502183 | F10: -0.00674605 | G10: -0.0182532 | H10: -1.95807e-05 | I10: -3.28198e-05 | J10: 2.93529e-05 | K10: 5.82508e-05 | L10: -0.000110651 | M10: 0.283082 | N10: 0.000103127 | O10: 0.000109854 | P10: 0.000968522 | Q10: -0.0426427 | R10: 17.8228 | S10: -0.0203832 | T10: 0.00131963 | U10: -0.00806513 | V10: -0.0229808 | W10: =Q10+T10 -> -0.04132307 | X10: =R10+U10 -> 17.814735 | Y10: -0.000180012 | Z10: 0.000355076 | AA10: 0.000189328 | AB10: 0.000415485 | AC10: -0.000240421 | AD10: 1.26258 | AE10: 0.00010207 | AF10: 0.000120137 | AG10: 0.000958732 | AH10: 0.16398 | AI10: -17.9784 | AJ10: 0.0178449 | AK10: 0.00872463 | AL10: -0.0060444 | AM10: -0.0138085 | AN10: =AH10+AK10 -> 0.17270463 | AO10: =AI10+AL10 -> -17.984444 | AP10: -0.000154116 | AQ10: -0.000158062 | AR10: 0.000120668 | AS10: -3.50928e-05 | AT10: -0.000277086 | AU10: 0.776137 | AV10: 0.000118142 | AW10: 0.000113412 | AX10: 0.00111276 | AY10: 8.48689 | AZ10: 15.1324 | BA10: -0.107245 | BB10: 0.00183867 | BC10: -0.00555405 | BD10: -0.0196013 | BE10: =AY10+BB10 -> 8.4887287 | BF10: =AZ10+BC10 -> 15.126846 | BG10: -2.41595e-05 | BH10: 9.16136e-05 | BI10: -0.00010146 | BJ10: 0.00015071 | BK10: -8.32558e-05 | BL10: -1.0432 | BM10: 0.000110734 | BN10: 0.000127385 | BO10: 0.00104169 | BP10: -8.52131 | BQ10: -14.4079 | BR10: -0.071984 | BS10: 0.00886278 | BT10: -0.00922082 | BU10: -0.022856 | BV10: =BP10+BS10 -> -8.5124472 | BW10: =BQ10+BT10 -> -14.417121 | BX10: -0.00012482 | BY10: 8.67948e-05 | BZ10: 2.59892e-05 | CA10: 8.99562e-05 | CB10: -0.000127981 | CC10: 1.45022 | CD10: 0.000105657 | CE10: 0.000109923 | CF10: 0.000985777 | CG10: -2090.15 | CH10: -2090.15 | CI10: -0.2111 | CJ10: -105.38 | CK10: -5.49272e-05 | CL10: =R10-AI10 -> 35.8012 | CM10: =((W10-AN10)^2+(X10-AO10)^2)^0.5 -> 35.799819 | CN10: =(CM10-CL10)/CL10 -> -3.8572632e-05 | CO10: =(X10-AO10)/CM10 -> 0.99998213 | CP10: =ACOS(CO10) -> 0.0059784932 | CQ10: =(AN10-W10)/CM10 -> 0.0059784576 | CR10: =CJ10*CO10 -> -105.37812 | CS10: =-CR10/D$2/A$2 -> 0.25617086 | CT10: =H10*CO10^2+I10*CQ10^2+2*J10*CO10*CQ10 -> -1.9230209e-05 | CU10: =H10*CQ10^2+I10*CO10^2-2*J10*CO10*CQ10 -> -3.3170291e-05 | CV10: =2*((I10-H10)*CO10*CQ10+J10*(CO10^2-CQ10^2)) -> 5.8543308e-05 | CW10: =CT10*K$2^2+CU10*J$2^2+J$2*K$2*CV10 -> -1.9125905e-05 | CX10: =CT10*J$2^2+CU10*K$2^2-J$2*K$2*CV10 -> -3.3274595e-05 | CY10: =(2*(CU10-CT10)*J$2*K$2+CV10*(K$2^2-J$2^2)) -> -5.8493241e-05 | CZ10: =-CY10 -> 5.8493241e-05 | DA10: =-CK10*CL10 -> 0.0019664597 | DB10: =G$2*DA10/CL10 -> 0.00024204586 | DC10: =BP10-Q10 -> -8.4786673 | DD10: =BQ10-R10 -> -32.2307 | DE10: =(DC10^2+DD10^2)^0.5 -> 33.327253 | DF10: =AH10-AY10 -> -8.32291 | DG10: =AI10-AZ10 -> -33.1108 | DH10: =(DF10^2+DG10^2)^0.5 -> 34.140825 | DI10: =(DC10*DF10+DD10*DG10)/DE10/DH10 -> 0.99993982 | DJ10: =BV10-W10 -> -8.4711241 | DK10: =BW10-X10 -> -32.231856 | DL10: =(DJ10^2+DK10^2)^0.5 -> 33.326453 | DM10: =AN10-BE10 -> -8.316024 | DN10: =AO10-BF10 -> -33.11129 | DO10: =(DM10^2+DN10^2)^0.5 -> 34.139622 | DP10: =(DJ10*DM10+DK10*DN10)/DL10/DO10 -> 0.99994014 | DQ10: =(DJ10*DC10+DK10*DD10)/DE10/DL10 -> 0.99999997 | DR10: =(DM10*DF10+DN10*DG10)/DH10/DO10 -> 0.99999998 | DS10: =DJ10/DL10 -> -0.25418619 | DT10: =DK10/DL10 -> -0.9671553 | DU10: =DS10^2*H10+DT10^2*I10+2*DS10*DT10*J10 -> -1.7532325e-05 | DV10: =DT10^2*H10+DS10^2*I10-2*DS10*DT10*J10 -> -3.4868175e-05 | DW10: =2*((I10-H10)*DS10*DT10+(DS10^2-DT10^2)*J10) -> -5.7629099e-05 | DX10: =-DW10 -> 5.7629099e-05 | DZ10: =Q10-AY10 -> -8.5295327 | EA10: =R10-AZ10 -> 2.6904 | EB10: =(DZ10*DF10+EA10*DG10)/(DZ10^2+EA10^2)^0.5/(DF10^2+DG10^2)^0.5 -> -0.059246382 | EC10: =(DZ10^2+EA10^2)^0.5 -> 8.9437789 | ED10: =EC10*(1-EB10^2)^0.5 -> 8.9280681 | EE10: =W10-BE10 -> -8.5300517 | EF10: =X10-BF10 -> 2.6878889 | EG10: =EE10-DZ10 -> -0.00051904 | EH10: =EF10-EA10 -> -0.00251108 | EI10: =(EG10^2+EH10^2)^0.5 -> 0.0025641617 | EJ10: =EI10/ED10 -> 0.0002872023
A11: 6 | B11: 0.00422635 | C11: 0.00853024 | D11: 8.51092e-05 | E11: 0.00601905 | F11: -0.00834383 | G11: 0.0115619 | H11: -9.46244e-05 | I11: -0.000114711 | J11: 6.02832e-05 | K11: -1.52069e-05 | L11: -0.000194128 | M11: 0.630422 | N11: 0.000105757 | O11: 0.000112543 | P11: 0.00099171 | Q11: -0.0426427 | R11: 17.8228 | S11: -0.0203832 | T11: 0.00160933 | U11: -0.0100077 | V11: 0.0124275 | W11: =Q11+T11 -> -0.04103337 | X11: =R11+U11 -> 17.812792 | Y11: -9.60365e-05 | Z11: 0.000100886 | AA11: 7.56648e-05 | AB11: 0.000126697 | AC11: -0.000121848 | AD11: 1.24349 | AE11: 0.000108123 | AF11: 0.000126539 | AG11: 0.00100984 | AH11: 0.16398 | AI11: -17.9784 | AJ11: 0.0178449 | AK11: 0.010203 | AL11: -0.00536926 | AM11: 0.0142575 | AN11: =AH11+AK11 -> 0.174183 | AO11: =AI11+AL11 -> -17.983769 | AP11: -0.000133706 | AQ11: -0.00030079 | AR11: 0.000162544 | AS11: -3.42571e-05 | AT11: -0.000400239 | AU11: 0.547557 | AV11: 0.000118429 | AW11: 0.0001139 | AX11: 0.00111728 | AY11: 8.48689 | AZ11: 15.1324 | BA11: -0.107245 | BB11: 0.000711442 | BC11: -0.0071623 | BD11: 0.0160916 | BE11: =AY11+BB11 -> 8.4876014 | BF11: =AZ11+BC11 -> 15.125238 | BG11: -0.000506914 | BH11: -0.000127587 | BI11: 7.09224e-05 | BJ11: -0.000114734 | BK11: -0.000519767 | BL11: 1.3911 | BM11: 0.000116216 | BN11: 0.000133642 | BO11: 0.00109311 | BP11: -8.52131 | BQ11: -14.4079 | BR11: -0.071984 | BS11: 0.0104511 | BT11: -0.00984055 | BU11: 0.00453579 | BV11: =BP11+BS11 -> -8.5108589 | BW11: =BQ11+BT11 -> -14.417741 | BX11: -0.000159388 | BY11: -0.000147057 | BZ11: 1.47619e-05 | CA11: -0.000136892 | CB11: -0.000169554 | CC11: 0.954893 | CD11: 0.000109247 | CE11: 0.000114524 | CF11: 0.00102631 | CG11: -2089.46 | CH11: -2089.46 | CI11: -0.2172 | CJ11: -108.451 | CK11: -0.000127421 | CL11: =R11-AI11 -> 35.8012 | CM11: =((W11-AN11)^2+(X11-AO11)^2)^0.5 -> 35.797209 | CN11: =(CM11-CL11)/CL11 -> -0.0001114902 | CO11: =(X11-AO11)/CM11 -> 0.99998193 | CP11: =ACOS(CO11) -> 0.0060121355 | CQ11: =(AN11-W11)/CM11 -> 0.0060120992 | CR11: =CJ11*CO11 -> -108.44904 | CS11: =-CR11/D$2/A$2 -> 0.26363617 | CT11: =H11*CO11^2+I11*CQ11^2+2*J11*CO11*CQ11 -> -9.3900282e-05 | CU11: =H11*CQ11^2+I11*CO11^2-2*J11*CO11*CQ11 -> -0.00011543512 | CV11: =2*((I11-H11)*CO11*CQ11+J11*(CO11^2-CQ11^2)) -> 0.00012031616 | CW11: =CT11*K$2^2+CU11*J$2^2+J$2*K$2*CV11 -> -8.6959054e-05 | CX11: =CT11*J$2^2+CU11*K$2^2-J$2*K$2*CV11 -> -0.00012237635 | CY11: =(2*(CU11-CT11)*J$2*K$2+CV11*(K$2^2-J$2^2)) -> -0.00011698437 | CZ11: =-CY11 -> 0.00011698437 | DA11: =-CK11*CL11 -> 0.0045618247 | DB11: =G$2*DA11/CL11 -> 0.00056150187 | DC11: =BP11-Q11 -> -8.4786673 | DD11: =BQ11-R11 -> -32.2307 | DE11: =(DC11^2+DD11^2)^0.5 -> 33.327253 | DF11: =AH11-AY11 -> -8.32291 | DG11: =AI11-AZ11 -> -33.1108 | DH11: =(DF11^2+DG11^2)^0.5 -> 34.140825 | DI11: =(DC11*DF11+DD11*DG11)/DE11/DH11 -> 0.99993982 | DJ11: =BV11-W11 -> -8.4698255 | DK11: =BW11-X11 -> -32.230533 | DL11: =(DJ11^2+DK11^2)^0.5 -> 33.324843 | DM11: =AN11-BE11 -> -8.3134184 | DN11: =AO11-BF11 -> -33.109007 | DO11: =(DM11^2+DN11^2)^0.5 -> 34.136773 | DP11: =(DJ11*DM11+DK11*DN11)/DL11/DO11 -> 0.99993981 | DQ11: =(DJ11*DC11+DK11*DD11)/DE11/DL11 -> 0.99999997 | DR11: =(DM11*DF11+DN11*DG11)/DH11/DO11 -> 0.99999997 | DS11: =DJ11/DL11 -> -0.2541595 | DT11: =DK11/DL11 -> -0.96716232 | DU11: =DS11^2*H11+DT11^2*I11+2*DS11*DT11*J11 -> -8.3776617e-05 | DV11: =DT11^2*H11+DS11^2*I11-2*DS11*DT11*J11 -> -0.00012555878 | DW11: =2*((I11-H11)*DS11*DT11+(DS11^2-DT11^2)*J11) -> -0.00011486505 | DX11: =-DW11 -> 0.00011486505 | DZ11: =Q11-AY11 -> -8.5295327 | EA11: =R11-AZ11 -> 2.6904 | EB11: =(DZ11*DF11+EA11*DG11)/(DZ11^2+EA11^2)^0.5/(DF11^2+DG11^2)^0.5 -> -0.059246382 | EC11: =(DZ11^2+EA11^2)^0.5 -> 8.9437789 | ED11: =EC11*(1-EB11^2)^0.5 -> 8.9280681 | EE11: =W11-BE11 -> -8.5286348 | EF11: =X11-BF11 -> 2.6875546 | EG11: =EE11-DZ11 -> 0.000897888 | EH11: =EF11-EA11 -> -0.0028454 | EI11: =(EG11^2+EH11^2)^0.5 -> 0.0029837064 | EJ11: =EI11/ED11 -> 0.00033419396
A12: 7 | B12: 0.00422635 | C12: 0.00853024 | D12: 8.51092e-05 | E12: 0.00330109 | F12: -0.00840234 | G12: 0.0228119 | H12: 4.32019e-05 | I12: -3.69059e-05 | J12: 3.5743e-05 | K12: 9.86555e-05 | L12: -9.23595e-05 | M12: 0.175728 | N12: 0.000104433 | O12: 0.00011115 | P12: 0.000979705 | Q12: -0.0426427 | R12: 17.8228 | S12: -0.0203832 | T12: -0.00277532 | U12: -0.00939524 | V12: 0.0221239 | W12: =Q12+T12 -> -0.04541802 | X12: =R12+U12 -> 17.813405 | Y12: -0.000125994 | Z12: 0.000395738 | AA12: -1.99215e-06 | AB12: 0.000395761 | AC12: -0.000126017 | AD12: -0.866121 | AE12: 0.000103657 | AF12: 0.000121846 | AG12: 0.000972381 | AH12: 0.16398 | AI12: -17.9784 | AJ12: 0.0178449 | AK12: 0.00884646 | AL12: -0.00746389 | AM12: 0.0204728 | AN12: =AH12+AK12 -> 0.17282646 | AO12: =AI12+AL12 -> -17.985864 | AP12: 4.5725e-05 | AQ12: -0.000159848 | AR12: 0.000222816 | AS12: 0.000188714 | AT12: -0.000302836 | AU12: 0.569001 | AV12: 0.000118904 | AW12: 0.000114212 | AX12: 0.00112041 | AY12: 8.48689 | AZ12: 15.1324 | BA12: -0.107245 | BB12: -0.00225988 | BC12: -0.00645975 | BD12: 0.0252374 | BE12: =AY12+BB12 -> 8.4846301 | BF12: =AZ12+BC12 -> 15.12594 | BG12: -0.000183631 | BH12: -6.35954e-06 | BI12: -0.000144591 | BJ12: 7.46169e-05 | BK12: -0.000264607 | BL12: -1.06052 | BM12: 0.000112181 | BN12: 0.00012886 | BO12: 0.00105471 | BP12: -8.52131 | BQ12: -14.4079 | BR12: -0.071984 | BS12: 0.00673243 | BT12: -0.0116907 | BU12: 0.0188905 | BV12: =BP12+BS12 -> -8.5145776 | BW12: =BQ12+BT12 -> -14.419591 | BX12: 0.000159108 | BY12: 5.89082e-05 | BZ12: 1.66271e-05 | CA12: 0.000162519 | CB12: 5.54976e-05 | CC12: 0.149996 | CD12: 0.000108902 | CE12: 0.000114611 | CF12: 0.00102678 | CG12: -2088.77 | CH12: -2088.77 | CI12: -0.2259 | CJ12: -112.815 | CK12: -5.34305e-05 | CL12: =R12-AI12 -> 35.8012 | CM12: =((W12-AN12)^2+(X12-AO12)^2)^0.5 -> 35.799934 | CN12: =(CM12-CL12)/CL12 -> -3.5365016e-05 | CO12: =(X12-AO12)/CM12 -> 0.99998142 | CP12: =ACOS(CO12) -> 0.0060962635 | CQ12: =(AN12-W12)/CM12 -> 0.0060962258 | CR12: =CJ12*CO12 -> -112.8129 | CS12: =-CR12/D$2/A$2 -> 0.27424459 | CT12: =H12*CO12^2+I12*CQ12^2+2*J12*CO12*CQ12 -> 4.363471e-05 | CU12: =H12*CQ12^2+I12*CO12^2-2*J12*CO12*CQ12 -> -3.733871e-05 | CV12: =2*((I12-H12)*CO12*CQ12+J12*(CO12^2-CQ12^2)) -> 7.0503994e-05 | CW12: =CT12*K$2^2+CU12*J$2^2+J$2*K$2*CV12 -> -1.6929266e-05 | CX12: =CT12*J$2^2+CU12*K$2^2-J$2*K$2*CV12 -> 2.3225266e-05 | CY12: =(2*(CU12-CT12)*J$2*K$2+CV12*(K$2^2-J$2^2)) -> -9.9574703e-05 | CZ12: =-CY12 -> 9.9574703e-05 | DA12: =-CK12*CL12 -> 0.001912876 | DB12: =G$2*DA12/CL12 -> 0.0002354504 | DC12: =BP12-Q12 -> -8.4786673 | DD12: =BQ12-R12 -> -32.2307 | DE12: =(DC12^2+DD12^2)^0.5 -> 33.327253 | DF12: =AH12-AY12 -> -8.32291 | DG12: =AI12-AZ12 -> -33.1108 | DH12: =(DF12^2+DG12^2)^0.5 -> 34.140825 | DI12: =(DC12*DF12+DD12*DG12)/DE12/DH12 -> 0.99993982 | DJ12: =BV12-W12 -> -8.4691596 | DK12: =BW12-X12 -> -32.232995 | DL12: =(DJ12^2+DK12^2)^0.5 -> 33.327056 | DM12: =AN12-BE12 -> -8.3118037 | DN12: =AO12-BF12 -> -33.111804 | DO12: =(DM12^2+DN12^2)^0.5 -> 34.139093 | DP12: =(DJ12*DM12+DK12*DN12)/DL12/DO12 -> 0.9999395 | DQ12: =(DJ12*DC12+DK12*DD12)/DE12/DL12 -> 0.99999996 | DR12: =(DM12*DF12+DN12*DG12)/DH12/DO12 -> 0.99999995 | DS12: =DJ12/DL12 -> -0.25412264 | DT12: =DK12/DL12 -> -0.967172 | DU12: =DS12^2*H12+DT12^2*I12+2*DS12*DT12*J12 -> -1.4162822e-05 | DV12: =DT12^2*H12+DS12^2*I12-2*DS12*DT12*J12 -> 2.0458822e-05 | DW12: =2*((I12-H12)*DS12*DT12+(DS12^2-DT12^2)*J12) -> -0.00010163095 | DX12: =-DW12 -> 0.00010163095 | DZ12: =Q12-AY12 -> -8.5295327 | EA12: =R12-AZ12 -> 2.6904 | EB12: =(DZ12*DF12+EA12*DG12)/(DZ12^2+EA12^2)^0.5/(DF12^2+DG12^2)^0.5 -> -0.059246382 | EC12: =(DZ12^2+EA12^2)^0.5 -> 8.9437789 | ED12: =EC12*(1-EB12^2)^0.5 -> 8.9280681 | EE12: =W12-BE12 -> -8.5300481 | EF12: =X12-BF12 -> 2.6874645 | EG12: =EE12-DZ12 -> -0.00051544 | EH12: =EF12-EA12 -> -0.00293549 | EI12: =(EG12^2+EH12^2)^0.5 -> 0.0029803993 | EJ12: =EI12/ED12 -> 0.00033382354
A13: 8 | B13: 0.00422635 | C13: 0.00853024 | D13: 8.51092e-05 | E13: 0.00610733 | F13: -0.0123885 | G13: -0.0181262 | H13: 8.67893e-05 | I13: -3.55209e-06 | J13: 5.40894e-05 | K13: 0.000147392 | L13: -6.41549e-05 | M13: 0.298408 | N13: 0.000105401 | O13: 0.000112316 | P13: 0.000990116 | Q13: -0.0426427 | R13: 17.8228 | S13: -0.0203832 | T13: 0.000189998 | U13: -0.0128922 | V13: -0.024303 | W13: =Q13+T13 -> -0.042452702 | X13: =R13+U13 -> 17.809908 | Y13: 8.12075e-05 | Z13: 4.34995e-05 | AA13: 5.79418e-05 | AB13: 0.000124685 | AC13: 2.18967e-08 | AD13: 0.627698 | AE13: 0.000105199 | AF13: 0.000123438 | AG13: 0.000985202 | AH13: 0.16398 | AI13: -17.9784 | AJ13: 0.0178449 | AK13: 0.011281 | AL13: -0.0117647 | AM13: -0.00934143 | AN13: =AH13+AK13 -> 0.175261 | AO13: =AI13+AL13 -> -17.990165 | AP13: -8.32861e-05 | AQ13: -0.000111637 | AR13: 0.000201533 | AS13: 0.000104689 | AT13: -0.000299611 | AU13: 0.749588 | AV13: 0.000119688 | AW13: 0.000115158 | AX13: 0.00112952 | AY13: 8.48689 | AZ13: 15.1324 | BA13: -0.107245 | BB13: 0.00133492 | BC13: -0.00976337 | BD13: -0.0274058 | BE13: =AY13+BB13 -> 8.4882249 | BF13: =AZ13+BC13 -> 15.122637 | BG13: -0.000324237 | BH13: 0.00014867 | BI13: -0.000182993 | BJ13: 0.000211268 | BK13: -0.000386836 | BL13: -1.24082 | BM13: 0.000113218 | BN13: 0.000130291 | BO13: 0.00106519 | BP13: -8.52131 | BQ13: -14.4079 | BR13: -0.071984 | BS13: 0.0101381 | BT13: -0.0164732 | BU13: -0.0157951 | BV13: =BP13+BS13 -> -8.5111719 | BW13: =BQ13+BT13 -> -14.424373 | BX13: 1.29558e-05 | BY13: 9.11888e-05 | BZ13: 1.09627e-05 | CA13: 9.33106e-05 | CB13: 1.0834e-05 | CC13: 1.03476 | CD13: 0.000105376 | CE13: 0.000110387 | CF13: 0.000989481 | CG13: -2087.97 | CH13: -2087.97 | CI13: -0.2352 | CJ13: -117.502 | CK13: -2.86784e-05 | CL13: =R13-AI13 -> 35.8012 | CM13: =((W13-AN13)^2+(X13-AO13)^2)^0.5 -> 35.800734 | CN13: =(CM13-CL13)/CL13 -> -1.3002544e-05 | CO13: =(X13-AO13)/CM13 -> 0.99998151 | CP13: =ACOS(CO13) -> 0.006081301 | CQ13: =(AN13-W13)/CM13 -> 0.0060812636 | CR13: =CJ13*CO13 -> -117.49983 | CS13: =-CR13/D$2/A$2 -> 0.28563835 | CT13: =H13*CO13^2+I13*CQ13^2+2*J13*CO13*CQ13 -> 8.7443811e-05 | CU13: =H13*CQ13^2+I13*CO13^2-2*J13*CO13*CQ13 -> -4.2066006e-06 | CV13: =2*((I13-H13)*CO13*CQ13+J13*(CO13^2-CQ13^2)) -> 0.00010707204 | CW13: =CT13*K$2^2+CU13*J$2^2+J$2*K$2*CV13 -> 2.5082689e-05 | CX13: =CT13*J$2^2+CU13*K$2^2-J$2*K$2*CV13 -> 5.8154521e-05 | CY13: =(2*(CU13-CT13)*J$2*K$2+CV13*(K$2^2-J$2^2)) -> -0.00013700538 | CZ13: =-CY13 -> 0.00013700538 | DA13: =-CK13*CL13 -> 0.0010267211 | DB13: =G$2*DA13/CL13 -> 0.00012637615 | DC13: =BP13-Q13 -> -8.4786673 | DD13: =BQ13-R13 -> -32.2307 | DE13: =(DC13^2+DD13^2)^0.5 -> 33.327253 | DF13: =AH13-AY13 -> -8.32291 | DG13: =AI13-AZ13 -> -33.1108 | DH13: =(DF13^2+DG13^2)^0.5 -> 34.140825 | DI13: =(DC13*DF13+DD13*DG13)/DE13/DH13 -> 0.99993982 | DJ13: =BV13-W13 -> -8.4687192 | DK13: =BW13-X13 -> -32.234281 | DL13: =(DJ13^2+DK13^2)^0.5 -> 33.328187 | DM13: =AN13-BE13 -> -8.3129639 | DN13: =AO13-BF13 -> -33.112801 | DO13: =(DM13^2+DN13^2)^0.5 -> 34.140342 | DP13: =(DJ13*DM13+DK13*DN13)/DL13/DO13 -> 0.99994003 | DQ13: =(DJ13*DC13+DK13*DD13)/DE13/DL13 -> 0.99999995 | DR13: =(DM13*DF13+DN13*DG13)/DH13/DO13 -> 0.99999996 | DS13: =DJ13/DL13 -> -0.2541008 | DT13: =DK13/DL13 -> -0.96717774 | DU13: =DS13^2*H13+DT13^2*I13+2*DS13*DT13*J13 -> 2.8867093e-05 | DV13: =DT13^2*H13+DS13^2*I13-2*DS13*DT13*J13 -> 5.4370117e-05 | DW13: =2*((I13-H13)*DS13*DT13+(DS13^2-DT13^2)*J13) -> -0.00013861391 | DX13: =-DW13 -> 0.00013861391 | DZ13: =Q13-AY13 -> -8.5295327 | EA13: =R13-AZ13 -> 2.6904 | EB13: =(DZ13*DF13+EA13*DG13)/(DZ13^2+EA13^2)^0.5/(DF13^2+DG13^2)^0.5 -> -0.059246382 | EC13: =(DZ13^2+EA13^2)^0.5 -> 8.9437789 | ED13: =EC13*(1-EB13^2)^0.5 -> 8.9280681 | EE13: =W13-BE13 -> -8.5306776 | EF13: =X13-BF13 -> 2.6872712 | EG13: =EE13-DZ13 -> -0.001144922 | EH13: =EF13-EA13 -> -0.00312883 | EI13: =(EG13^2+EH13^2)^0.5 -> 0.0033317298 | EJ13: =EI13/ED13 -> 0.00037317477
A14: 9 | B14: 0.00422635 | C14: 0.00853024 | D14: 8.51092e-05 | E14: 0.0033534 | F14: -0.0130856 | G14: 0.0108568 | H14: -6.41582e-05 | I14: -7.12419e-05 | J14: 6.38185e-05 | K14: 2.9933e-05 | L14: -0.000165333 | M14: 0.552492 | N14: 0.000106414 | O14: 0.000113424 | P14: 0.000999911 | Q14: -0.0426427 | R14: 17.8228 | S14: -0.0203832 | T14: -0.00371324 | U14: -0.0146853 | V14: 0.0118939 | W14: =Q14+T14 -> -0.04635594 | X14: =R14+U14 -> 17.808115 | Y14: -2.67143e-05 | Z14: 0.000106995 | AA14: 4.85356e-05 | AB14: 0.000123391 | AC14: -4.31109e-05 | AD14: 1.25425 | AE14: 0.000105809 | AF14: 0.000124588 | AG14: 0.000994371 | AH14: 0.16398 | AI14: -17.9784 | AJ14: 0.0178449 | AK14: 0.0100148 | AL14: -0.0113706 | AM14: 0.00346319 | AN14: =AH14+AK14 -> 0.1739948 | AO14: =AI14+AL14 -> -17.989771 | AP14: -0.000379376 | AQ14: -0.000359269 | AR14: 0.00036576 | AS14: -3.39918e-06 | AT14: -0.000735246 | AU14: 0.799247 | AV14: 0.000123055 | AW14: 0.000118658 | AX14: 0.00116361 | AY14: 8.48689 | AZ14: 15.1324 | BA14: -0.107245 | BB14: -0.00419141 | BC14: -0.0103892 | BD14: 0.0214563 | BE14: =AY14+BB14 -> 8.4826986 | BF14: =AZ14+BC14 -> 15.122011 | BG14: -0.000424514 | BH14: 2.05062e-06 | BI14: -0.000169237 | BJ14: 6.12068e-05 | BK14: -0.00048367 | BL14: -1.23452 | BM14: 0.000115448 | BN14: 0.000132966 | BO14: 0.00108644 | BP14: -8.52131 | BQ14: -14.4079 | BR14: -0.071984 | BS14: 0.00938063 | BT14: -0.0167949 | BU14: -0.000948911 | BV14: =BP14+BS14 -> -8.5119294 | BW14: =BQ14+BT14 -> -14.424695 | BX14: -2.56385e-05 | BY14: 0.000110619 | BZ14: 8.10349e-06 | CA14: 0.000112255 | CB14: -2.72746e-05 | CC14: 1.10005 | CD14: 0.000107134 | CE14: 0.000111582 | CF14: 0.00100065 | CG14: -2087.34 | CH14: -2087.34 | CI14: -0.2443 | CJ14: -122.027 | CK14: -9.08015e-05 | CL14: =R14-AI14 -> 35.8012 | CM14: =((W14-AN14)^2+(X14-AO14)^2)^0.5 -> 35.798563 | CN14: =(CM14-CL14)/CL14 -> -7.3643666e-05 | CO14: =(X14-AO14)/CM14 -> 0.99998106 | CP14: =ACOS(CO14) -> 0.0061553345 | CQ14: =(AN14-W14)/CM14 -> 0.0061552956 | CR14: =CJ14*CO14 -> -122.02469 | CS14: =-CR14/D$2/A$2 -> 0.29663814 | CT14: =H14*CO14^2+I14*CQ14^2+2*J14*CO14*CQ14 -> -6.337284e-05 | CU14: =H14*CQ14^2+I14*CO14^2-2*J14*CO14*CQ14 -> -7.202726e-05 | CV14: =2*((I14-H14)*CO14*CQ14+J14*(CO14^2-CQ14^2)) -> 0.00012754013 | CW14: =CT14*K$2^2+CU14*J$2^2+J$2*K$2*CV14 -> -4.2613375e-05 | CX14: =CT14*J$2^2+CU14*K$2^2-J$2*K$2*CV14 -> -9.2786725e-05 | CY14: =(2*(CU14-CT14)*J$2*K$2+CV14*(K$2^2-J$2^2)) -> -0.00011757558 | CZ14: =-CY14 -> 0.00011757558 | DA14: =-CK14*CL14 -> 0.0032508027 | DB14: =G$2*DA14/CL14 -> 0.00040013194 | DC14: =BP14-Q14 -> -8.4786673 | DD14: =BQ14-R14 -> -32.2307 | DE14: =(DC14^2+DD14^2)^0.5 -> 33.327253 | DF14: =AH14-AY14 -> -8.32291 | DG14: =AI14-AZ14 -> -33.1108 | DH14: =(DF14^2+DG14^2)^0.5 -> 34.140825 | DI14: =(DC14*DF14+DD14*DG14)/DE14/DH14 -> 0.99993982 | DJ14: =BV14-W14 -> -8.4655734 | DK14: =BW14-X14 -> -32.23281 | DL14: =(DJ14^2+DK14^2)^0.5 -> 33.325965 | DM14: =AN14-BE14 -> -8.3087038 | DN14: =AO14-BF14 -> -33.111781 | DO14: =(DM14^2+DN14^2)^0.5 -> 34.138316 | DP14: =(DJ14*DM14+DK14*DN14)/DL14/DO14 -> 0.99993967 | DQ14: =(DJ14*DC14+DK14*DD14)/DE14/DL14 -> 0.99999992 | DR14: =(DM14*DF14+DN14*DG14)/DH14/DO14 -> 0.99999992 | DS14: =DJ14/DL14 -> -0.25402335 | DT14: =DK14/DL14 -> -0.96719808 | DU14: =DS14^2*H14+DT14^2*I14+2*DS14*DT14*J14 -> -3.9425554e-05 | DV14: =DT14^2*H14+DS14^2*I14-2*DS14*DT14*J14 -> -9.5974546e-05 | DW14: =2*((I14-H14)*DS14*DT14+(DS14^2-DT14^2)*J14) -> -0.00011464552 | DX14: =-DW14 -> 0.00011464552 | DZ14: =Q14-AY14 -> -8.5295327 | EA14: =R14-AZ14 -> 2.6904 | EB14: =(DZ14*DF14+EA14*DG14)/(DZ14^2+EA14^2)^0.5/(DF14^2+DG14^2)^0.5 -> -0.059246382 | EC14: =(DZ14^2+EA14^2)^0.5 -> 8.9437789 | ED14: =EC14*(1-EB14^2)^0.5 -> 8.9280681 | EE14: =W14-BE14 -> -8.5290545 | EF14: =X14-BF14 -> 2.6861039 | EG14: =EE14-DZ14 -> 0.00047817 | EH14: =EF14-EA14 -> -0.0042961 | EI14: =(EG14^2+EH14^2)^0.5 -> 0.004322629 | EJ14: =EI14/ED14 -> 0.00048416174
A15: 10 | B15: 0.00422635 | C15: 0.00853024 | D15: 8.51092e-05 | E15: 0.00385724 | F15: -0.0138684 | G15: 0.00883446 | H15: -2.69018e-06 | I15: -7.22729e-05 | J15: 1.70037e-05 | K15: 5.61148e-05 | L15: -0.000131078 | M15: 0.103074 | N15: 0.000105522 | O15: 0.000112366 | P15: 0.000990541 | Q15: -0.0426427 | R15: 17.8228 | S15: -0.0203832 | T15: -0.00469949 | U15: -0.0156974 | V15: 0.0124529 | W15: =Q15+T15 -> -0.04734219 | X15: =R15+U15 -> 17.807103 | Y15: -0.000101909 | Z15: -0.000129734 | AA15: 0.000108388 | AB15: -6.31567e-06 | AC15: -0.000225328 | AD15: 0.722905 | AE15: 0.000106146 | AF15: 0.000124748 | AG15: 0.000995419 | AH15: 0.16398 | AI15: -17.9784 | AJ15: 0.0178449 | AK15: 0.0117684 | AL15: -0.0120783 | AM15: 0.00219783 | AN15: =AH15+AK15 -> 0.1757484 | AO15: =AI15+AL15 -> -17.990478 | AP15: -0.00023694 | AQ15: 8.19155e-05 | AR15: 0.000303765 | AS15: 0.000265571 | AT15: -0.000420596 | AU15: 1.02699 | AV15: 0.000118195 | AW15: 0.000113821 | AX15: 0.0011164 | AY15: 8.48689 | AZ15: 15.1324 | BA15: -0.107245 | BB15: -0.0039836 | BC15: -0.0117838 | BD15: 0.013391 | BE15: =AY15+BB15 -> 8.4829064 | BF15: =AZ15+BC15 -> 15.120616 | BG15: -0.000130962 | BH15: -1.01977e-05 | BI15: -0.000224506 | BJ15: 0.000162405 | BK15: -0.000303565 | BL15: -0.915497 | BM15: 0.000114617 | BN15: 0.000131659 | BO15: 0.00107766 | BP15: -8.52131 | BQ15: -14.4079 | BR15: -0.071984 | BS15: 0.0102282 | BT15: -0.0175199 | BU15: -0.00439541 | BV15: =BP15+BS15 -> -8.5110818 | BW15: =BQ15+BT15 -> -14.42542 | BX15: 0.000178223 | BY15: 0.000126605 | BZ15: 0.000118451 | CA15: 0.000273731 | CB15: 3.10971e-05 | CC15: 0.678031 | CD15: 0.00011098 | CE15: 0.000115916 | CF15: 0.0010393 | CG15: -2086.9 | CH15: -2086.9 | CI15: -0.241 | CJ15: -120.411 | CK15: -9.91797e-05 | CL15: =R15-AI15 -> 35.8012 | CM15: =((W15-AN15)^2+(X15-AO15)^2)^0.5 -> 35.798276 | CN15: =(CM15-CL15)/CL15 -> -8.1672018e-05 | CO15: =(X15-AO15)/CM15 -> 0.99998058 | CP15: =ACOS(CO15) -> 0.0062319212 | CQ15: =(AN15-W15)/CM15 -> 0.0062318808 | CR15: =CJ15*CO15 -> -120.40866 | CS15: =-CR15/D$2/A$2 -> 0.29270963 | CT15: =H15*CO15^2+I15*CQ15^2+2*J15*CO15*CQ15 -> -2.4809564e-06 | CU15: =H15*CQ15^2+I15*CO15^2-2*J15*CO15*CQ15 -> -7.2482124e-05 | CV15: =2*((I15-H15)*CO15*CQ15+J15*(CO15^2-CQ15^2)) -> 3.3137513e-05 | CW15: =CT15*K$2^2+CU15*J$2^2+J$2*K$2*CV15 -> -6.1149795e-05 | CX15: =CT15*J$2^2+CU15*K$2^2-J$2*K$2*CV15 -> -1.3813285e-05 | CY15: =(2*(CU15-CT15)*J$2*K$2+CV15*(K$2^2-J$2^2)) -> -6.1298556e-05 | CZ15: =-CY15 -> 6.1298556e-05 | DA15: =-CK15*CL15 -> 0.0035507523 | DB15: =G$2*DA15/CL15 -> 0.00043705188 | DC15: =BP15-Q15 -> -8.4786673 | DD15: =BQ15-R15 -> -32.2307 | DE15: =(DC15^2+DD15^2)^0.5 -> 33.327253 | DF15: =AH15-AY15 -> -8.32291 | DG15: =AI15-AZ15 -> -33.1108 | DH15: =(DF15^2+DG15^2)^0.5 -> 34.140825 | DI15: =(DC15*DF15+DD15*DG15)/DE15/DH15 -> 0.99993982 | DJ15: =BV15-W15 -> -8.4637396 | DK15: =BW15-X15 -> -32.232523 | DL15: =(DJ15^2+DK15^2)^0.5 -> 33.325222 | DM15: =AN15-BE15 -> -8.307158 | DN15: =AO15-BF15 -> -33.111095 | DO15: =(DM15^2+DN15^2)^0.5 -> 34.137274 | DP15: =(DJ15*DM15+DK15*DN15)/DL15/DO15 -> 0.9999398 | DQ15: =(DJ15*DC15+DK15*DD15)/DE15/DL15 -> 0.9999999 | DR15: =(DM15*DF15+DN15*DG15)/DH15/DO15 -> 0.9999999 | DS15: =DJ15/DL15 -> -0.25397399 | DT15: =DK15/DL15 -> -0.96721105 | DU15: =DS15^2*H15+DT15^2*I15+2*DS15*DT15*J15 -> -5.9430823e-05 | DV15: =DT15^2*H15+DS15^2*I15-2*DS15*DT15*J15 -> -1.5532257e-05 | DW15: =2*((I15-H15)*DS15*DT15+(DS15^2-DT15^2)*J15) -> -6.3805752e-05 | DX15: =-DW15 -> 6.3805752e-05 | DZ15: =Q15-AY15 -> -8.5295327 | EA15: =R15-AZ15 -> 2.6904 | EB15: =(DZ15*DF15+EA15*DG15)/(DZ15^2+EA15^2)^0.5/(DF15^2+DG15^2)^0.5 -> -0.059246382 | EC15: =(DZ15^2+EA15^2)^0.5 -> 8.9437789 | ED15: =EC15*(1-EB15^2)^0.5 -> 8.9280681 | EE15: =W15-BE15 -> -8.5302486 | EF15: =X15-BF15 -> 2.6864864 | EG15: =EE15-DZ15 -> -0.00071589 | EH15: =EF15-EA15 -> -0.0039136 | EI15: =(EG15^2+EH15^2)^0.5 -> 0.0039785379 | EJ15: =EI15/ED15 -> 0.00044562136
A16: 11 | B16: 0.00422635 | C16: 0.00853024 | D16: 8.51092e-05 | E16: 0.00275402 | F16: -0.0190402 | G16: -9.69292e-05 | H16: -9.70012e-06 | I16: -3.55188e-05 | J16: 7.3066e-05 | K16: 7.23308e-05 | L16: -0.00011755 | M16: 0.472858 | N16: 0.000106412 | O16: 0.000113508 | P16: 0.00100086 | Q16: -0.0426427 | R16: 17.8228 | S16: -0.0203832 | T16: -0.00568033 | U16: -0.0200209 | V16: 0.0058375 | W16: =Q16+T16 -> -0.04832303 | X16: =R16+U16 -> 17.802779 | Y16: -0.000221553 | Z16: -9.93911e-05 | AA16: 0.0002187 | AB16: 6.67334e-05 | AC16: -0.000387677 | AD16: 0.921221 | AE16: 0.000109183 | AF16: 0.000128488 | AG16: 0.00102526 | AH16: 0.16398 | AI16: -17.9784 | AJ16: 0.0178449 | AK16: 0.010599 | AL16: -0.0179304 | AM16: -0.00588423 | AN16: =AH16+AK16 -> 0.174579 | AO16: =AI16+AL16 -> -17.99633 | AP16: -8.73953e-05 | AQ16: -0.000178713 | AR16: 0.000241494 | AS16: 0.000112764 | AT16: -0.000378873 | AU16: 0.692224 | AV16: 0.000120705 | AW16: 0.000116106 | AX16: 0.00113896 | AY16: 8.48689 | AZ16: 15.1324 | BA16: -0.107245 | BB16: -0.00485717 | BC16: -0.0149945 | BD16: 0.0101118 | BE16: =AY16+BB16 -> 8.4820328 | BF16: =AZ16+BC16 -> 15.117406 | BG16: -0.000211312 | BH16: 9.9272e-05 | BI16: -1.30064e-05 | BJ16: 9.98665e-05 | BK16: -0.000211907 | BL16: -1.52764 | BM16: 0.000111771 | BN16: 0.00012828 | BO16: 0.00105059 | BP16: -8.52131 | BQ16: -14.4079 | BR16: -0.071984 | BS16: 0.00911506 | BT16: -0.0240791 | BU16: -0.0114567 | BV16: =BP16+BS16 -> -8.5121949 | BW16: =BQ16+BT16 -> -14.431979 | BX16: -2.00571e-05 | BY16: -6.49446e-05 | BZ16: 2.40016e-05 | CA16: -7.74599e-06 | CB16: -7.72558e-05 | CC16: 0.389717 | CD16: 0.000106674 | CE16: 0.000112493 | CF16: 0.00100774 | CG16: -2085.97 | CH16: -2085.97 | CI16: -0.2559 | CJ16: -127.846 | CK16: -5.5986e-05 | CL16: =R16-AI16 -> 35.8012 | CM16: =((W16-AN16)^2+(X16-AO16)^2)^0.5 -> 35.799803 | CN16: =(CM16-CL16)/CL16 -> -3.9008762e-05 | CO16: =(X16-AO16)/CM16 -> 0.99998062 | CP16: =ACOS(CO16) -> 0.0062263881 | CQ16: =(AN16-W16)/CM16 -> 0.0062263479 | CR16: =CJ16*CO16 -> -127.84352 | CS16: =-CR16/D$2/A$2 -> 0.31078354 | CT16: =H16*CO16^2+I16*CQ16^2+2*J16*CO16*CQ16 -> -8.7912699e-06 | CU16: =H16*CQ16^2+I16*CO16^2-2*J16*CO16*CQ16 -> -3.642765e-05 | CV16: =2*((I16-H16)*CO16*CQ16+J16*(CO16^2-CQ16^2)) -> 0.00014579916 | CW16: =CT16*K$2^2+CU16*J$2^2+J$2*K$2*CV16 -> -1.8364485e-06 | CX16: =CT16*J$2^2+CU16*K$2^2-J$2*K$2*CV16 -> -4.3382471e-05 | CY16: =(2*(CU16-CT16)*J$2*K$2+CV16*(K$2^2-J$2^2)) -> -0.00014246085 | CZ16: =-CY16 -> 0.00014246085 | DA16: =-CK16*CL16 -> 0.002004366 | DB16: =G$2*DA16/CL16 -> 0.00024671164 | DC16: =BP16-Q16 -> -8.4786673 | DD16: =BQ16-R16 -> -32.2307 | DE16: =(DC16^2+DD16^2)^0.5 -> 33.327253 | DF16: =AH16-AY16 -> -8.32291 | DG16: =AI16-AZ16 -> -33.1108 | DH16: =(DF16^2+DG16^2)^0.5 -> 34.140825 | DI16: =(DC16*DF16+DD16*DG16)/DE16/DH16 -> 0.99993982 | DJ16: =BV16-W16 -> -8.4638719 | DK16: =BW16-X16 -> -32.234758 | DL16: =(DJ16^2+DK16^2)^0.5 -> 33.327418 | DM16: =AN16-BE16 -> -8.3074538 | DN16: =AO16-BF16 -> -33.113736 | DO16: =(DM16^2+DN16^2)^0.5 -> 34.139908 | DP16: =(DJ16*DM16+DK16*DN16)/DL16/DO16 -> 0.99993983 | DQ16: =(DJ16*DC16+DK16*DD16)/DE16/DL16 -> 0.99999989 | DR16: =(DM16*DF16+DN16*DG16)/DH16/DO16 -> 0.99999989 | DS16: =DJ16/DL16 -> -0.25396123 | DT16: =DK16/DL16 -> -0.9672144 | DU16: =DS16^2*H16+DT16^2*I16+2*DS16*DT16*J16 -> 2.041537e-06 | DV16: =DT16^2*H16+DS16^2*I16-2*DS16*DT16*J16 -> -4.7260457e-05 | DW16: =2*((I16-H16)*DS16*DT16+(DS16^2-DT16^2)*J16) -> -0.00013996599 | DX16: =-DW16 -> 0.00013996599 | DZ16: =Q16-AY16 -> -8.5295327 | EA16: =R16-AZ16 -> 2.6904 | EB16: =(DZ16*DF16+EA16*DG16)/(DZ16^2+EA16^2)^0.5/(DF16^2+DG16^2)^0.5 -> -0.059246382 | EC16: =(DZ16^2+EA16^2)^0.5 -> 8.9437789 | ED16: =EC16*(1-EB16^2)^0.5 -> 8.9280681 | EE16: =W16-BE16 -> -8.5303559 | EF16: =X16-BF16 -> 2.6853736 | EG16: =EE16-DZ16 -> -0.00082316 | EH16: =EF16-EA16 -> -0.0050264 | EI16: =(EG16^2+EH16^2)^0.5 -> 0.0050933574 | EJ16: =EI16/ED16 -> 0.00057048818
... A45: 40 | B45: 0.00422635 | C45: 0.00853024 | D45: 8.51092e-05 | E45: -0.036698 | F45: -0.126697 | G45: 0.0311551 | H45: 0.000279468 | I45: -0.000334135 | J45: 0.00057734 | K45: 0.000635327 | L45: -0.000689993 | M45: 0.543258 | N45: 0.000107946 | O45: 0.000115202 | P45: 0.00101432 | Q45: -0.0426427 | R45: 17.8228 | S45: -0.0203832 | T45: -0.0767722 | U45: -0.133992 | V45: 0.0415776 | W45: =Q45+T45 -> -0.1194149 | X45: =R45+U45 -> 17.688808 | Y45: 0.000285005 | Z45: -0.000361149 | AA45: 0.0010028 | AB45: 0.0010157 | AC45: -0.00109185 | AD45: 0.629952 | AE45: 0.000106348 | AF45: 0.000125102 | AG45: 0.000998418 | AH45: 0.16398 | AI45: -17.9784 | AJ45: 0.0178449 | AK45: 0.00433929 | AL45: -0.117465 | AM45: 0.0310928 | AN45: =AH45+AK45 -> 0.16831929 | AO45: =AI45+AL45 -> -18.095865 | AP45: -0.000448797 | AQ45: -0.000675675 | AR45: 0.000827626 | AS45: 0.000273449 | AT45: -0.00139792 | AU45: 0.717057 | AV45: 0.000118459 | AW45: 0.000114032 | AX45: 0.0011186 | AY45: 8.48689 | AZ45: 15.1324 | BA45: -0.107245 | BB45: -0.0701943 | BC45: -0.101631 | BD45: 0.0827149 | BE45: =AY45+BB45 -> 8.4166957 | BF45: =AZ45+BC45 -> 15.030769 | BG45: -0.000258882 | BH45: -0.00010768 | BI45: 0.000287204 | BJ45: 0.000114889 | BK45: -0.000481451 | BL45: 0.915981 | BM45: 0.000121251 | BN45: 0.000140449 | BO45: 0.00114333 | BP45: -8.52131 | BQ45: -14.4079 | BR45: -0.071984 | BS45: -0.00461673 | BT45: -0.15176 | BU45: -0.018061 | BV45: =BP45+BS45 -> -8.5259267 | BW45: =BQ45+BT45 -> -14.55966 | BX45: 2.84125e-06 | BY45: -3.64671e-05 | BZ45: 0.000278403 | CA45: 0.000262857 | CB45: -0.000296483 | CC45: 0.752249 | CD45: 0.000109035 | CE45: 0.000115315 | CF45: 0.00103268 | CG45: -2059.39 | CH45: -2059.39 | CI45: -0.5237 | CJ45: -262.158 | CK45: -0.000445374 | CL45: =R45-AI45 -> 35.8012 | CM45: =((W45-AN45)^2+(X45-AO45)^2)^0.5 -> 35.78583 | CN45: =(CM45-CL45)/CL45 -> -0.0004293215 | CO45: =(X45-AO45)/CM45 -> 0.99996768 | CP45: =ACOS(CO45) -> 0.0080405371 | CQ45: =(AN45-W45)/CM45 -> 0.0080404504 | CR45: =CJ45*CO45 -> -262.14953 | CS45: =-CR45/D$2/A$2 -> 0.63727718 | CT45: =H45*CO45^2+I45*CQ45^2+2*J45*CO45*CQ45 -> 0.00028871218 | CU45: =H45*CQ45^2+I45*CO45^2-2*J45*CO45*CQ45 -> -0.00034337918 | CV45: =2*((I45-H45)*CO45*CQ45+J45*(CO45^2-CQ45^2)) -> 0.0011446637 | CW45: =CT45*K$2^2+CU45*J$2^2+J$2*K$2*CV45 -> -4.9196351e-05 | CX45: =CT45*J$2^2+CU45*K$2^2-J$2*K$2*CV45 -> -5.4706487e-06 | CY45: =(2*(CU45-CT45)*J$2*K$2+CV45*(K$2^2-J$2^2)) -> -0.0013068598 | CZ45: =-CY45 -> 0.0013068598 | DA45: =-CK45*CL45 -> 0.015944924 | DB45: =G$2*DA45/CL45 -> 0.0019626148 | DC45: =BP45-Q45 -> -8.4786673 | DD45: =BQ45-R45 -> -32.2307 | DE45: =(DC45^2+DD45^2)^0.5 -> 33.327253 | DF45: =AH45-AY45 -> -8.32291 | DG45: =AI45-AZ45 -> -33.1108 | DH45: =(DF45^2+DG45^2)^0.5 -> 34.140825 | DI45: =(DC45*DF45+DD45*DG45)/DE45/DH45 -> 0.99993982 | DJ45: =BV45-W45 -> -8.4065118 | DK45: =BW45-X45 -> -32.248468 | DL45: =(DJ45^2+DK45^2)^0.5 -> 33.326163 | DM45: =AN45-BE45 -> -8.2483764 | DN45: =AO45-BF45 -> -33.126634 | DO45: =(DM45^2+DN45^2)^0.5 -> 34.138096 | DP45: =(DJ45*DM45+DK45*DN45)/DL45/DO45 -> 0.99993981 | DQ45: =(DJ45*DC45+DK45*DD45)/DE45/DL45 -> 0.99999751 | DR45: =(DM45*DF45+DN45*DG45)/DH45/DO45 -> 0.99999751 | DS45: =DJ45/DL45 -> -0.25224962 | DT45: =DK45/DL45 -> -0.9676622 | DU45: =DS45^2*H45+DT45^2*I45+2*DS45*DT45*J45 -> -1.3242886e-05 | DV45: =DT45^2*H45+DS45^2*I45-2*DS45*DT45*J45 -> -4.1424114e-05 | DW45: =2*((I45-H45)*DS45*DT45+(DS45^2-DT45^2)*J45) -> -0.0013072874 | DX45: =-DW45 -> 0.0013072874 | DZ45: =Q45-AY45 -> -8.5295327 | EA45: =R45-AZ45 -> 2.6904 | EB45: =(DZ45*DF45+EA45*DG45)/(DZ45^2+EA45^2)^0.5/(DF45^2+DG45^2)^0.5 -> -0.059246382 | EC45: =(DZ45^2+EA45^2)^0.5 -> 8.9437789 | ED45: =EC45*(1-EB45^2)^0.5 -> 8.9280681 | EE45: =W45-BE45 -> -8.5361106 | EF45: =X45-BF45 -> 2.658039 | EG45: =EE45-DZ45 -> -0.0065779 | EH45: =EF45-EA45 -> -0.032361 | EI45: =(EG45^2+EH45^2)^0.5 -> 0.033022766 | EJ45: =EI45/ED45 -> 0.0036987583
A46: 41 | B46: 0.00422635 | C46: 0.00853024 | D46: 8.51092e-05 | E46: -0.0344573 | F46: -0.131478 | G46: 0.0116084 | H46: 0.0001725 | I46: -0.000418885 | J46: 0.000607412 | K46: 0.000563133 | L46: -0.000809518 | M46: 0.553907 | N46: 0.000108272 | O46: 0.000115549 | P46: 0.00101724 | Q46: -0.0426427 | R46: 17.8228 | S46: -0.0203832 | T46: -0.0747652 | U46: -0.140256 | V46: 0.0177672 | W46: =Q46+T46 -> -0.1174079 | X46: =R46+U46 -> 17.682544 | Y46: 5.71573e-05 | Z46: -0.000633325 | AA46: 0.00111605 | AB46: 0.000880272 | AC46: -0.00145644 | AD46: 0.635618 | AE46: 0.000104579 | AF46: 0.000123245 | AG46: 0.000983755 | AH46: 0.16398 | AI46: -17.9784 | AJ46: 0.0178449 | AK46: 0.00785957 | AL46: -0.120434 | AM46: 0.00897588 | AN46: =AH46+AK46 -> 0.17183957 | AO46: =AI46+AL46 -> -18.098834 | AP46: -0.000660782 | AQ46: -0.000802097 | AR46: 0.00085189 | AS46: 0.000123611 | AT46: -0.00158649 | AU46: 0.743921 | AV46: 0.00011786 | AW46: 0.000113558 | AX46: 0.00111352 | AY46: 8.48689 | AZ46: 15.1324 | BA46: -0.107245 | BB46: -0.069023 | BC46: -0.10578 | BD46: 0.0596754 | BE46: =AY46+BB46 -> 8.417867 | BF46: =AZ46+BC46 -> 15.02662 | BG46: -0.000439414 | BH46: -0.000291509 | BI46: 0.000370382 | BJ46: 1.34937e-05 | BK46: -0.000744416 | BL46: 0.885938 | BM46: 0.000126939 | BN46: 0.00014716 | BO46: 0.00119723 | BP46: -8.52131 | BQ46: -14.4079 | BR46: -0.071984 | BS46: -0.00166662 | BT46: -0.155517 | BU46: -0.0258413 | BV46: =BP46+BS46 -> -8.5229766 | BW46: =BQ46+BT46 -> -14.563417 | BX46: 0.000127882 | BY46: -0.000264327 | BZ46: 0.000223231 | CA46: 0.000228939 | CB46: -0.000365384 | CC46: 0.425143 | CD46: 0.000109012 | CE46: 0.000114416 | CF46: 0.00102543 | CG46: -2058.7 | CH46: -2058.7 | CI46: -0.5334 | CJ46: -267.007 | CK46: -0.000537959 | CL46: =R46-AI46 -> 35.8012 | CM46: =((W46-AN46)^2+(X46-AO46)^2)^0.5 -> 35.782547 | CN46: =(CM46-CL46)/CL46 -> -0.00052101376 | CO46: =(X46-AO46)/CM46 -> 0.99996733 | CP46: =ACOS(CO46) -> 0.0080835671 | CQ46: =(AN46-W46)/CM46 -> 0.0080834791 | CR46: =CJ46*CO46 -> -266.99828 | CS46: =-CR46/D$2/A$2 -> 0.64906433 | CT46: =H46*CO46^2+I46*CQ46^2+2*J46*CO46*CQ46 -> 0.00018228104 | CU46: =H46*CQ46^2+I46*CO46^2-2*J46*CO46*CQ46 -> -0.00042866604 | CV46: =2*((I46-H46)*CO46*CQ46+J46*(CO46^2-CQ46^2)) -> 0.0012051047 | CW46: =CT46*K$2^2+CU46*J$2^2+J$2*K$2*CV46 -> -0.000121919 | CX46: =CT46*J$2^2+CU46*K$2^2-J$2*K$2*CV46 -> -0.000124466 | CY46: =(2*(CU46-CT46)*J$2*K$2+CV46*(K$2^2-J$2^2)) -> -0.0013511207 | CZ46: =-CY46 -> 0.0013511207 | DA46: =-CK46*CL46 -> 0.019259578 | DB46: =G$2*DA46/CL46 -> 0.002370606 | DC46: =BP46-Q46 -> -8.4786673 | DD46: =BQ46-R46 -> -32.2307 | DE46: =(DC46^2+DD46^2)^0.5 -> 33.327253 | DF46: =AH46-AY46 -> -8.32291 | DG46: =AI46-AZ46 -> -33.1108 | DH46: =(DF46^2+DG46^2)^0.5 -> 34.140825 | DI46: =(DC46*DF46+DD46*DG46)/DE46/DH46 -> 0.99993982 | DJ46: =BV46-W46 -> -8.4055687 | DK46: =BW46-X46 -> -32.245961 | DL46: =(DJ46^2+DK46^2)^0.5 -> 33.323499 | DM46: =AN46-BE46 -> -8.2460274 | DN46: =AO46-BF46 -> -33.125454 | DO46: =(DM46^2+DN46^2)^0.5 -> 34.136383 | DP46: =(DJ46*DM46+DK46*DN46)/DL46/DO46 -> 0.99993926 | DQ46: =(DJ46*DC46+DK46*DD46)/DE46/DL46 -> 0.9999975 | DR46: =(DM46*DF46+DN46*DG46)/DH46/DO46 -> 0.99999738 | DS46: =DJ46/DL46 -> -0.25224148 | DT46: =DK46/DL46 -> -0.96766432 | DU46: =DS46^2*H46+DT46^2*I46+2*DS46*DT46*J46 -> -8.4737264e-05 | DV46: =DT46^2*H46+DS46^2*I46-2*DS46*DT46*J46 -> -0.00016164774 | DW46: =2*((I46-H46)*DS46*DT46+(DS46^2-DT46^2)*J46) -> -0.0013489323 | DX46: =-DW46 -> 0.0013489323 | DZ46: =Q46-AY46 -> -8.5295327 | EA46: =R46-AZ46 -> 2.6904 | EB46: =(DZ46*DF46+EA46*DG46)/(DZ46^2+EA46^2)^0.5/(DF46^2+DG46^2)^0.5 -> -0.059246382 | EC46: =(DZ46^2+EA46^2)^0.5 -> 8.9437789 | ED46: =EC46*(1-EB46^2)^0.5 -> 8.9280681 | EE46: =W46-BE46 -> -8.5352749 | EF46: =X46-BF46 -> 2.655924 | EG46: =EE46-DZ46 -> -0.0057422 | EH46: =EF46-EA46 -> -0.034476 | EI46: =(EG46^2+EH46^2)^0.5 -> 0.034950929 | EJ46: =EI46/ED46 -> 0.0039147247 | EU46: =441/0.875 -> 504
A47: 42 | B47: 0.00422635 | C47: 0.00853024 | D47: 8.51092e-05 | E47: -0.0358582 | F47: -0.138546 | G47: -0.00347446 | H47: 0.000341963 | I47: -0.000410237 | J47: 0.000619481 | K47: 0.000700912 | L47: -0.000769184 | M47: 0.508659 | N47: 0.000107895 | O47: 0.000115151 | P47: 0.00101383 | Q47: -0.0426427 | R47: 17.8228 | S47: -0.0203832 | T47: -0.0788522 | U47: -0.148271 | V47: 0.00777798 | W47: =Q47+T47 -> -0.1214949 | X47: =R47+U47 -> 17.674529 | Y47: 1.45221e-05 | Z47: -0.000376181 | AA47: 0.00107682 | AB47: 0.000913898 | AC47: -0.00127556 | AD47: 0.69613 | AE47: 0.000106603 | AF47: 0.000125556 | AG47: 0.00100225 | AH47: 0.16398 | AI47: -17.9784 | AJ47: 0.0178449 | AK47: 0.00857628 | AL47: -0.128727 | AM47: -0.010894 | AN47: =AH47+AK47 -> 0.17255628 | AO47: =AI47+AL47 -> -18.107127 | AP47: -0.000317987 | AQ47: -0.000628703 | AR47: 0.000964077 | AS47: 0.000503528 | AT47: -0.00145022 | AU47: 0.705445 | AV47: 0.000118936 | AW47: 0.000114513 | AX47: 0.0011232 | AY47: 8.48689 | AZ47: 15.1324 | BA47: -0.107245 | BB47: -0.0721727 | BC47: -0.112802 | BD47: 0.0493875 | BE47: =AY47+BB47 -> 8.4147173 | BF47: =AZ47+BC47 -> 15.019598 | BG47: -3.15533e-05 | BH47: -0.000316134 | BI47: 0.00019897 | BJ47: 7.19185e-05 | BK47: -0.000419606 | BL47: 0.468768 | BM47: 0.00012269 | BN47: 0.000142029 | BO47: 0.00115655 | BP47: -8.52131 | BQ47: -14.4079 | BR47: -0.071984 | BS47: -0.00232965 | BT47: -0.164971 | BU47: -0.0485373 | BV47: =BP47+BS47 -> -8.5236396 | BW47: =BQ47+BT47 -> -14.572871 | BX47: -7.11725e-06 | BY47: -0.000125533 | BZ47: 0.000194298 | CA47: 0.000137211 | CB47: -0.000269862 | CC47: 0.640462 | CD47: 0.000110436 | CE47: 0.000115208 | CF47: 0.00103301 | CG47: -2057.58 | CH47: -2057.58 | CI47: -0.5475 | CJ47: -274.118 | CK47: -0.000529617 | CL47: =R47-AI47 -> 35.8012 | CM47: =((W47-AN47)^2+(X47-AO47)^2)^0.5 -> 35.782864 | CN47: =(CM47-CL47)/CL47 -> -0.0005121553 | CO47: =(X47-AO47)/CM47 -> 0.99996623 | CP47: =ACOS(CO47) -> 0.008217746 | CQ47: =(AN47-W47)/CM47 -> 0.0082176535 | CR47: =CJ47*CO47 -> -274.10874 | CS47: =-CR47/D$2/A$2 -> 0.66634966 | CT47: =H47*CO47^2+I47*CQ47^2+2*J47*CO47*CQ47 -> 0.00035209322 | CU47: =H47*CQ47^2+I47*CO47^2-2*J47*CO47*CQ47 -> -0.00042036722 | CV47: =2*((I47-H47)*CO47*CQ47+J47*(CO47^2-CQ47^2)) -> 0.0012264324 | CW47: =CT47*K$2^2+CU47*J$2^2+J$2*K$2*CV47 -> -9.9983798e-05 | CX47: =CT47*J$2^2+CU47*K$2^2-J$2*K$2*CV47 -> 3.1709798e-05 | CY47: =(2*(CU47-CT47)*J$2*K$2+CV47*(K$2^2-J$2^2)) -> -0.0014434294 | CZ47: =-CY47 -> 0.0014434294 | DA47: =-CK47*CL47 -> 0.018960924 | DB47: =G$2*DA47/CL47 -> 0.0023338456 | DC47: =BP47-Q47 -> -8.4786673 | DD47: =BQ47-R47 -> -32.2307 | DE47: =(DC47^2+DD47^2)^0.5 -> 33.327253 | DF47: =AH47-AY47 -> -8.32291 | DG47: =AI47-AZ47 -> -33.1108 | DH47: =(DF47^2+DG47^2)^0.5 -> 34.140825 | DI47: =(DC47*DF47+DD47*DG47)/DE47/DH47 -> 0.99993982 | DJ47: =BV47-W47 -> -8.4021447 | DK47: =BW47-X47 -> -32.2474 | DL47: =(DJ47^2+DK47^2)^0.5 -> 33.324028 | DM47: =AN47-BE47 -> -8.242161 | DN47: =AO47-BF47 -> -33.126725 | DO47: =(DM47^2+DN47^2)^0.5 -> 34.136683 | DP47: =(DJ47*DM47+DK47*DN47)/DL47/DO47 -> 0.99993917 | DQ47: =(DJ47*DC47+DK47*DD47)/DE47/DL47 -> 0.99999724 | DR47: =(DM47*DF47+DN47*DG47)/DH47/DO47 -> 0.9999971 | DS47: =DJ47/DL47 -> -0.25213473 | DT47: =DK47/DL47 -> -0.96769214 | DU47: =DS47^2*H47+DT47^2*I47+2*DS47*DT47*J47 -> -6.0125356e-05 | DV47: =DT47^2*H47+DS47^2*I47-2*DS47*DT47*J47 -> -8.1486445e-06 | DW47: =2*((I47-H47)*DS47*DT47+(DS47^2-DT47^2)*J47) -> -0.0014484924 | DX47: =-DW47 -> 0.0014484924 | DZ47: =Q47-AY47 -> -8.5295327 | EA47: =R47-AZ47 -> 2.6904 | EB47: =(DZ47*DF47+EA47*DG47)/(DZ47^2+EA47^2)^0.5/(DF47^2+DG47^2)^0.5 -> -0.059246382 | EC47: =(DZ47^2+EA47^2)^0.5 -> 8.9437789 | ED47: =EC47*(1-EB47^2)^0.5 -> 8.9280681 | EE47: =W47-BE47 -> -8.5362122 | EF47: =X47-BF47 -> 2.654931 | EG47: =EE47-DZ47 -> -0.0066795 | EH47: =EF47-EA47 -> -0.035469 | EI47: =(EG47^2+EH47^2)^0.5 -> 0.03609246 | EJ47: =EI47/ED47 -> 0.0040425834 | EU47: 179
A48: 43 | B48: 0.00422635 | C48: 0.00853024 | D48: 8.51092e-05 | E48: -0.0355903 | F48: -0.140403 | G48: -0.0150901 | H48: 0.000344109 | I48: -0.000337499 | J48: 0.00065703 | K48: 0.000754879 | L48: -0.000748269 | M48: 0.550161 | N48: 0.00010852 | O48: 0.000115823 | P48: 0.00101966 | Q48: -0.0426427 | R48: 17.8228 | S48: -0.0203832 | T48: -0.0798356 | U48: -0.147825 | V48: 0.000950155 | W48: =Q48+T48 -> -0.1224783 | X48: =R48+U48 -> 17.674975 | Y48: 0.000425519 | Z48: -0.000322473 | AA48: 0.000831138 | AB48: 0.000963169 | AC48: -0.000860123 | AD48: 0.574149 | AE48: 0.000106326 | AF48: 0.000124802 | AG48: 0.00099623 | AH48: 0.16398 | AI48: -17.9784 | AJ48: 0.0178449 | AK48: 0.00860271 | AL48: -0.131223 | AM48: -0.0259786 | AN48: =AH48+AK48 -> 0.17258271 | AO48: =AI48+AL48 -> -18.109623 | AP48: -0.000443911 | AQ48: -0.000745526 | AR48: 0.000930986 | AS48: 0.00034887 | AT48: -0.00153831 | AU48: 0.705058 | AV48: 0.000123245 | AW48: 0.00011831 | AX48: 0.0011609 | AY48: 8.48689 | AZ48: 15.1324 | BA48: -0.107245 | BB48: -0.0721966 | BC48: -0.112584 | BD48: 0.0492877 | BE48: =AY48+BB48 -> 8.4146934 | BF48: =AZ48+BC48 -> 15.019816 | BG48: -0.00045275 | BH48: -0.000277468 | BI48: 0.000308402 | BJ48: -4.33846e-05 | BK48: -0.000686833 | BL48: 0.926626 | BM48: 0.000119998 | BN48: 0.000138727 | BO48: 0.00113073 | BP48: -8.52131 | BQ48: -14.4079 | BR48: -0.071984 | BS48: -0.00223914 | BT48: -0.168761 | BU48: -0.0691741 | BV48: =BP48+BS48 -> -8.5235491 | BW48: =BQ48+BT48 -> -14.576661 | BX48: 0.000184489 | BY48: -0.000117832 | BZ48: 0.000248897 | CA48: 0.000324581 | CB48: -0.000257924 | CC48: 0.513255 | CD48: 0.000110282 | CE48: 0.000115611 | CF48: 0.00103643 | CG48: -2057.32 | CH48: -2057.32 | CI48: -0.5524 | CJ48: -276.543 | CK48: -0.000447907 | CL48: =R48-AI48 -> 35.8012 | CM48: =((W48-AN48)^2+(X48-AO48)^2)^0.5 -> 35.785814 | CN48: =(CM48-CL48)/CL48 -> -0.00042974988 | CO48: =(X48-AO48)/CM48 -> 0.99996601 | CP48: =ACOS(CO48) -> 0.0082452882 | CQ48: =(AN48-W48)/CM48 -> 0.0082451948 | CR48: =CJ48*CO48 -> -276.5336 | CS48: =-CR48/D$2/A$2 -> 0.6722444 | CT48: =H48*CO48^2+I48*CQ48^2+2*J48*CO48*CQ48 -> 0.00035489697 | CU48: =H48*CQ48^2+I48*CO48^2-2*J48*CO48*CQ48 -> -0.00034828697 | CV48: =2*((I48-H48)*CO48*CQ48+J48*(CO48^2-CQ48^2)) -> 0.0013026417 | CW48: =CT48*K$2^2+CU48*J$2^2+J$2*K$2*CV48 -> -1.4382463e-05 | CX48: =CT48*J$2^2+CU48*K$2^2-J$2*K$2*CV48 -> 2.0992463e-05 | CY48: =(2*(CU48-CT48)*J$2*K$2+CV48*(K$2^2-J$2^2)) -> -0.0014798959 | CZ48: =-CY48 -> 0.0014798959 | DA48: =-CK48*CL48 -> 0.016035608 | DB48: =G$2*DA48/CL48 -> 0.0019737768 | DC48: =BP48-Q48 -> -8.4786673 | DD48: =BQ48-R48 -> -32.2307 | DE48: =(DC48^2+DD48^2)^0.5 -> 33.327253 | DF48: =AH48-AY48 -> -8.32291 | DG48: =AI48-AZ48 -> -33.1108 | DH48: =(DF48^2+DG48^2)^0.5 -> 34.140825 | DI48: =(DC48*DF48+DD48*DG48)/DE48/DH48 -> 0.99993982 | DJ48: =BV48-W48 -> -8.4010708 | DK48: =BW48-X48 -> -32.251636 | DL48: =(DJ48^2+DK48^2)^0.5 -> 33.327856 | DM48: =AN48-BE48 -> -8.2421107 | DN48: =AO48-BF48 -> -33.129439 | DO48: =(DM48^2+DN48^2)^0.5 -> 34.139305 | DP48: =(DJ48*DM48+DK48*DN48)/DL48/DO48 -> 0.99993964 | DQ48: =(DJ48*DC48+DK48*DD48)/DE48/DL48 -> 0.99999709 | DR48: =(DM48*DF48+DN48*DG48)/DH48/DO48 -> 0.99999705 | DS48: =DJ48/DL48 -> -0.25207354 | DT48: =DK48/DL48 -> -0.96770808 | DU48: =DS48^2*H48+DT48^2*I48+2*DS48*DT48*J48 -> 2.6354494e-05 | DV48: =DT48^2*H48+DS48^2*I48-2*DS48*DT48*J48 -> -1.9744494e-05 | DW48: =2*((I48-H48)*DS48*DT48+(DS48^2-DT48^2)*J48) -> -0.0014796006 | DX48: =-DW48 -> 0.0014796006 | DZ48: =Q48-AY48 -> -8.5295327 | EA48: =R48-AZ48 -> 2.6904 | EB48: =(DZ48*DF48+EA48*DG48)/(DZ48^2+EA48^2)^0.5/(DF48^2+DG48^2)^0.5 -> -0.059246382 | EC48: =(DZ48^2+EA48^2)^0.5 -> 8.9437789 | ED48: =EC48*(1-EB48^2)^0.5 -> 8.9280681 | EE48: =W48-BE48 -> -8.5371717 | EF48: =X48-BF48 -> 2.655159 | EG48: =EE48-DZ48 -> -0.007639 | EH48: =EF48-EA48 -> -0.035241 | EI48: =(EG48^2+EH48^2)^0.5 -> 0.036059429 | EJ48: =EI48/ED48 -> 0.0040388837 | EU48: =(EU46+EU47)/2 -> 341.5
A49: 44 | B49: 0.00422635 | C49: 0.00853024 | D49: 8.51092e-05 | E49: -0.0374969 | F49: -0.142556 | G49: 0.0197233 | H49: 0.000160326 | I49: -0.000476102 | J49: 0.000706717 | K49: 0.000628395 | L49: -0.00094417 | M49: 0.57211 | N49: 0.000108312 | O49: 0.00011559 | P49: 0.00101753 | Q49: -0.0426427 | R49: 17.8228 | S49: -0.0203832 | T49: -0.0835147 | U49: -0.152961 | V49: 0.0219754 | W49: =Q49+T49 -> -0.1261574 | X49: =R49+U49 -> 17.669839 | Y49: 9.88024e-05 | Z49: -0.000612501 | AA49: 0.00116985 | AB49: 0.000966192 | AC49: -0.00147989 | AD49: 0.63825 | AE49: 0.000105387 | AF49: 0.00012377 | AG49: 0.000987977 | AH49: 0.16398 | AI49: -17.9784 | AJ49: 0.0178449 | AK49: 0.00999402 | AL49: -0.129637 | AM49: 0.0235609 | AN49: =AH49+AK49 -> 0.17397402 | AO49: =AI49+AL49 -> -18.108037 | AP49: -0.000610444 | AQ49: -0.000811247 | AR49: 0.000977508 | AS49: 0.00027226 | AT49: -0.00169395 | AU49: 0.734121 | AV49: 0.000120334 | AW49: 0.000115612 | AX49: 0.0011342 | AY49: 8.48689 | AZ49: 15.1324 | BA49: -0.107245 | BB49: -0.077183 | BC49: -0.113185 | BD49: 0.073808 | BE49: =AY49+BB49 -> 8.409707 | BF49: =AZ49+BC49 -> 15.019215 | BG49: -0.000286972 | BH49: -0.000172908 | BI49: 0.000435814 | BJ49: 0.000210821 | BK49: -0.000670701 | BL49: 0.852967 | BM49: 0.000122566 | BN49: 0.000141805 | BO49: 0.00115516 | BP49: -8.52131 | BQ49: -14.4079 | BR49: -0.071984 | BS49: 0.000201554 | BT49: -0.170687 | BU49: -0.0310776 | BV49: =BP49+BS49 -> -8.5211084 | BW49: =BQ49+BT49 -> -14.578587 | BX49: 5.58857e-05 | BY49: -5.91318e-05 | BZ49: 0.000381286 | CA49: 0.000384235 | CB49: -0.000387481 | CC49: 0.711746 | CD49: 0.000107452 | CE49: 0.000113467 | CF49: 0.00101644 | CG49: -2056.01 | CH49: -2056.01 | CI49: -0.5627 | CJ49: -281.715 | CK49: -0.00063283 | CL49: =R49-AI49 -> 35.8012 | CM49: =((W49-AN49)^2+(X49-AO49)^2)^0.5 -> 35.779135 | CN49: =(CM49-CL49)/CL49 -> -0.00061632458 | CO49: =(X49-AO49)/CM49 -> 0.99996482 | CP49: =ACOS(CO49) -> 0.0083885466 | CQ49: =(AN49-W49)/CM49 -> 0.0083884482 | CR49: =CJ49*CO49 -> -281.70509 | CS49: =-CR49/D$2/A$2 -> 0.68481613 | CT49: =H49*CO49^2+I49*CQ49^2+2*J49*CO49*CQ49 -> 0.00017213732 | CU49: =H49*CQ49^2+I49*CO49^2-2*J49*CO49*CQ49 -> -0.00048791332 | CV49: =2*((I49-H49)*CO49*CQ49+J49*(CO49^2-CQ49^2)) -> 0.0014025582 | CW49: =CT49*K$2^2+CU49*J$2^2+J$2*K$2*CV49 -> -0.00013368405 | CX49: =CT49*J$2^2+CU49*K$2^2-J$2*K$2*CV49 -> -0.00018209195 | CY49: =(2*(CU49-CT49)*J$2*K$2+CV49*(K$2^2-J$2^2)) -> -0.0015493524 | CZ49: =-CY49 -> 0.0015493524 | DA49: =-CK49*CL49 -> 0.022656073 | DB49: =G$2*DA49/CL49 -> 0.0027886709 | DC49: =BP49-Q49 -> -8.4786673 | DD49: =BQ49-R49 -> -32.2307 | DE49: =(DC49^2+DD49^2)^0.5 -> 33.327253 | DF49: =AH49-AY49 -> -8.32291 | DG49: =AI49-AZ49 -> -33.1108 | DH49: =(DF49^2+DG49^2)^0.5 -> 34.140825 | DI49: =(DC49*DF49+DD49*DG49)/DE49/DH49 -> 0.99993982 | DJ49: =BV49-W49 -> -8.394951 | DK49: =BW49-X49 -> -32.248426 | DL49: =(DJ49^2+DK49^2)^0.5 -> 33.323208 | DM49: =AN49-BE49 -> -8.235733 | DN49: =AO49-BF49 -> -33.127252 | DO49: =(DM49^2+DN49^2)^0.5 -> 34.135643 | DP49: =(DJ49*DM49+DK49*DN49)/DL49/DO49 -> 0.9999395 | DQ49: =(DJ49*DC49+DK49*DD49)/DE49/DL49 -> 0.99999671 | DR49: =(DM49*DF49+DN49*DG49)/DH49/DO49 -> 0.99999663 | DS49: =DJ49/DL49 -> -0.25192506 | DT49: =DK49/DL49 -> -0.96774675 | DU49: =DS49^2*H49+DT49^2*I49+2*DS49*DT49*J49 -> -9.1115591e-05 | DV49: =DT49^2*H49+DS49^2*I49-2*DS49*DT49*J49 -> -0.00022466041 | DW49: =2*((I49-H49)*DS49*DT49+(DS49^2-DT49^2)*J49) -> -0.0015443452 | DX49: =-DW49 -> 0.0015443452 | DZ49: =Q49-AY49 -> -8.5295327 | EA49: =R49-AZ49 -> 2.6904 | EB49: =(DZ49*DF49+EA49*DG49)/(DZ49^2+EA49^2)^0.5/(DF49^2+DG49^2)^0.5 -> -0.059246382 | EC49: =(DZ49^2+EA49^2)^0.5 -> 8.9437789 | ED49: =EC49*(1-EB49^2)^0.5 -> 8.9280681 | EE49: =W49-BE49 -> -8.5358644 | EF49: =X49-BF49 -> 2.650624 | EG49: =EE49-DZ49 -> -0.0063317 | EH49: =EF49-EA49 -> -0.039776 | EI49: =(EG49^2+EH49^2)^0.5 -> 0.0402768 | EJ49: =EI49/ED49 -> 0.0045112559
A50: 45 | B50: 0.00422635 | C50: 0.00853024 | D50: 8.51092e-05 | E50: -0.0371047 | F50: -0.149218 | G50: 0.00339236 | H50: 0.000273121 | I50: -0.000376417 | J50: 0.000696479 | K50: 0.00072307 | L50: -0.000826366 | M50: 0.568372 | N50: 0.000108167 | O50: 0.000115453 | P50: 0.00101621 | Q50: -0.0426427 | R50: 17.8228 | S50: -0.0203832 | T50: -0.085788 | U50: -0.158517 | V50: 0.014073 | W50: =Q50+T50 -> -0.1284307 | X50: =R50+U50 -> 17.664283 | Y50: 5.30058e-05 | Z50: -0.000608926 | AA50: 0.00114278 | AB50: 0.000912157 | AC50: -0.00146808 | AD50: 0.644952 | AE50: 0.000106115 | AF50: 0.00012477 | AG50: 0.000995972 | AH50: 0.16398 | AI50: -17.9784 | AJ50: 0.0178449 | AK50: 0.0130455 | AL50: -0.139913 | AM50: -0.00309598 | AN50: =AH50+AK50 -> 0.1770255 | AO50: =AI50+AL50 -> -18.118313 | AP50: -0.000701142 | AQ50: -0.000726843 | AR50: 0.000830416 | AS50: 0.000116847 | AT50: -0.00154483 | AU50: 0.777437 | AV50: 0.000117589 | AW50: 0.000113433 | AX50: 0.00111233 | AY50: 8.48689 | AZ50: 15.1324 | BA50: -0.107245 | BB50: -0.0789193 | BC50: -0.11866 | BD50: 0.0639217 | BE50: =AY50+BB50 -> 8.4079707 | BF50: =AZ50+BC50 -> 15.01374 | BG50: -0.000304055 | BH50: -0.000448431 | BI50: 0.00027597 | BJ50: -9.09613e-05 | BK50: -0.000661525 | BL50: 0.658292 | BM50: 0.000122836 | BN50: 0.000142458 | BO50: 0.00115863 | BP50: -8.52131 | BQ50: -14.4079 | BR50: -0.071984 | BS50: 0.00128643 | BT50: -0.180685 | BU50: -0.056978 | BV50: =BP50+BS50 -> -8.5200236 | BW50: =BQ50+BT50 -> -14.588585 | BX50: 0.000296074 | BY50: -8.08168e-06 | BZ50: 0.000415945 | CA50: 0.000587048 | CB50: -0.000299056 | CC50: 0.610579 | CD50: 0.000107849 | CE50: 0.000112947 | CF50: 0.00101241 | CG50: -2055.08 | CH50: -2055.08 | CI50: -0.5743 | CJ50: -287.534 | CK50: -0.00050085 | CL50: =R50-AI50 -> 35.8012 | CM50: =((W50-AN50)^2+(X50-AO50)^2)^0.5 -> 35.7839 | CN50: =(CM50-CL50)/CL50 -> -0.00048323153 | CO50: =(X50-AO50)/CM50 -> 0.99996357 | CP50: =ACOS(CO50) -> 0.0085362387 | CQ50: =(AN50-W50)/CM50 -> 0.008536135 | CR50: =CJ50*CO50 -> -287.52352 | CS50: =-CR50/D$2/A$2 -> 0.69896056 | CT50: =H50*CO50^2+I50*CQ50^2+2*J50*CO50*CQ50 -> 0.00028496372 | CU50: =H50*CQ50^2+I50*CO50^2-2*J50*CO50*CQ50 -> -0.00038825972 | CV50: =2*((I50-H50)*CO50*CQ50+J50*(CO50^2-CQ50^2)) -> 0.0013816663 | CW50: =CT50*K$2^2+CU50*J$2^2+J$2*K$2*CV50 -> -3.805398e-05 | CX50: =CT50*J$2^2+CU50*K$2^2-J$2*K$2*CV50 -> -6.524202e-05 | CY50: =(2*(CU50-CT50)*J$2*K$2+CV50*(K$2^2-J$2^2)) -> -0.0015367148 | CZ50: =-CY50 -> 0.0015367148 | DA50: =-CK50*CL50 -> 0.017931031 | DB50: =G$2*DA50/CL50 -> 0.002207079 | DC50: =BP50-Q50 -> -8.4786673 | DD50: =BQ50-R50 -> -32.2307 | DE50: =(DC50^2+DD50^2)^0.5 -> 33.327253 | DF50: =AH50-AY50 -> -8.32291 | DG50: =AI50-AZ50 -> -33.1108 | DH50: =(DF50^2+DG50^2)^0.5 -> 34.140825 | DI50: =(DC50*DF50+DD50*DG50)/DE50/DH50 -> 0.99993982 | DJ50: =BV50-W50 -> -8.3915929 | DK50: =BW50-X50 -> -32.252868 | DL50: =(DJ50^2+DK50^2)^0.5 -> 33.326661 | DM50: =AN50-BE50 -> -8.2309452 | DN50: =AO50-BF50 -> -33.132053 | DO50: =(DM50^2+DN50^2)^0.5 -> 34.139148 | DP50: =(DJ50*DM50+DK50*DN50)/DL50/DO50 -> 0.99993907 | DQ50: =(DJ50*DC50+DK50*DD50)/DE50/DL50 -> 0.99999637 | DR50: =(DM50*DF50+DN50*DG50)/DH50/DO50 -> 0.99999618 | DS50: =DJ50/DL50 -> -0.25179819 | DT50: =DK50/DL50 -> -0.96777976 | DU50: =DS50^2*H50+DT50^2*I50+2*DS50*DT50*J50 -> 4.2084597e-06 | DV50: =DT50^2*H50+DS50^2*I50-2*DS50*DT50*J50 -> -0.00010750446 | DW50: =2*((I50-H50)*DS50*DT50+(DS50^2-DT50^2)*J50) -> -0.00153289 | DX50: =-DW50 -> 0.00153289 | DZ50: =Q50-AY50 -> -8.5295327 | EA50: =R50-AZ50 -> 2.6904 | EB50: =(DZ50*DF50+EA50*DG50)/(DZ50^2+EA50^2)^0.5/(DF50^2+DG50^2)^0.5 -> -0.059246382 | EC50: =(DZ50^2+EA50^2)^0.5 -> 8.9437789 | ED50: =EC50*(1-EB50^2)^0.5 -> 8.9280681 | EE50: =W50-BE50 -> -8.5364014 | EF50: =X50-BF50 -> 2.650543 | EG50: =EE50-DZ50 -> -0.0068687 | EH50: =EF50-EA50 -> -0.039857 | EI50: =(EG50^2+EH50^2)^0.5 -> 0.040444524 | EJ50: =EI50/ED50 -> 0.004530042
A51: 46 | B51: 0.00422635 | C51: 0.00853024 | D51: 8.51092e-05 | E51: -0.0400119 | F51: -0.152023 | G51: 0.0167521 | H51: 0.000288265 | I51: -0.000463797 | J51: 0.000779232 | K51: 0.000788038 | L51: -0.000963569 | M51: 0.561611 | N51: 0.000108066 | O51: 0.000115309 | P51: 0.0010151 | Q51: -0.0426427 | R51: 17.8228 | S51: -0.0203832 | T51: -0.0881078 | U51: -0.162593 | V51: 0.0234377 | W51: =Q51+T51 -> -0.1307505 | X51: =R51+U51 -> 17.660207 | Y51: 0.00011922 | Z51: -0.000693159 | AA51: 0.00135128 | AB51: 0.00112432 | AC51: -0.00169825 | AD51: 0.639747 | AE51: 0.000108987 | AF51: 0.000128277 | AG51: 0.00102386 | AH51: 0.16398 | AI51: -17.9784 | AJ51: 0.0178449 | AK51: 0.0107467 | AL51: -0.139929 | AM51: 0.010218 | AN51: =AH51+AK51 -> 0.1747267 | AO51: =AI51+AL51 -> -18.118329 | AP51: -0.000586472 | AQ51: -0.000969533 | AR51: 0.00108472 | AS51: 0.000323829 | AT51: -0.00187983 | AU51: 0.697884 | AV51: 0.00011989 | AW51: 0.000115855 | AX51: 0.00113583 | AY51: 8.48689 | AZ51: 15.1324 | BA51: -0.107245 | BB51: -0.0817667 | BC51: -0.120289 | BD51: 0.0804381 | BE51: =AY51+BB51 -> 8.4051233 | BF51: =AZ51+BC51 -> 15.012111 | BG51: -0.000367348 | BH51: -0.000296508 | BI51: 0.000356107 | BJ51: 2.65509e-05 | BK51: -0.000690407 | BL51: 0.837468 | BM51: 0.000124482 | BN51: 0.000143795 | BO51: 0.00117263 | BP51: -8.52131 | BQ51: -14.4079 | BR51: -0.071984 | BS51: -0.000542631 | BT51: -0.183057 | BU51: -0.0427497 | BV51: =BP51+BS51 -> -8.5218526 | BW51: =BQ51+BT51 -> -14.590957 | BX51: 5.80958e-05 | BY51: -4.48277e-05 | BZ51: 0.000359628 | CA51: 0.000370248 | CB51: -0.00035698 | CC51: 0.715446 | CD51: 0.000108153 | CE51: 0.000113802 | CF51: 0.00101953 | CG51: -2054.33 | CH51: -2054.33 | CI51: -0.5827 | CJ51: -291.736 | CK51: -0.000614407 | CL51: =R51-AI51 -> 35.8012 | CM51: =((W51-AN51)^2+(X51-AO51)^2)^0.5 -> 35.77984 | CN51: =(CM51-CL51)/CL51 -> -0.00059662641 | CO51: =(X51-AO51)/CM51 -> 0.99996355 | CP51: =ACOS(CO51) -> 0.0085377942 | CQ51: =(AN51-W51)/CM51 -> 0.0085376905 | CR51: =CJ51*CO51 -> -291.72537 | CS51: =-CR51/D$2/A$2 -> 0.70917511 | CT51: =H51*CO51^2+I51*CQ51^2+2*J51*CO51*CQ51 -> 0.00030151538 | CU51: =H51*CQ51^2+I51*CO51^2-2*J51*CO51*CQ51 -> -0.00047704738 | CV51: =2*((I51-H51)*CO51*CQ51+J51*(CO51^2-CQ51^2)) -> 0.0015453955 | CW51: =CT51*K$2^2+CU51*J$2^2+J$2*K$2*CV51 -> -8.3949667e-05 | CX51: =CT51*J$2^2+CU51*K$2^2-J$2*K$2*CV51 -> -9.1582333e-05 | CY51: =(2*(CU51-CT51)*J$2*K$2+CV51*(K$2^2-J$2^2)) -> -0.0017304187 | CZ51: =-CY51 -> 0.0017304187 | DA51: =-CK51*CL51 -> 0.021996508 | DB51: =G$2*DA51/CL51 -> 0.0027074868 | DC51: =BP51-Q51 -> -8.4786673 | DD51: =BQ51-R51 -> -32.2307 | DE51: =(DC51^2+DD51^2)^0.5 -> 33.327253 | DF51: =AH51-AY51 -> -8.32291 | DG51: =AI51-AZ51 -> -33.1108 | DH51: =(DF51^2+DG51^2)^0.5 -> 34.140825 | DI51: =(DC51*DF51+DD51*DG51)/DE51/DH51 -> 0.99993982 | DJ51: =BV51-W51 -> -8.3911021 | DK51: =BW51-X51 -> -32.251164 | DL51: =(DJ51^2+DK51^2)^0.5 -> 33.324888 | DM51: =AN51-BE51 -> -8.2303966 | DN51: =AO51-BF51 -> -33.13044 | DO51: =(DM51^2+DN51^2)^0.5 -> 34.13745 | DP51: =(DJ51*DM51+DK51*DN51)/DL51/DO51 -> 0.99993904 | DQ51: =(DJ51*DC51+DK51*DD51)/DE51/DL51 -> 0.99999636 | DR51: =(DM51*DF51+DN51*DG51)/DH51/DO51 -> 0.99999617 | DS51: =DJ51/DL51 -> -0.25179686 | DT51: =DK51/DL51 -> -0.96778011 | DU51: =DS51^2*H51+DT51^2*I51+2*DS51*DT51*J51 -> -3.6342296e-05 | DV51: =DT51^2*H51+DS51^2*I51-2*DS51*DT51*J51 -> -0.0001391897 | DW51: =2*((I51-H51)*DS51*DT51+(DS51^2-DT51^2)*J51) -> -0.0017273765 | DX51: =-DW51 -> 0.0017273765 | DZ51: =Q51-AY51 -> -8.5295327 | EA51: =R51-AZ51 -> 2.6904 | EB51: =(DZ51*DF51+EA51*DG51)/(DZ51^2+EA51^2)^0.5/(DF51^2+DG51^2)^0.5 -> -0.059246382 | EC51: =(DZ51^2+EA51^2)^0.5 -> 8.9437789 | ED51: =EC51*(1-EB51^2)^0.5 -> 8.9280681 | EE51: =W51-BE51 -> -8.5358738 | EF51: =X51-BF51 -> 2.648096 | EG51: =EE51-DZ51 -> -0.0063411 | EH51: =EF51-EA51 -> -0.042304 | EI51: =(EG51^2+EH51^2)^0.5 -> 0.042776605 | EJ51: =EI51/ED51 -> 0.0047912499
A52: 47 | B52: 0.00422635 | C52: 0.00853024 | D52: 8.51092e-05 | E52: -0.0411034 | F52: -0.153956 | G52: 0.0168071 | H52: 0.000254824 | I52: -0.000446392 | J52: 0.000756438 | K52: 0.000742547 | L52: -0.000934116 | M52: 0.566709 | N52: 0.000108468 | O52: 0.000115787 | P52: 0.00101897 | Q52: -0.0426427 | R52: 17.8228 | S52: -0.0203832 | T52: -0.0921685 | U52: -0.165151 | V52: 0.0306283 | W52: =Q52+T52 -> -0.1348112 | X52: =R52+U52 -> 17.657649 | Y52: 0.000146472 | Z52: -0.00102253 | AA52: 0.00131039 | AB52: 0.000996954 | AC52: -0.00187301 | AD52: 0.575888 | AE52: 0.000111742 | AF52: 0.000131215 | AG52: 0.00104741 | AH52: 0.16398 | AI52: -17.9784 | AJ52: 0.0178449 | AK52: 0.0125706 | AL52: -0.143095 | AM52: 0.00710246 | AN52: =AH52+AK52 -> 0.1765506 | AO52: =AI52+AL52 -> -18.121495 | AP52: -0.000745138 | AQ52: -0.000993815 | AR52: 0.00115801 | AS52: 0.000295487 | AT52: -0.00203444 | AU52: 0.731831 | AV52: 0.000118543 | AW52: 0.000114541 | AX52: 0.00112302 | AY52: 8.48689 | AZ52: 15.1324 | BA52: -0.107245 | BB52: -0.0849346 | BC52: -0.121914 | BD52: 0.0751288 | BE52: =AY52+BB52 -> 8.4019554 | BF52: =AZ52+BC52 -> 15.010486 | BG52: -0.000243405 | BH52: -0.000651319 | BI52: 0.000271887 | BJ52: -0.000107327 | BK52: -0.000787396 | BL52: 0.461627 | BM52: 0.000122538 | BN52: 0.000141656 | BO52: 0.00115458 | BP52: -8.52131 | BQ52: -14.4079 | BR52: -0.071984 | BS52: 0.000684219 | BT52: -0.187168 | BU52: -0.0436488 | BV52: =BP52+BS52 -> -8.5206258 | BW52: =BQ52+BT52 -> -14.595068 | BX52: 0.000145732 | BY52: -8.33054e-06 | BZ52: 0.000426549 | CA52: 0.000502359 | CB52: -0.000364958 | CC52: 0.696601 | CD52: 0.000107977 | CE52: 0.000113818 | CF52: 0.00101962 | CG52: -2053.33 | CH52: -2053.33 | CI52: -0.5988 | CJ52: -299.817 | CK52: -0.000594977 | CL52: =R52-AI52 -> 35.8012 | CM52: =((W52-AN52)^2+(X52-AO52)^2)^0.5 -> 35.780499 | CN52: =(CM52-CL52)/CL52 -> -0.00057822753 | CO52: =(X52-AO52)/CM52 -> 0.99996214 | CP52: =ACOS(CO52) -> 0.008702107 | CQ52: =(AN52-W52)/CM52 -> 0.0087019972 | CR52: =CJ52*CO52 -> -299.80565 | CS52: =-CR52/D$2/A$2 -> 0.72881801 | CT52: =H52*CO52^2+I52*CQ52^2+2*J52*CO52*CQ52 -> 0.00026793544 | CU52: =H52*CQ52^2+I52*CO52^2-2*J52*CO52*CQ52 -> -0.00045950344 | CV52: =2*((I52-H52)*CO52*CQ52+J52*(CO52^2-CQ52^2)) -> 0.0015004434 | CW52: =CT52*K$2^2+CU52*J$2^2+J$2*K$2*CV52 -> -7.9391029e-05 | CX52: =CT52*J$2^2+CU52*K$2^2-J$2*K$2*CV52 -> -0.00011217697 | CY52: =(2*(CU52-CT52)*J$2*K$2+CV52*(K$2^2-J$2^2)) -> -0.0016671601 | CZ52: =-CY52 -> 0.0016671601 | DA52: =-CK52*CL52 -> 0.021300891 | DB52: =G$2*DA52/CL52 -> 0.0026218653 | DC52: =BP52-Q52 -> -8.4786673 | DD52: =BQ52-R52 -> -32.2307 | DE52: =(DC52^2+DD52^2)^0.5 -> 33.327253 | DF52: =AH52-AY52 -> -8.32291 | DG52: =AI52-AZ52 -> -33.1108 | DH52: =(DF52^2+DG52^2)^0.5 -> 34.140825 | DI52: =(DC52*DF52+DD52*DG52)/DE52/DH52 -> 0.99993982 | DJ52: =BV52-W52 -> -8.3858146 | DK52: =BW52-X52 -> -32.252717 | DL52: =(DJ52^2+DK52^2)^0.5 -> 33.32506 | DM52: =AN52-BE52 -> -8.2254048 | DN52: =AO52-BF52 -> -33.131981 | DO52: =(DM52^2+DN52^2)^0.5 -> 34.137742 | DP52: =(DJ52*DM52+DK52*DN52)/DL52/DO52 -> 0.99993918 | DQ52: =(DJ52*DC52+DK52*DD52)/DE52/DL52 -> 0.9999959 | DR52: =(DM52*DF52+DN52*DG52)/DH52/DO52 -> 0.99999573 | DS52: =DJ52/DL52 -> -0.25163689 | DT52: =DK52/DL52 -> -0.96782172 | DU52: =DS52^2*H52+DT52^2*I52+2*DS52*DT52*J52 -> -3.3544924e-05 | DV52: =DT52^2*H52+DS52^2*I52-2*DS52*DT52*J52 -> -0.00015802308 | DW52: =2*((I52-H52)*DS52*DT52+(DS52^2-DT52^2)*J52) -> -0.0016628298 | DX52: =-DW52 -> 0.0016628298 | DZ52: =Q52-AY52 -> -8.5295327 | EA52: =R52-AZ52 -> 2.6904 | EB52: =(DZ52*DF52+EA52*DG52)/(DZ52^2+EA52^2)^0.5/(DF52^2+DG52^2)^0.5 -> -0.059246382 | EC52: =(DZ52^2+EA52^2)^0.5 -> 8.9437789 | ED52: =EC52*(1-EB52^2)^0.5 -> 8.9280681 | EE52: =W52-BE52 -> -8.5367666 | EF52: =X52-BF52 -> 2.647163 | EG52: =EE52-DZ52 -> -0.0072339 | EH52: =EF52-EA52 -> -0.043237 | EI52: =(EG52^2+EH52^2)^0.5 -> 0.043837968 | EJ52: =EI52/ED52 -> 0.0049101292
A53: 48 | B53: 0.00422635 | C53: 0.00853024 | D53: 8.51092e-05 | E53: -0.0424289 | F53: -0.158861 | G53: 0.00731085 | H53: 0.000263658 | I53: -0.00045685 | J53: 0.000757304 | K53: 0.000749509 | L53: -0.000942701 | M53: 0.551978 | N53: 0.000108382 | O53: 0.000115718 | P53: 0.00101845 | Q53: -0.0426427 | R53: 17.8228 | S53: -0.0203832 | T53: -0.0948429 | U53: -0.170305 | V53: 0.0224917 | W53: =Q53+T53 -> -0.1374856 | X53: =R53+U53 -> 17.652495 | Y53: 4.87449e-05 | Z53: -0.0010617 | AA53: 0.00141731 | AB53: 0.00101593 | AC53: -0.00202889 | AD53: 0.599003 | AE53: 0.000111776 | AF53: 0.000131355 | AG53: 0.00104853 | AH53: 0.16398 | AI53: -17.9784 | AJ53: 0.0178449 | AK53: 0.0120599 | AL53: -0.146796 | AM53: -0.000720566 | AN53: =AH53+AK53 -> 0.1760399 | AO53: =AI53+AL53 -> -18.125196 | AP53: -0.000967735 | AQ53: -0.00116182 | AR53: 0.00122829 | AS53: 0.000167486 | AT53: -0.00229704 | AU53: 0.745913 | AV53: 0.000118557 | AW53: 0.000114295 | AX53: 0.0011208 | AY53: 8.48689 | AZ53: 15.1324 | BA53: -0.107245 | BB53: -0.0881333 | BC53: -0.125866 | BD53: 0.0774198 | BE53: =AY53+BB53 -> 8.3987567 | BF53: =AZ53+BC53 -> 15.006534 | BG53: -4.00242e-05 | BH53: -0.000407536 | BI53: 0.000177043 | BJ53: 3.24632e-05 | BK53: -0.000480024 | BL53: 0.376049 | BM53: 0.000122952 | BN53: 0.000141212 | BO53: 0.00115594 | BP53: -8.52131 | BQ53: -14.4079 | BR53: -0.071984 | BS53: 0.000483882 | BT53: -0.193144 | BU53: -0.0656143 | BV53: =BP53+BS53 -> -8.5208261 | BW53: =BQ53+BT53 -> -14.601044 | BX53: 0.000221698 | BY53: -0.000160968 | BZ53: 0.000356118 | CA53: 0.000434747 | CB53: -0.000374018 | CC53: 0.539614 | CD53: 0.000110637 | CE53: 0.000116863 | CF53: 0.00104674 | CG53: -2052.96 | CH53: -2052.96 | CI53: -0.6094 | CJ53: -305.151 | CK53: -0.00063416 | CL53: =R53-AI53 -> 35.8012 | CM53: =((W53-AN53)^2+(X53-AO53)^2)^0.5 -> 35.779065 | CN53: =(CM53-CL53)/CL53 -> -0.00061828346 | CO53: =(X53-AO53)/CM53 -> 0.99996161 | CP53: =ACOS(CO53) -> 0.008762932 | CQ53: =(AN53-W53)/CM53 -> 0.0087628199 | CR53: =CJ53*CO53 -> -305.13928 | CS53: =-CR53/D$2/A$2 -> 0.74178391 | CT53: =H53*CO53^2+I53*CQ53^2+2*J53*CO53*CQ53 -> 0.0002768744 | CU53: =H53*CQ53^2+I53*CO53^2-2*J53*CO53*CQ53 -> -0.0004700664 | CV53: =2*((I53-H53)*CO53*CQ53+J53*(CO53^2-CQ53^2)) -> 0.0015017485 | CW53: =CT53*K$2^2+CU53*J$2^2+J$2*K$2*CV53 -> -8.8595681e-05 | CX53: =CT53*J$2^2+CU53*K$2^2-J$2*K$2*CV53 -> -0.00010459632 | CY53: =(2*(CU53-CT53)*J$2*K$2+CV53*(K$2^2-J$2^2)) -> -0.0016771742 | CZ53: =-CY53 -> 0.0016771742 | DA53: =-CK53*CL53 -> 0.022703689 | DB53: =G$2*DA53/CL53 -> 0.0027945317 | DC53: =BP53-Q53 -> -8.4786673 | DD53: =BQ53-R53 -> -32.2307 | DE53: =(DC53^2+DD53^2)^0.5 -> 33.327253 | DF53: =AH53-AY53 -> -8.32291 | DG53: =AI53-AZ53 -> -33.1108 | DH53: =(DF53^2+DG53^2)^0.5 -> 34.140825 | DI53: =(DC53*DF53+DD53*DG53)/DE53/DH53 -> 0.99993982 | DJ53: =BV53-W53 -> -8.3833405 | DK53: =BW53-X53 -> -32.253539 | DL53: =(DJ53^2+DK53^2)^0.5 -> 33.325233 | DM53: =AN53-BE53 -> -8.2227168 | DN53: =AO53-BF53 -> -33.13173 | DO53: =(DM53^2+DN53^2)^0.5 -> 34.136851 | DP53: =(DJ53*DM53+DK53*DN53)/DL53/DO53 -> 0.99993922 | DQ53: =(DJ53*DC53+DK53*DD53)/DE53/DL53 -> 0.99999568 | DR53: =(DM53*DF53+DN53*DG53)/DH53/DO53 -> 0.99999551 | DS53: =DJ53/DL53 -> -0.25156134 | DT53: =DK53/DL53 -> -0.96784136 | DU53: =DS53^2*H53+DT53^2*I53+2*DS53*DT53*J53 -> -4.2490172e-05 | DV53: =DT53^2*H53+DS53^2*I53-2*DS53*DT53*J53 -> -0.00015070183 | DW53: =2*((I53-H53)*DS53*DT53+(DS53^2-DT53^2)*J53) -> -0.0016737561 | DX53: =-DW53 -> 0.0016737561 | DZ53: =Q53-AY53 -> -8.5295327 | EA53: =R53-AZ53 -> 2.6904 | EB53: =(DZ53*DF53+EA53*DG53)/(DZ53^2+EA53^2)^0.5/(DF53^2+DG53^2)^0.5 -> -0.059246382 | EC53: =(DZ53^2+EA53^2)^0.5 -> 8.9437789 | ED53: =EC53*(1-EB53^2)^0.5 -> 8.9280681 | EE53: =W53-BE53 -> -8.5362423 | EF53: =X53-BF53 -> 2.645961 | EG53: =EE53-DZ53 -> -0.0067096 | EH53: =EF53-EA53 -> -0.044439 | EI53: =(EG53^2+EH53^2)^0.5 -> 0.044942669 | EJ53: =EI53/ED53 -> 0.0050338626
A54: 49 | B54: 0.00422635 | C54: 0.00853024 | D54: 8.51092e-05 | E54: -0.0406369 | F54: -0.162171 | G54: 0.0153932 | H54: 0.000399744 | I54: -0.000492767 | J54: 0.000813036 | K54: 0.000895885 | L54: -0.000988909 | M54: 0.531605 | N54: 0.000108332 | O54: 0.000115645 | P54: 0.00101794 | Q54: -0.0426427 | R54: 17.8228 | S54: -0.0203832 | T54: -0.0934149 | U54: -0.174918 | V54: 0.0153937 | W54: =Q54+T54 -> -0.1360576 | X54: =R54+U54 -> 17.647882 | Y54: 0.000390285 | Z54: -0.00105771 | AA54: 0.0015006 | AB54: 0.00133251 | AC54: -0.00199993 | AD54: 0.560728 | AE54: 0.000112562 | AF54: 0.000132644 | AG54: 0.00105891 | AH54: 0.16398 | AI54: -17.9784 | AJ54: 0.0178449 | AK54: 0.0155846 | AL54: -0.150304 | AM54: -0.0036831 | AN54: =AH54+AK54 -> 0.1795646 | AO54: =AI54+AL54 -> -18.128704 | AP54: -0.000770357 | AQ54: -0.000879173 | AR54: 0.00110982 | AS54: 0.000286675 | AT54: -0.00193621 | AU54: 0.760821 | AV54: 0.000121077 | AW54: 0.000116774 | AX54: 0.00114522 | AY54: 8.48689 | AZ54: 15.1324 | BA54: -0.107245 | BB54: -0.0841359 | BC54: -0.128874 | BD54: 0.0581656 | BE54: =AY54+BB54 -> 8.4027541 | BF54: =AZ54+BC54 -> 15.003526 | BG54: -0.000202976 | BH54: -0.000270012 | BI54: 0.000566986 | BJ54: 0.000332067 | BK54: -0.000805055 | BL54: 0.757234 | BM54: 0.000124139 | BN54: 0.000143911 | BO54: 0.00117089 | BP54: -8.52131 | BQ54: -14.4079 | BR54: -0.071984 | BS54: 0.00275718 | BT54: -0.196861 | BU54: -0.0648412 | BV54: =BP54+BS54 -> -8.5185528 | BW54: =BQ54+BT54 -> -14.604761 | BX54: 0.00018827 | BY54: 5.70119e-07 | BZ54: 0.000433357 | CA54: 0.000538056 | CB54: -0.000349215 | CC54: 0.679498 | CD54: 0.000109608 | CE54: 0.000114772 | CF54: 0.00102879 | CG54: -2052.02 | CH54: -2052.02 | CI54: -0.6139 | CJ54: -307.414 | CK54: -0.000664634 | CL54: =R54-AI54 -> 35.8012 | CM54: =((W54-AN54)^2+(X54-AO54)^2)^0.5 -> 35.777978 | CN54: =(CM54-CL54)/CL54 -> -0.00064863224 | CO54: =(X54-AO54)/CM54 -> 0.99996109 | CP54: =ACOS(CO54) -> 0.0088218035 | CQ54: =(AN54-W54)/CM54 -> 0.0088216891 | CR54: =CJ54*CO54 -> -307.40204 | CS54: =-CR54/D$2/A$2 -> 0.7472846 | CT54: =H54*CO54^2+I54*CQ54^2+2*J54*CO54*CQ54 -> 0.00041401869 | CU54: =H54*CQ54^2+I54*CO54^2-2*J54*CO54*CQ54 -> -0.00050704169 | CV54: =2*((I54-H54)*CO54*CQ54+J54*(CO54^2-CQ54^2)) -> 0.0016100726 | CW54: =CT54*K$2^2+CU54*J$2^2+J$2*K$2*CV54 -> -9.1506035e-05 | CX54: =CT54*J$2^2+CU54*K$2^2-J$2*K$2*CV54 -> -1.5169652e-06 | CY54: =(2*(CU54-CT54)*J$2*K$2+CV54*(K$2^2-J$2^2)) -> -0.0018527245 | CZ54: =-CY54 -> 0.0018527245 | DA54: =-CK54*CL54 -> 0.023794695 | DB54: =G$2*DA54/CL54 -> 0.0029288205 | DC54: =BP54-Q54 -> -8.4786673 | DD54: =BQ54-R54 -> -32.2307 | DE54: =(DC54^2+DD54^2)^0.5 -> 33.327253 | DF54: =AH54-AY54 -> -8.32291 | DG54: =AI54-AZ54 -> -33.1108 | DH54: =(DF54^2+DG54^2)^0.5 -> 34.140825 | DI54: =(DC54*DF54+DD54*DG54)/DE54/DH54 -> 0.99993982 | DJ54: =BV54-W54 -> -8.3824952 | DK54: =BW54-X54 -> -32.252643 | DL54: =(DJ54^2+DK54^2)^0.5 -> 33.324154 | DM54: =AN54-BE54 -> -8.2231895 | DN54: =AO54-BF54 -> -33.13223 | DO54: =(DM54^2+DN54^2)^0.5 -> 34.13745 | DP54: =(DJ54*DM54+DK54*DN54)/DL54/DO54 -> 0.99993952 | DQ54: =(DJ54*DC54+DK54*DD54)/DE54/DL54 -> 0.99999562 | DR54: =(DM54*DF54+DN54*DG54)/DH54/DO54 -> 0.99999554 | DS54: =DJ54/DL54 -> -0.25154413 | DT54: =DK54/DL54 -> -0.96784583 | DU54: =DS54^2*H54+DT54^2*I54+2*DS54*DT54*J54 -> -4.0416974e-05 | DV54: =DT54^2*H54+DS54^2*I54-2*DS54*DT54*J54 -> -5.2606026e-05 | DW54: =2*((I54-H54)*DS54*DT54+(DS54^2-DT54^2)*J54) -> -0.0018548686 | DX54: =-DW54 -> 0.0018548686 | DZ54: =Q54-AY54 -> -8.5295327 | EA54: =R54-AZ54 -> 2.6904 | EB54: =(DZ54*DF54+EA54*DG54)/(DZ54^2+EA54^2)^0.5/(DF54^2+DG54^2)^0.5 -> -0.059246382 | EC54: =(DZ54^2+EA54^2)^0.5 -> 8.9437789 | ED54: =EC54*(1-EB54^2)^0.5 -> 8.9280681 | EE54: =W54-BE54 -> -8.5388117 | EF54: =X54-BF54 -> 2.644356 | EG54: =EE54-DZ54 -> -0.009279 | EH54: =EF54-EA54 -> -0.046044 | EI54: =(EG54^2+EH54^2)^0.5 -> 0.046969669 | EJ54: =EI54/ED54 -> 0.0052608994
A55: 50 | B55: 0.00422635 | C55: 0.00853024 | D55: 8.51092e-05 | E55: -0.0431088 | F55: -0.16801 | G55: 0.0187342 | H55: 0.000314169 | I55: -0.000507837 | J55: 0.000880772 | K55: 0.000895393 | L55: -0.00108906 | M55: 0.564335 | N55: 0.000108605 | O55: 0.000115921 | P55: 0.00102008 | Q55: -0.0426427 | R55: 17.8228 | S55: -0.0203832 | T55: -0.0975903 | U55: -0.178282 | V55: 0.0431232 | W55: =Q55+T55 -> -0.140233 | X55: =R55+U55 -> 17.644518 | Y55: 2.5617e-05 | Z55: -0.000265151 | AA55: 0.00149423 | AB55: 0.00138198 | AC55: -0.00162152 | AD55: 0.737373 | AE55: 0.000106307 | AF55: 0.00012485 | AG55: 0.000996708 | AH55: 0.16398 | AI55: -17.9784 | AJ55: 0.0178449 | AK55: 0.0147354 | AL55: -0.153749 | AM55: 0.00915099 | AN55: =AH55+AK55 -> 0.1787154 | AO55: =AI55+AL55 -> -18.132149 | AP55: -0.000726184 | AQ55: -0.00119071 | AR55: 0.0011474 | AS55: 0.000212829 | AT55: -0.00212973 | AU55: 0.685373 | AV55: 0.000116089 | AW55: 0.000112023 | AX55: 0.00109844 | AY55: 8.48689 | AZ55: 15.1324 | BA55: -0.107245 | BB55: -0.0897924 | BC55: -0.131467 | BD55: 0.0903048 | BE55: =AY55+BB55 -> 8.3970976 | BF55: =AZ55+BC55 -> 15.000933 | BG55: -0.000371993 | BH55: 1.58629e-05 | BI55: 0.000477404 | BJ55: 0.000338273 | BK55: -0.000694403 | BL55: 0.980379 | BM55: 0.000122057 | BN55: 0.000141268 | BO55: 0.00115053 | BP55: -8.52131 | BQ55: -14.4079 | BR55: -0.071984 | BS55: 0.00102102 | BT55: -0.201996 | BU55: -0.042475 | BV55: =BP55+BS55 -> -8.520289 | BW55: =BQ55+BT55 -> -14.609896 | BX55: 0.00015016 | BY55: -0.000429994 | BZ55: 0.000248185 | CA55: 0.000241863 | CB55: -0.000521696 | CC55: 0.353671 | CD55: 0.000107689 | CE55: 0.000113086 | CF55: 0.00101356 | CG55: -2050.9 | CH55: -2050.9 | CI55: -0.6268 | CJ55: -313.879 | CK55: -0.000664057 | CL55: =R55-AI55 -> 35.8012 | CM55: =((W55-AN55)^2+(X55-AO55)^2)^0.5 -> 35.778089 | CN55: =(CM55-CL55)/CL55 -> -0.00064554591 | CO55: =(X55-AO55)/CM55 -> 0.99996026 | CP55: =ACOS(CO55) -> 0.0089147474 | CQ55: =(AN55-W55)/CM55 -> 0.0089146294 | CR55: =CJ55*CO55 -> -313.86653 | CS55: =-CR55/D$2/A$2 -> 0.76299957 | CT55: =H55*CO55^2+I55*CQ55^2+2*J55*CO55*CQ55 -> 0.00032980656 | CU55: =H55*CQ55^2+I55*CO55^2-2*J55*CO55*CQ55 -> -0.00052347456 | CV55: =2*((I55-H55)*CO55*CQ55+J55*(CO55^2-CQ55^2)) -> 0.0017466088 | CW55: =CT55*K$2^2+CU55*J$2^2+J$2*K$2*CV55 -> -8.0646352e-05 | CX55: =CT55*J$2^2+CU55*K$2^2-J$2*K$2*CV55 -> -0.00011302165 | CY55: =(2*(CU55-CT55)*J$2*K$2+CV55*(K$2^2-J$2^2)) -> -0.0019436262 | CZ55: =-CY55 -> 0.0019436262 | DA55: =-CK55*CL55 -> 0.023774037 | DB55: =G$2*DA55/CL55 -> 0.0029262778 | DC55: =BP55-Q55 -> -8.4786673 | DD55: =BQ55-R55 -> -32.2307 | DE55: =(DC55^2+DD55^2)^0.5 -> 33.327253 | DF55: =AH55-AY55 -> -8.32291 | DG55: =AI55-AZ55 -> -33.1108 | DH55: =(DF55^2+DG55^2)^0.5 -> 34.140825 | DI55: =(DC55*DF55+DD55*DG55)/DE55/DH55 -> 0.99993982 | DJ55: =BV55-W55 -> -8.380056 | DK55: =BW55-X55 -> -32.254414 | DL55: =(DJ55^2+DK55^2)^0.5 -> 33.325254 | DM55: =AN55-BE55 -> -8.2183822 | DN55: =AO55-BF55 -> -33.133082 | DO55: =(DM55^2+DN55^2)^0.5 -> 34.13712 | DP55: =(DJ55*DM55+DK55*DN55)/DL55/DO55 -> 0.99993888 | DQ55: =(DJ55*DC55+DK55*DD55)/DE55/DL55 -> 0.99999537 | DR55: =(DM55*DF55+DN55*DG55)/DH55/DO55 -> 0.99999511 | DS55: =DJ55/DL55 -> -0.25146263 | DT55: =DK55/DL55 -> -0.96786701 | DU55: =DS55^2*H55+DT55^2*I55+2*DS55*DT55*J55 -> -2.7129948e-05 | DV55: =DT55^2*H55+DS55^2*I55-2*DS55*DT55*J55 -> -0.00016653805 | DW55: =2*((I55-H55)*DS55*DT55+(DS55^2-DT55^2)*J55) -> -0.0019388905 | DX55: =-DW55 -> 0.0019388905 | DZ55: =Q55-AY55 -> -8.5295327 | EA55: =R55-AZ55 -> 2.6904 | EB55: =(DZ55*DF55+EA55*DG55)/(DZ55^2+EA55^2)^0.5/(DF55^2+DG55^2)^0.5 -> -0.059246382 | EC55: =(DZ55^2+EA55^2)^0.5 -> 8.9437789 | ED55: =EC55*(1-EB55^2)^0.5 -> 8.9280681 | EE55: =W55-BE55 -> -8.5373306 | EF55: =X55-BF55 -> 2.643585 | EG55: =EE55-DZ55 -> -0.0077979 | EH55: =EF55-EA55 -> -0.046815 | EI55: =(EG55^2+EH55^2)^0.5 -> 0.047459999 | EJ55: =EI55/ED55 -> 0.0053158195
A56: 51 | B56: 0.00422635 | C56: 0.00853024 | D56: 8.51092e-05 | E56: -0.0432376 | F56: -0.166665 | G56: 0.0184778 | H56: 0.000292049 | I56: -0.000509958 | J56: 0.000837327 | K56: 0.000828897 | L56: -0.00104681 | M56: 0.561401 | N56: 0.000108686 | O56: 0.000116029 | P56: 0.00102107 | Q56: -0.0426427 | R56: 17.8228 | S56: -0.0203832 | T56: -0.0990321 | U56: -0.178023 | V56: 0.0327519 | W56: =Q56+T56 -> -0.1416748 | X56: =R56+U56 -> 17.644777 | Y56: 2.20301e-05 | Z56: -0.000496717 | AA56: 0.00144987 | AB56: 0.00123586 | AC56: -0.00171055 | AD56: 0.697271 | AE56: 0.000109422 | AF56: 0.000128581 | AG56: 0.00102642 | AH56: 0.16398 | AI56: -17.9784 | AJ56: 0.0178449 | AK56: 0.0144078 | AL56: -0.153227 | AM56: 0.016486 | AN56: =AH56+AK56 -> 0.1783878 | AO56: =AI56+AL56 -> -18.131627 | AP56: -0.00089861 | AQ56: -0.00110328 | AR56: 0.00117609 | AS56: 0.000179982 | AT56: -0.00218187 | AU56: 0.741894 | AV56: 0.000119034 | AW56: 0.000115082 | AX56: 0.00112829 | AY56: 8.48689 | AZ56: 15.1324 | BA56: -0.107245 | BB56: -0.0904291 | BC56: -0.131229 | BD56: 0.0702179 | BE56: =AY56+BB56 -> 8.3964609 | BF56: =AZ56+BC56 -> 15.001171 | BG56: -0.000161413 | BH56: -0.000189807 | BI56: 0.000522549 | BJ56: 0.000347868 | BK56: -0.000699087 | BL56: 0.774101 | BM56: 0.00012597 | BN56: 0.000145692 | BO56: 0.00118714 | BP56: -8.52131 | BQ56: -14.4079 | BR56: -0.071984 | BS56: 0.0018026 | BT56: -0.201633 | BU56: -0.0336775 | BV56: =BP56+BS56 -> -8.5195074 | BW56: =BQ56+BT56 -> -14.609533 | BX56: 0.000199877 | BY56: -0.000387288 | BZ56: 0.000469087 | CA56: 0.000459706 | CB56: -0.000647117 | CC56: 0.505848 | CD56: 0.000109803 | CE56: 0.00011522 | CF56: 0.00103258 | CG56: -2050.71 | CH56: -2050.71 | CI56: -0.6278 | CJ56: -314.363 | CK56: -0.000670062 | CL56: =R56-AI56 -> 35.8012 | CM56: =((W56-AN56)^2+(X56-AO56)^2)^0.5 -> 35.777836 | CN56: =(CM56-CL56)/CL56 -> -0.00065261382 | CO56: =(X56-AO56)/CM56 -> 0.99995999 | CP56: =ACOS(CO56) -> 0.0089459539 | CQ56: =(AN56-W56)/CM56 -> 0.0089458346 | CR56: =CJ56*CO56 -> -314.35042 | CS56: =-CR56/D$2/A$2 -> 0.76417589 | CT56: =H56*CO56^2+I56*CQ56^2+2*J56*CO56*CQ56 -> 0.0003069654 | CU56: =H56*CQ56^2+I56*CO56^2-2*J56*CO56*CQ56 -> -0.0005248744 | CV56: =2*((I56-H56)*CO56*CQ56+J56*(CO56^2-CQ56^2)) -> 0.0016600373 | CW56: =CT56*K$2^2+CU56*J$2^2+J$2*K$2*CV56 -> -0.00010285953 | CX56: =CT56*J$2^2+CU56*K$2^2-J$2*K$2*CV56 -> -0.00011504947 | CY56: =(2*(CU56-CT56)*J$2*K$2+CV56*(K$2^2-J$2^2)) -> -0.0018567533 | CZ56: =-CY56 -> 0.0018567533 | DA56: =-CK56*CL56 -> 0.023989024 | DB56: =G$2*DA56/CL56 -> 0.0029527399 | DC56: =BP56-Q56 -> -8.4786673 | DD56: =BQ56-R56 -> -32.2307 | DE56: =(DC56^2+DD56^2)^0.5 -> 33.327253 | DF56: =AH56-AY56 -> -8.32291 | DG56: =AI56-AZ56 -> -33.1108 | DH56: =(DF56^2+DG56^2)^0.5 -> 34.140825 | DI56: =(DC56*DF56+DD56*DG56)/DE56/DH56 -> 0.99993982 | DJ56: =BV56-W56 -> -8.3778326 | DK56: =BW56-X56 -> -32.25431 | DL56: =(DJ56^2+DK56^2)^0.5 -> 33.324594 | DM56: =AN56-BE56 -> -8.2180731 | DN56: =AO56-BF56 -> -33.132798 | DO56: =(DM56^2+DN56^2)^0.5 -> 34.136769 | DP56: =(DJ56*DM56+DK56*DN56)/DL56/DO56 -> 0.99993951 | DQ56: =(DJ56*DC56+DK56*DD56)/DE56/DL56 -> 0.99999517 | DR56: =(DM56*DF56+DN56*DG56)/DH56/DO56 -> 0.99999508 | DS56: =DJ56/DL56 -> -0.25140089 | DT56: =DK56/DL56 -> -0.96788305 | DU56: =DS56^2*H56+DT56^2*I56+2*DS56*DT56*J56 -> -5.1781269e-05 | DV56: =DT56^2*H56+DS56^2*I56-2*DS56*DT56*J56 -> -0.00016612773 | DW56: =2*((I56-H56)*DS56*DT56+(DS56^2-DT56^2)*J56) -> -0.001853269 | DX56: =-DW56 -> 0.001853269 | DZ56: =Q56-AY56 -> -8.5295327 | EA56: =R56-AZ56 -> 2.6904 | EB56: =(DZ56*DF56+EA56*DG56)/(DZ56^2+EA56^2)^0.5/(DF56^2+DG56^2)^0.5 -> -0.059246382 | EC56: =(DZ56^2+EA56^2)^0.5 -> 8.9437789 | ED56: =EC56*(1-EB56^2)^0.5 -> 8.9280681 | EE56: =W56-BE56 -> -8.5381357 | EF56: =X56-BF56 -> 2.643606 | EG56: =EE56-DZ56 -> -0.008603 | EH56: =EF56-EA56 -> -0.046794 | EI56: =(EG56^2+EH56^2)^0.5 -> 0.047578252 | EJ56: =EI56/ED56 -> 0.0053290646
A57: 52 | B57: 0.00422635 | C57: 0.00853024 | D57: 8.51092e-05 | E57: -0.0428159 | F57: -0.167818 | G57: 0.0165127 | H57: 0.000127765 | I57: -0.000567203 | J57: 0.000923527 | K57: 0.000785421 | L57: -0.00122486 | M57: 0.603095 | N57: 0.000108613 | O57: 0.00011593 | P57: 0.00102023 | Q57: -0.0426427 | R57: 17.8228 | S57: -0.0203832 | T57: -0.0989373 | U57: -0.179459 | V57: 0.0205675 | W57: =Q57+T57 -> -0.14158 | X57: =R57+U57 -> 17.643341 | Y57: 0.000483593 | Z57: -0.000215043 | AA57: 0.00114635 | AB57: 0.00133324 | AC57: -0.00106469 | AD57: 0.638298 | AE57: 0.000109662 | AF57: 0.000128905 | AG57: 0.001029 | AH57: 0.16398 | AI57: -17.9784 | AJ57: 0.0178449 | AK57: 0.0149238 | AL57: -0.153658 | AM57: 0.0148817 | AN57: =AH57+AK57 -> 0.1789038 | AO57: =AI57+AL57 -> -18.132058 | AP57: -0.00109069 | AQ57: -0.00118717 | AR57: 0.00128 | AS57: 0.000142212 | AT57: -0.00242007 | AU57: 0.766501 | AV57: 0.000119622 | AW57: 0.000115016 | AX57: 0.00112822 | AY57: 8.48689 | AZ57: 15.1324 | BA57: -0.107245 | BB57: -0.0914905 | BC57: -0.132835 | BD57: 0.0857754 | BE57: =AY57+BB57 -> 8.3953995 | BF57: =AZ57+BC57 -> 14.999565 | BG57: -0.000423577 | BH57: -0.000591473 | BI57: 0.000680127 | BJ57: 0.000177838 | BK57: -0.00119289 | BL57: 0.72412 | BM57: 0.000125069 | BN57: 0.000144795 | BO57: 0.00117904 | BP57: -8.52131 | BQ57: -14.4079 | BR57: -0.071984 | BS57: 0.00249762 | BT57: -0.202933 | BU57: -0.0434657 | BV57: =BP57+BS57 -> -8.5188124 | BW57: =BQ57+BT57 -> -14.610833 | BX57: 9.27028e-05 | BY57: -0.000221472 | BZ57: 0.000458076 | CA57: 0.00042017 | CB57: -0.00054894 | CC57: 0.620882 | CD57: 0.000107913 | CE57: 0.000113091 | CF57: 0.00101357 | CG57: -2050.59 | CH57: -2050.59 | CI57: -0.6291 | CJ57: -315.01 | CK57: -0.00069948 | CL57: =R57-AI57 -> 35.8012 | CM57: =((W57-AN57)^2+(X57-AO57)^2)^0.5 -> 35.776834 | CN57: =(CM57-CL57)/CL57 -> -0.00068057906 | CO57: =(X57-AO57)/CM57 -> 0.99995988 | CP57: =ACOS(CO57) -> 0.0089579777 | CQ57: =(AN57-W57)/CM57 -> 0.0089578579 | CR57: =CJ57*CO57 -> -314.99736 | CS57: =-CR57/D$2/A$2 -> 0.76574859 | CT57: =H57*CO57^2+I57*CQ57^2+2*J57*CO57*CQ57 -> 0.00014425422 | CU57: =H57*CQ57^2+I57*CO57^2-2*J57*CO57*CQ57 -> -0.00058369222 | CV57: =2*((I57-H57)*CO57*CQ57+J57*(CO57^2-CQ57^2)) -> 0.0018343072 | CW57: =CT57*K$2^2+CU57*J$2^2+J$2*K$2*CV57 -> -0.00012778881 | CX57: =CT57*J$2^2+CU57*K$2^2-J$2*K$2*CV57 -> -0.00031164919 | CY57: =(2*(CU57-CT57)*J$2*K$2+CV57*(K$2^2-J$2^2)) -> -0.0019648879 | CZ57: =-CY57 -> 0.0019648879 | DA57: =-CK57*CL57 -> 0.025042223 | DB57: =G$2*DA57/CL57 -> 0.0030823752 | DC57: =BP57-Q57 -> -8.4786673 | DD57: =BQ57-R57 -> -32.2307 | DE57: =(DC57^2+DD57^2)^0.5 -> 33.327253 | DF57: =AH57-AY57 -> -8.32291 | DG57: =AI57-AZ57 -> -33.1108 | DH57: =(DF57^2+DG57^2)^0.5 -> 34.140825 | DI57: =(DC57*DF57+DD57*DG57)/DE57/DH57 -> 0.99993982 | DJ57: =BV57-W57 -> -8.3772324 | DK57: =BW57-X57 -> -32.254174 | DL57: =(DJ57^2+DK57^2)^0.5 -> 33.324312 | DM57: =AN57-BE57 -> -8.2164957 | DN57: =AO57-BF57 -> -33.131623 | DO57: =(DM57^2+DN57^2)^0.5 -> 34.135249 | DP57: =(DJ57*DM57+DK57*DN57)/DL57/DO57 -> 0.99993928 | DQ57: =(DJ57*DC57+DK57*DD57)/DE57/DL57 -> 0.99999512 | DR57: =(DM57*DF57+DN57*DG57)/DH57/DO57 -> 0.99999497 | DS57: =DJ57/DL57 -> -0.25138501 | DT57: =DK57/DL57 -> -0.96788717 | DU57: =DS57^2*H57+DT57^2*I57+2*DS57*DT57*J57 -> -7.3873898e-05 | DV57: =DT57^2*H57+DS57^2*I57-2*DS57*DT57*J57 -> -0.0003655641 | DW57: =2*((I57-H57)*DS57*DT57+(DS57^2-DT57^2)*J57) -> -0.0019517955 | DX57: =-DW57 -> 0.0019517955 | DZ57: =Q57-AY57 -> -8.5295327 | EA57: =R57-AZ57 -> 2.6904 | EB57: =(DZ57*DF57+EA57*DG57)/(DZ57^2+EA57^2)^0.5/(DF57^2+DG57^2)^0.5 -> -0.059246382 | EC57: =(DZ57^2+EA57^2)^0.5 -> 8.9437789 | ED57: =EC57*(1-EB57^2)^0.5 -> 8.9280681 | EE57: =W57-BE57 -> -8.5369795 | EF57: =X57-BF57 -> 2.643776 | EG57: =EE57-DZ57 -> -0.0074468 | EH57: =EF57-EA57 -> -0.046624 | EI57: =(EG57^2+EH57^2)^0.5 -> 0.047214957 | EJ57: =EI57/ED57 -> 0.0052883733
A58: 53 | B58: 0.00422635 | C58: 0.00853024 | D58: 8.51092e-05 | E58: -0.0434248 | F58: -0.168575 | G58: 0.00719355 | H58: 0.000185546 | I58: -0.000492031 | J58: 0.000840171 | K58: 0.000762757 | L58: -0.00106924 | M58: 0.595605 | N58: 0.000108897 | O58: 0.00011628 | P58: 0.00102311 | Q58: -0.0426427 | R58: 17.8228 | S58: -0.0203832 | T58: -0.101097 | U58: -0.179414 | V58: 0.0249366 | W58: =Q58+T58 -> -0.1437397 | X58: =R58+U58 -> 17.643386 | Y58: -8.61025e-05 | Z58: -0.000540084 | AA58: 0.00137859 | AB58: 0.00108454 | AC58: -0.00171073 | AD58: 0.704383 | AE58: 0.000111951 | AF58: 0.000131222 | AG58: 0.0010474 | AH58: 0.16398 | AI58: -17.9784 | AJ58: 0.0178449 | AK58: 0.0158015 | AL58: -0.155609 | AM58: 0.000983206 | AN58: =AH58+AK58 -> 0.1797815 | AO58: =AI58+AL58 -> -18.134009 | AP58: -0.000677134 | AQ58: -0.000947341 | AR58: 0.0010632 | AS58: 0.000260039 | AT58: -0.00188451 | AU58: 0.721995 | AV58: 0.000120448 | AW58: 0.000116005 | AX58: 0.00113771 | AY58: 8.48689 | AZ58: 15.1324 | BA58: -0.107245 | BB58: -0.0934423 | BC58: -0.133026 | BD58: 0.0667176 | BE58: =AY58+BB58 -> 8.3934477 | BF58: =AZ58+BC58 -> 14.999374 | BG58: -0.000107152 | BH58: -0.000211684 | BI58: 0.000454683 | BJ58: 0.000298415 | BK58: -0.000617251 | BL58: 0.728875 | BM58: 0.000126868 | BN58: 0.000147435 | BO58: 0.00119761 | BP58: -8.52131 | BQ58: -14.4079 | BR58: -0.071984 | BS58: 0.00310359 | BT58: -0.204669 | BU58: -0.0558404 | BV58: =BP58+BS58 -> -8.5182064 | BW58: =BQ58+BT58 -> -14.612569 | BX58: 6.47527e-05 | BY58: -4.62324e-05 | BZ58: 0.00047296 | CA58: 0.000485964 | CB58: -0.000467443 | CC58: 0.7276 | CD58: 0.000108668 | CE58: 0.000113721 | CF58: 0.0010195 | CG58: -2050.27 | CH58: -2050.27 | CI58: -0.631 | CJ58: -315.98 | CK58: -0.000641614 | CL58: =R58-AI58 -> 35.8012 | CM58: =((W58-AN58)^2+(X58-AO58)^2)^0.5 -> 35.778858 | CN58: =(CM58-CL58)/CL58 -> -0.00062406543 | CO58: =(X58-AO58)/CM58 -> 0.99995912 | CP58: =ACOS(CO58) -> 0.0090423683 | CQ58: =(AN58-W58)/CM58 -> 0.0090422451 | CR58: =CJ58*CO58 -> -315.96708 | CS58: =-CR58/D$2/A$2 -> 0.76810595 | CT58: =H58*CO58^2+I58*CQ58^2+2*J58*CO58*CQ58 -> 0.00020068404 | CU58: =H58*CQ58^2+I58*CO58^2-2*J58*CO58*CQ58 -> -0.00050716904 | CV58: =2*((I58-H58)*CO58*CQ58+J58*(CO58^2-CQ58^2)) -> 0.0016678141 | CW58: =CT58*K$2^2+CU58*J$2^2+J$2*K$2*CV58 -> -9.0142077e-05 | CX58: =CT58*J$2^2+CU58*K$2^2-J$2*K$2*CV58 -> -0.00021634292 | CY58: =(2*(CU58-CT58)*J$2*K$2+CV58*(K$2^2-J$2^2)) -> -0.0018074106 | CZ58: =-CY58 -> 0.0018074106 | DA58: =-CK58*CL58 -> 0.022970551 | DB58: =G$2*DA58/CL58 -> 0.002827379 | DC58: =BP58-Q58 -> -8.4786673 | DD58: =BQ58-R58 -> -32.2307 | DE58: =(DC58^2+DD58^2)^0.5 -> 33.327253 | DF58: =AH58-AY58 -> -8.32291 | DG58: =AI58-AZ58 -> -33.1108 | DH58: =(DF58^2+DG58^2)^0.5 -> 34.140825 | DI58: =(DC58*DF58+DD58*DG58)/DE58/DH58 -> 0.99993982 | DJ58: =BV58-W58 -> -8.3744667 | DK58: =BW58-X58 -> -32.255955 | DL58: =(DJ58^2+DK58^2)^0.5 -> 33.325341 | DM58: =AN58-BE58 -> -8.2136662 | DN58: =AO58-BF58 -> -33.133383 | DO58: =(DM58^2+DN58^2)^0.5 -> 34.136277 | DP58: =(DJ58*DM58+DK58*DN58)/DL58/DO58 -> 0.99993929 | DQ58: =(DJ58*DC58+DK58*DD58)/DE58/DL58 -> 0.99999483 | DR58: =(DM58*DF58+DN58*DG58)/DH58/DO58 -> 0.99999467 | DS58: =DJ58/DL58 -> -0.25129426 | DT58: =DK58/DL58 -> -0.96791074 | DU58: =DS58^2*H58+DT58^2*I58+2*DS58*DT58*J58 -> -4.053255e-05 | DV58: =DT58^2*H58+DS58^2*I58-2*DS58*DT58*J58 -> -0.00026595245 | DW58: =2*((I58-H58)*DS58*DT58+(DS58^2-DT58^2)*J58) -> -0.0017977335 | DX58: =-DW58 -> 0.0017977335 | DZ58: =Q58-AY58 -> -8.5295327 | EA58: =R58-AZ58 -> 2.6904 | EB58: =(DZ58*DF58+EA58*DG58)/(DZ58^2+EA58^2)^0.5/(DF58^2+DG58^2)^0.5 -> -0.059246382 | EC58: =(DZ58^2+EA58^2)^0.5 -> 8.9437789 | ED58: =EC58*(1-EB58^2)^0.5 -> 8.9280681 | EE58: =W58-BE58 -> -8.5371874 | EF58: =X58-BF58 -> 2.644012 | EG58: =EE58-DZ58 -> -0.0076547 | EH58: =EF58-EA58 -> -0.046388 | EI58: =(EG58^2+EH58^2)^0.5 -> 0.047015327 | EJ58: =EI58/ED58 -> 0.0052660135
A59: 54 | B59: 0.00422635 | C59: 0.00853024 | D59: 8.51092e-05 | E59: -0.0449608 | F59: -0.173662 | G59: 0.0095212 | H59: 0.000388788 | I59: -0.000460816 | J59: 0.000810611 | K59: 0.000885336 | L59: -0.000957365 | M59: 0.541112 | N59: 0.000108809 | O59: 0.00011616 | P59: 0.00102195 | Q59: -0.0426427 | R59: 17.8228 | S59: -0.0203832 | T59: -0.105081 | U59: -0.185189 | V59: 0.0280452 | W59: =Q59+T59 -> -0.1477237 | X59: =R59+U59 -> 17.637611 | Y59: 0.000244741 | Z59: -0.000941854 | AA59: 0.00146374 | AB59: 0.00123105 | AC59: -0.00192816 | AD59: 0.593102 | AE59: 0.000105564 | AF59: 0.000124157 | AG59: 0.00099114 | AH59: 0.16398 | AI59: -17.9784 | AJ59: 0.0178449 | AK59: 0.016789 | AL59: -0.160851 | AM59: 0.0022859 | AN59: =AH59+AK59 -> 0.180769 | AO59: =AI59+AL59 -> -18.139251 | AP59: -0.00081036 | AQ59: -0.00124551 | AR59: 0.00116032 | AS59: 0.000152967 | AT59: -0.00220884 | AU59: 0.692615 | AV59: 0.000122707 | AW59: 0.00011832 | AX59: 0.0011602 | AY59: 8.48689 | AZ59: 15.1324 | BA59: -0.107245 | BB59: -0.0958987 | BC59: -0.135735 | BD59: 0.0794949 | BE59: =AY59+BB59 -> 8.3909913 | BF59: =AZ59+BC59 -> 14.996665 | BG59: -3.3297e-05 | BH59: -0.00033309 | BI59: 0.000385033 | BJ59: 0.000230081 | BK59: -0.000596468 | BL59: 0.600451 | BM59: 0.000128184 | BN59: 0.000148984 | BO59: 0.00121003 | BP59: -8.52131 | BQ59: -14.4079 | BR59: -0.071984 | BS59: 0.0033025 | BT59: -0.211807 | BU59: -0.057722 | BV59: =BP59+BS59 -> -8.5180075 | BW59: =BQ59+BT59 -> -14.619707 | BX59: 7.51829e-05 | BY59: -9.62224e-05 | BZ59: 0.00032072 | CA59: 0.000321923 | CB59: -0.000342963 | CC59: 0.656826 | CD59: 0.000113066 | CE59: 0.000118575 | CF59: 0.0010627 | CG59: -2049.21 | CH59: -2049.21 | CI59: -0.6481 | CJ59: -324.546 | CK59: -0.000654401 | CL59: =R59-AI59 -> 35.8012 | CM59: =((W59-AN59)^2+(X59-AO59)^2)^0.5 -> 35.77837 | CN59: =(CM59-CL59)/CL59 -> -0.00063768728 | CO59: =(X59-AO59)/CM59 -> 0.99995785 | CP59: =ACOS(CO59) -> 0.00918145 | CQ59: =(AN59-W59)/CM59 -> 0.009181321 | CR59: =CJ59*CO59 -> -324.53232 | CS59: =-CR59/D$2/A$2 -> 0.78892777 | CT59: =H59*CO59^2+I59*CQ59^2+2*J59*CO59*CQ59 -> 0.00040360071 | CU59: =H59*CQ59^2+I59*CO59^2-2*J59*CO59*CQ59 -> -0.00047562871 | CV59: =2*((I59-H59)*CO59*CQ59+J59*(CO59^2-CQ59^2)) -> 0.0016053484 | CW59: =CT59*K$2^2+CU59*J$2^2+J$2*K$2*CV59 -> -6.3443369e-05 | CX59: =CT59*J$2^2+CU59*K$2^2-J$2*K$2*CV59 -> -8.5846312e-06 | CY59: =(2*(CU59-CT59)*J$2*K$2+CV59*(K$2^2-J$2^2)) -> -0.0018295295 | CZ59: =-CY59 -> 0.0018295295 | DA59: =-CK59*CL59 -> 0.023428341 | DB59: =G$2*DA59/CL59 -> 0.0028837271 | DC59: =BP59-Q59 -> -8.4786673 | DD59: =BQ59-R59 -> -32.2307 | DE59: =(DC59^2+DD59^2)^0.5 -> 33.327253 | DF59: =AH59-AY59 -> -8.32291 | DG59: =AI59-AZ59 -> -33.1108 | DH59: =(DF59^2+DG59^2)^0.5 -> 34.140825 | DI59: =(DC59*DF59+DD59*DG59)/DE59/DH59 -> 0.99993982 | DJ59: =BV59-W59 -> -8.3702838 | DK59: =BW59-X59 -> -32.257318 | DL59: =(DJ59^2+DK59^2)^0.5 -> 33.325609 | DM59: =AN59-BE59 -> -8.2102223 | DN59: =AO59-BF59 -> -33.135916 | DO59: =(DM59^2+DN59^2)^0.5 -> 34.137907 | DP59: =(DJ59*DM59+DK59*DN59)/DL59/DO59 -> 0.99993947 | DQ59: =(DJ59*DC59+DK59*DD59)/DE59/DL59 -> 0.99999439 | DR59: =(DM59*DF59+DN59*DG59)/DH59/DO59 -> 0.99999429 | DS59: =DJ59/DL59 -> -0.25116672 | DT59: =DK59/DL59 -> -0.96794384 | DU59: =DS59^2*H59+DT59^2*I59+2*DS59*DT59*J59 -> -1.3075135e-05 | DV59: =DT59^2*H59+DS59^2*I59-2*DS59*DT59*J59 -> -5.8952865e-05 | DW59: =2*((I59-H59)*DS59*DT59+(DS59^2-DT59^2)*J59) -> -0.0018297768 | DX59: =-DW59 -> 0.0018297768 | DZ59: =Q59-AY59 -> -8.5295327 | EA59: =R59-AZ59 -> 2.6904 | EB59: =(DZ59*DF59+EA59*DG59)/(DZ59^2+EA59^2)^0.5/(DF59^2+DG59^2)^0.5 -> -0.059246382 | EC59: =(DZ59^2+EA59^2)^0.5 -> 8.9437789 | ED59: =EC59*(1-EB59^2)^0.5 -> 8.9280681 | EE59: =W59-BE59 -> -8.538715 | EF59: =X59-BF59 -> 2.640946 | EG59: =EE59-DZ59 -> -0.0091823 | EH59: =EF59-EA59 -> -0.049454 | EI59: =(EG59^2+EH59^2)^0.5 -> 0.050299232 | EJ59: =EI59/ED59 -> 0.0056338316
A60: 55 | B60: 0.00422635 | C60: 0.00853024 | D60: 8.51092e-05 | E60: -0.0447715 | F60: -0.175592 | G60: 0.0283741 | H60: 0.000292613 | I60: -0.000538505 | J60: 0.000895346 | K60: 0.000872361 | L60: -0.00111825 | M60: 0.567811 | N60: 0.000108801 | O60: 0.000116131 | P60: 0.00102173 | Q60: -0.0426427 | R60: 17.8228 | S60: -0.0203832 | T60: -0.105506 | U60: -0.188304 | V60: 0.046001 | W60: =Q60+T60 -> -0.1481487 | X60: =R60+U60 -> 17.634496 | Y60: 9.84975e-05 | Z60: -0.00108809 | AA60: 0.00143994 | AB60: 0.0010627 | AC60: -0.00205229 | AD60: 0.590185 | AE60: 0.000106697 | AF60: 0.000125354 | AG60: 0.00100075 | AH60: 0.16398 | AI60: -17.9784 | AJ60: 0.0178449 | AK60: 0.0188939 | AL60: -0.162345 | AM60: 0.0136202 | AN60: =AH60+AK60 -> 0.1828739 | AO60: =AI60+AL60 -> -18.140745 | AP60: -0.000950745 | AQ60: -0.000886537 | AR60: 0.00120999 | AS60: 0.000292364 | AT60: -0.00212965 | AU60: 0.798492 | AV60: 0.000122692 | AW60: 0.000117943 | AX60: 0.0011571 | AY60: 8.48689 | AZ60: 15.1324 | BA60: -0.107245 | BB60: -0.0973138 | BC60: -0.137857 | BD60: 0.0934848 | BE60: =AY60+BB60 -> 8.3895762 | BF60: =AZ60+BC60 -> 14.994543 | BG60: -0.000336206 | BH60: -0.000638511 | BI60: 0.000460054 | BJ60: -3.02801e-06 | BK60: -0.000971689 | BL60: 0.627045 | BM60: 0.00012611 | BN60: 0.000146737 | BO60: 0.00119092 | BP60: -8.52131 | BQ60: -14.4079 | BR60: -0.071984 | BS60: 0.00473226 | BT60: -0.214355 | BU60: -0.0488608 | BV60: =BP60+BS60 -> -8.5165777 | BW60: =BQ60+BT60 -> -14.622255 | BX60: 0.000270043 | BY60: -5.1884e-05 | BZ60: 0.000460095 | CA60: 0.000596668 | CB60: -0.00037851 | CC60: 0.617668 | CD60: 0.000108659 | CE60: 0.000114121 | CF60: 0.00102262 | CG60: -2048.4 | CH60: -2048.4 | CI60: -0.6532 | CJ60: -327.132 | CK60: -0.000699027 | CL60: =R60-AI60 -> 35.8012 | CM60: =((W60-AN60)^2+(X60-AO60)^2)^0.5 -> 35.776772 | CN60: =(CM60-CL60)/CL60 -> -0.00068231185 | CO60: =(X60-AO60)/CM60 -> 0.9999572 | CP60: =ACOS(CO60) -> 0.0092525765 | CQ60: =(AN60-W60)/CM60 -> 0.0092524445 | CR60: =CJ60*CO60 -> -327.118 | CS60: =-CR60/D$2/A$2 -> 0.79521347 | CT60: =H60*CO60^2+I60*CQ60^2+2*J60*CO60*CQ60 -> 0.00030910942 | CU60: =H60*CQ60^2+I60*CO60^2-2*J60*CO60*CQ60 -> -0.00055500142 | CV60: =2*((I60-H60)*CO60*CQ60+J60*(CO60^2-CQ60^2)) -> 0.0017750063 | CW60: =CT60*K$2^2+CU60*J$2^2+J$2*K$2*CV60 -> -0.00010513918 | CX60: =CT60*J$2^2+CU60*K$2^2-J$2*K$2*CV60 -> -0.00014075282 | CY60: =(2*(CU60-CT60)*J$2*K$2+CV60*(K$2^2-J$2^2)) -> -0.0019738456 | CZ60: =-CY60 -> 0.0019738456 | DA60: =-CK60*CL60 -> 0.025026005 | DB60: =G$2*DA60/CL60 -> 0.003080379 | DC60: =BP60-Q60 -> -8.4786673 | DD60: =BQ60-R60 -> -32.2307 | DE60: =(DC60^2+DD60^2)^0.5 -> 33.327253 | DF60: =AH60-AY60 -> -8.32291 | DG60: =AI60-AZ60 -> -33.1108 | DH60: =(DF60^2+DG60^2)^0.5 -> 34.140825 | DI60: =(DC60*DF60+DD60*DG60)/DE60/DH60 -> 0.99993982 | DJ60: =BV60-W60 -> -8.368429 | DK60: =BW60-X60 -> -32.256751 | DL60: =(DJ60^2+DK60^2)^0.5 -> 33.324594 | DM60: =AN60-BE60 -> -8.2067023 | DN60: =AO60-BF60 -> -33.135288 | DO60: =(DM60^2+DN60^2)^0.5 -> 34.136451 | DP60: =(DJ60*DM60+DK60*DN60)/DL60/DO60 -> 0.99993896 | DQ60: =(DJ60*DC60+DK60*DD60)/DE60/DL60 -> 0.99999423 | DR60: =(DM60*DF60+DN60*DG60)/DH60/DO60 -> 0.99999396 | DS60: =DJ60/DL60 -> -0.25111871 | DT60: =DK60/DL60 -> -0.9679563 | DU60: =DS60^2*H60+DT60^2*I60+2*DS60*DT60*J60 -> -5.0827229e-05 | DV60: =DT60^2*H60+DS60^2*I60-2*DS60*DT60*J60 -> -0.00019506477 | DW60: =2*((I60-H60)*DS60*DT60+(DS60^2-DT60^2)*J60) -> -0.0019688907 | DX60: =-DW60 -> 0.0019688907 | DZ60: =Q60-AY60 -> -8.5295327 | EA60: =R60-AZ60 -> 2.6904 | EB60: =(DZ60*DF60+EA60*DG60)/(DZ60^2+EA60^2)^0.5/(DF60^2+DG60^2)^0.5 -> -0.059246382 | EC60: =(DZ60^2+EA60^2)^0.5 -> 8.9437789 | ED60: =EC60*(1-EB60^2)^0.5 -> 8.9280681 | EE60: =W60-BE60 -> -8.5377249 | EF60: =X60-BF60 -> 2.639953 | EG60: =EE60-DZ60 -> -0.0081922 | EH60: =EF60-EA60 -> -0.050447 | EI60: =(EG60^2+EH60^2)^0.5 -> 0.051107846 | EJ60: =EI60/ED60 -> 0.0057244015
... A780: 775 | B780: -0.0301304 | C780: -0.0841755 | D780: 0.000156626 | E780: -0.0414008 | F780: -2.32974 | G780: 0.0618171 | H780: 0.0151335 | I780: -0.0134688 | J780: 0.0250577 | K780: 0.0299097 | L780: -0.028245 | M780: 0.53059 | N780: 0.000234299 | O780: 0.000251041 | P780: 0.00219874 | Q780: -0.0426427 | R780: 17.8228 | S780: -0.0203832 | T780: -1.85729 | U780: -2.71113 | V780: 0.093328 | W780: =Q780+T780 -> -1.8999327 | X780: =R780+U780 -> 15.11167 | Y780: 0.0219604 | Z780: -0.0185328 | AA780: 0.0164393 | AB780: 0.0278384 | AC780: -0.0244108 | AD780: 0.340047 | AE780: 0.000703521 | AF780: 0.000868947 | AG780: 0.00697558 | AH780: 0.16398 | AI780: -17.9784 | AJ780: 0.0178449 | AK780: 1.80387 | AL780: -1.84843 | AM780: 0.0632769 | AN780: =AH780+AK780 -> 1.96785 | AO780: =AI780+AL780 -> -19.82683 | AP780: -0.00755203 | AQ780: -0.0142811 | AR780: 0.0132636 | AS780: 0.00280915 | AT780: -0.0246423 | AU780: 0.664912 | AV780: 0.000223128 | AW780: 0.000213278 | AX780: 0.00209145 | AY780: 8.48689 | AZ780: 15.1324 | BA780: -0.107245 | BB780: -1.58557 | BC780: -1.1868 | BD780: 0.23521 | BE780: =AY780+BB780 -> 6.90132 | BF780: =AZ780+BC780 -> 13.9456 | BG780: -0.00834718 | BH780: -0.00364818 | BI780: 0.00668685 | BJ780: 0.00190795 | BK780: -0.0139033 | BL780: 0.987795 | BM780: 0.000221392 | BN780: 0.000262113 | BO780: 0.00209342 | BP780: -8.52131 | BQ780: -14.4079 | BR780: -0.071984 | BS780: 1.44762 | BT780: -3.39842 | BU780: -0.129733 | BV780: =BP780+BS780 -> -7.07369 | BW780: =BQ780+BT780 -> -17.80632 | BX780: 0.00190089 | BY780: -0.00326119 | BZ780: 0.00688853 | CA780: 0.00667698 | CB780: -0.00803728 | CC780: 0.605942 | CD780: 0.000139393 | CE780: 0.000144791 | CF780: 0.00129991 | CG780: -1568.61 | CH780: -1568.61 | CI780: -5.7738 | CJ780: -2895.08 | CK780: -0.0181408 | CL780: =R780-AI780 -> 35.8012 | CM780: =((W780-AN780)^2+(X780-AO780)^2)^0.5 -> 35.151935 | CN780: =(CM780-CL780)/CL780 -> -0.01813529 | CO780: =(X780-AO780)/CM780 -> 0.99392822 | CP780: =ACOS(CO780) -> 0.11025367 | CQ780: =(AN780-W780)/CM780 -> 0.11003044 | CR780: =CJ780*CO780 -> -2877.5017 | CS780: =-CR780/D$2/A$2 -> 6.9951153 | CT780: =H780*CO780^2+I780*CQ780^2+2*J780*CO780*CQ780 -> 0.020267959 | CU780: =H780*CQ780^2+I780*CO780^2-2*J780*CO780*CQ780 -> -0.018603259 | CV780: =2*((I780-H780)*CO780*CQ780+J780*(CO780^2-CQ780^2)) -> 0.042645906 | CW780: =CT780*K$2^2+CU780*J$2^2+J$2*K$2*CV780 -> -0.0068086298 | CX780: =CT780*J$2^2+CU780*K$2^2-J$2*K$2*CV780 -> 0.0084733298 | CY780: =(2*(CU780-CT780)*J$2*K$2+CV780*(K$2^2-J$2^2)) -> -0.055642669 | CZ780: =-CY780 -> 0.055642669 | DA780: =-CK780*CL780 -> 0.64946241 | DB780: =G$2*DA780/CL780 -> 0.079940459 | DC780: =BP780-Q780 -> -8.4786673 | DD780: =BQ780-R780 -> -32.2307 | DE780: =(DC780^2+DD780^2)^0.5 -> 33.327253 | DF780: =AH780-AY780 -> -8.32291 | DG780: =AI780-AZ780 -> -33.1108 | DH780: =(DF780^2+DG780^2)^0.5 -> 34.140825 | DI780: =(DC780*DF780+DD780*DG780)/DE780/DH780 -> 0.99993982 | DJ780: =BV780-W780 -> -5.1737573 | DK780: =BW780-X780 -> -32.91799 | DL780: =(DJ780^2+DK780^2)^0.5 -> 33.322092 | DM780: =AN780-BE780 -> -4.93347 | DN780: =AO780-BF780 -> -33.77243 | DO780: =(DM780^2+DN780^2)^0.5 -> 34.130868 | DP780: =(DJ780*DM780+DK780*DN780)/DL780/DO780 -> 0.99994123 | DQ780: =(DJ780*DC780+DK780*DD780)/DE780/DL780 -> 0.99486969 | DR780: =(DM780*DF780+DN780*DG780)/DH780/DO780 -> 0.99488269 | DS780: =DJ780/DL780 -> -0.15526508 | DT780: =DK780/DL780 -> -0.98787284 | DU780: =DS780^2*H780+DT780^2*I780+2*DS780*DT780*J780 -> -0.0050924693 | DV780: =DT780^2*H780+DS780^2*I780-2*DS780*DT780*J780 -> 0.0067571693 | DW780: =2*((I780-H780)*DS780*DT780+(DS780^2-DT780^2)*J780) -> -0.056473276 | DX780: =-DW780 -> 0.056473276 | DZ780: =Q780-AY780 -> -8.5295327 | EA780: =R780-AZ780 -> 2.6904 | EB780: =(DZ780*DF780+EA780*DG780)/(DZ780^2+EA780^2)^0.5/(DF780^2+DG780^2)^0.5 -> -0.059246382 | EC780: =(DZ780^2+EA780^2)^0.5 -> 8.9437789 | ED780: =EC780*(1-EB780^2)^0.5 -> 8.9280681 | EE780: =W780-BE780 -> -8.8012527 | EF780: =X780-BF780 -> 1.16607 | EG780: =EE780-DZ780 -> -0.27172 | EH780: =EF780-EA780 -> -1.52433 | EI780: =(EG780^2+EH780^2)^0.5 -> 1.5483584 | EJ780: =EI780/ED780 -> 0.17342592

Sheet OLS13-2
A1: w | B1: t | C1: a | D1: L, mm | E1: tg(theta) | F1: ctg(theta) | G1: (2+tg^2+ctg^2)^0,5 | J1: cos | K1: sin | L1: acos | CZ1: =MATCH(CS3,CS5:CS1048576,0)-1 -> 332 | DB1: =MATCH(CS3,CS5:CS1048576,0)-1 -> 332
A2: =2*5 -> 10 | B2: 9.6 | C2: 40 | D2: =(B2^2+C2^2)^0.5 -> 41.135872 | E2: =B2/C2 -> 0.24 | F2: =1/E2 -> 4.1666667 | G2: =(2+E2^2+F2^2)^0.5 -> 4.4066667 | J2: =C2/D2 -> 0.9723873 | K2: =(1-J2^2)^0.5 -> 0.23337295 | L2: =ACOS(J2) -> 0.23554498 | CS2: Ult Stress, MPa | CZ2: Failure Strains, % | DA2: G13, MPa | DB2: Failure Strains, % | DC2: G13, MPa
A3: Average | Q3: P0 | T3: =MIN(T5:T339) -> -1.95297 | AH3: P1 | AY3: P2 | BP3: P3 | CG3: Analog | CK3: E0 | CS3: =MAX(CS5:CS1048576) -> 8.0488033 | CY3: =CS136/CZ136 -> 380.97534 | CZ3: =INDEX(CZ5:CZ1048576,MATCH(CS3,CS5:CS1048576,0)) -> 0.049186442 | DA3: =INDEX(LINEST(CS60:CS136,CZ60:CZ136),1) -> 335.64297 | DB3: =INDEX(DB5:DB1048576,MATCH(CS3,CS5:CS1048576,0)) -> 0.074022746 | DC3: =INDEX(LINEST(CS30:CS120,DB30:DB120),1) -> 281.19676 | DD3: before deformation | DI3: check | DJ3: after defor,mation
A4: Index [1] | B4: X [mm] | C4: Y [mm] | D4: Z [mm] | E4: U [mm] | F4: V [mm] | G4: W [mm] | H4: exx [1] - Lagrange | I4: eyy [1] - Lagrange | J4: exy [1] - Lagrange | K4: e1 [1] - Lagrange | L4: e2 [1] - Lagrange | M4: gamma [1] - Lagrange | N4: Sigma_X [mm] | O4: Sigma_Y [mm] | P4: Sigma_Z [mm] | Q4: X [mm] | R4: Y [mm] | S4: Z [mm] | T4: U [mm] | U4: V [mm] | V4: W [mm] | W4: X01 | X4: Y01 | Y4: exx [1] - Lagrange | Z4: eyy [1] - Lagrange | AA4: exy [1] - Lagrange | AB4: e1 [1] - Lagrange | AC4: e2 [1] - Lagrange | AD4: gamma [1] - Lagrange | AE4: Sigma_X [mm] | AF4: Sigma_Y [mm] | AG4: Sigma_Z [mm] | AH4: X [mm] | AI4: Y [mm] | AJ4: Z [mm] | AK4: U [mm] | AL4: V [mm] | AM4: W [mm] | AN4: X11 | AO4: Y11 | AP4: exx [1] - Lagrange | AQ4: eyy [1] - Lagrange | AR4: exy [1] - Lagrange | AS4: e1 [1] - Lagrange | AT4: e2 [1] - Lagrange | AU4: gamma [1] - Lagrange | AV4: Sigma_X [mm] | AW4: Sigma_Y [mm] | AX4: Sigma_Z [mm] | AY4: X [mm] | AZ4: Y [mm] | BA4: Z [mm] | BB4: U [mm] | BC4: V [mm] | BD4: W [mm] | BE4: X21 | BF4: Y21 | BG4: exx [1] - Lagrange | BH4: eyy [1] - Lagrange | BI4: exy [1] - Lagrange | BJ4: e1 [1] - Lagrange | BK4: e2 [1] - Lagrange | BL4: gamma [1] - Lagrange | BM4: Sigma_X [mm] | BN4: Sigma_Y [mm] | BO4: Sigma_Z [mm] | BP4: X [mm] | BQ4: Y [mm] | BR4: Z [mm] | BS4: U [mm] | BT4: V [mm] | BU4: W [mm] | BV4: X31 | BW4: Y31 | BX4: exx [1] - Lagrange | BY4: eyy [1] - Lagrange | BZ4: exy [1] - Lagrange | CA4: e1 [1] - Lagrange | CB4: e2 [1] - Lagrange | CC4: gamma [1] - Lagrange | CD4: Sigma_X [mm] | CE4: Sigma_Y [mm] | CF4: Sigma_Z [mm] | CG4: Time_1 | CH4: Time_0 | CI4: Dev1/ai0 | CJ4: Force_[N] | CK4: ?L/L0 [1] | CL4: L0, mm | CM4: L1 | CN4: (L1-L0)/L0 | CO4: cos(dth) | CP4: acos(dth) | CQ4: sin(dth) | CR4: Force' | CS4: Tau_13, Mpa | CT4: e_xx' | CU4: e_yy' | CV4: g_xy' | CW4: e_1 | CX4: e_2 | CY4: g_13' | CZ4: -g_13' | DA4: u, mm | DB4: g_13u | DC4: P0P3_x | DD4: P0P3_y | DE4: P0P3 | DF4: P2P1_x | DG4: P2P1_y | DH4: P2P1 | DI4: Cos0 | DJ4: P0P3_x1 | DK4: P0P3_y1 | DL4: P0P3_1 | DM4: P2P1_x1 | DN4: P2P1_y1 | DO4: P2P1_1 | DP4: Cos1 | DQ4: Cos03 | DR4: Cos21 | DS4: cos_P2P1 | DT4: sin_P2P1 | DU4: e1 | DV4: e3 | DW4: g13 | DX4: -g13
A5: 0 | B5: 0.00175781 | C5: 0.002713 | D5: 1.44927e-05 | E5: 0 | F5: 0 | G5: 0 | H5: -1.52134e-17 | I5: -1.52728e-17 | J5: -1.47393e-19 | K5: -1.2776e-17 | L5: -1.77101e-17 | M5: -0.0438549 | N5: 0.000167825 | O5: 0.000177041 | P5: 0.00168026 | Q5: 0.127752 | R5: 18.0619 | S5: -0.0237748 | T5: 0 | U5: 0 | V5: 0 | W5: =Q5+T5 -> 0.127752 | X5: =R5+U5 -> 18.0619 | Y5: -1.46988e-17 | Z5: -1.68542e-17 | AA5: -1.44958e-19 | AB5: -1.46206e-17 | AC5: -1.69325e-17 | AD5: 0.156825 | AE5: 0.000262878 | AF5: 0.000265792 | AG5: 0.00262579 | AH5: 0.176661 | AI5: -17.6655 | AJ5: -0.0264031 | AK5: 0 | AL5: 0 | AM5: 0 | AN5: =AH5+AK5 -> 0.176661 | AO5: =AI5+AL5 -> -17.6655 | AP5: -1.88027e-17 | AQ5: -1.12459e-17 | AR5: -6.25927e-18 | AS5: -7.71054e-18 | AT5: -2.23381e-17 | AU5: -1.05814 | AV5: 0.000225491 | AW5: 0.000255564 | AX5: 0.00225161 | AY5: 8.70827 | AZ5: 14.9406 | BA5: -0.0361352 | BB5: 0 | BC5: 0 | BD5: 0 | BE5: =AY5+BB5 -> 8.70827 | BF5: =AZ5+BC5 -> 14.9406 | BG5: -9.81116e-18 | BH5: -1.20116e-17 | BI5: 5.66366e-18 | BJ5: -5.11218e-18 | BK5: -1.67106e-17 | BL5: 0.697465 | BM5: 0.000159919 | BN5: 0.000160011 | BO5: 0.00148873 | BP5: -9.15897 | BQ5: -14.3906 | BR5: -0.0611257 | BS5: 0 | BT5: 0 | BU5: 0 | BV5: =BP5+BS5 -> -9.15897 | BW5: =BQ5+BT5 -> -14.3906 | BX5: -2.52306e-17 | BY5: -2.37133e-17 | BZ5: 7.63602e-19 | CA5: -2.33883e-17 | CB5: -2.55556e-17 | CC5: 1.18302 | CD5: 0.000179052 | CE5: 0.00018665 | CF5: 0.00194605 | CG5: 0 | CH5: 0.004 | CI5: -0.0477 | CJ5: -31.2044 | CK5: 0 | CL5: =R5-AI5 -> 35.7274 | CM5: =((W5-AN5)^2+(X5-AO5)^2)^0.5 -> 35.727433 | CN5: =(CM5-CL5)/CL5 -> 9.3701068e-07 | CO5: =(X5-AO5)/CM5 -> 0.99999906 | CP5: =ACOS(CO5) -> 0.0013689485 | CQ5: =(AN5-W5)/CM5 -> 0.001368948 | CR5: =CJ5*CO5 -> -31.204371 | CS5: =-CR5/D$2/A$2 -> 0.075856835 | CT5: =H5*CO5^2+I5*CQ5^2+2*J5*CO5*CQ5 -> -1.5213804e-17 | CU5: =H5*CQ5^2+I5*CO5^2-2*J5*CO5*CQ5 -> -1.5272396e-17 | CV5: =2*((I5-H5)*CO5*CQ5+J5*(CO5^2-CQ5^2)) -> -2.9494753e-19 | CW5: =CT5*K$2^2+CU5*J$2^2+J$2*K$2*CV5 -> -1.5336137e-17 | CX5: =CT5*J$2^2+CU5*K$2^2-J$2*K$2*CV5 -> -1.5150063e-17 | CY5: =(2*(CU5-CT5)*J$2*K$2+CV5*(K$2^2-J$2^2)) -> 2.3622736e-19 | CZ5: =-CY5 -> -2.3622736e-19 | DA5: =-CK5*CL5 -> 0 | DB5: =G$2*DA5/CL5 -> 0 | DC5: =BP5-Q5 -> -9.286722 | DD5: =BQ5-R5 -> -32.4525 | DE5: =(DC5^2+DD5^2)^0.5 -> 33.755118 | DF5: =AH5-AY5 -> -8.531609 | DG5: =AI5-AZ5 -> -32.6061 | DH5: =(DF5^2+DG5^2)^0.5 -> 33.7038 | DI5: =(DC5*DF5+DD5*DG5)/DE5/DH5 -> 0.99974019 | DJ5: =BV5-W5 -> -9.286722 | DK5: =BW5-X5 -> -32.4525 | DL5: =(DJ5^2+DK5^2)^0.5 -> 33.755118 | DM5: =AN5-BE5 -> -8.531609 | DN5: =AO5-BF5 -> -32.6061 | DO5: =(DM5^2+DN5^2)^0.5 -> 33.7038 | DP5: =(DJ5*DM5+DK5*DN5)/DL5/DO5 -> 0.99974019 | DQ5: =(DJ5*DC5+DK5*DD5)/DE5/DL5 -> 1 | DR5: =(DM5*DF5+DN5*DG5)/DH5/DO5 -> 1 | DS5: =DJ5/DL5 -> -0.27512042 | DT5: =DK5/DL5 -> -0.96140978 | DU5: =DS5^2*H5+DT5^2*I5+2*DS5*DT5*J5 -> -1.5346276e-17 | DV5: =DT5^2*H5+DS5^2*I5-2*DS5*DT5*J5 -> -1.5139924e-17 | DW5: =2*((I5-H5)*DS5*DT5+(DS5^2-DT5^2)*J5) -> 2.1873755e-19 | DX5: =-DW5 -> -2.1873755e-19
A6: 1 | B6: 0.00175781 | C6: 0.002713 | D6: 1.44927e-05 | E6: 0.00295733 | F6: -0.00835319 | G6: -0.0552984 | H6: -0.000141339 | I6: 0.000119068 | J6: -4.94326e-06 | K6: 0.000133157 | L6: -0.000155428 | M6: -0.218126 | N6: 0.000113952 | O6: 0.000116156 | P6: 0.00110142 | Q6: 0.127752 | R6: 18.0619 | S6: -0.0237748 | T6: 0.00143149 | U6: -0.00610212 | V6: -0.0557821 | W6: =Q6+T6 -> 0.12918349 | X6: =R6+U6 -> 18.055798 | Y6: -0.000378042 | Z6: -0.000388367 | AA6: 7.42592e-05 | AB6: -0.000308762 | AC6: -0.000457647 | AD6: 0.750299 | AE6: 0.000140538 | AF6: 0.000138767 | AG6: 0.00135938 | AH6: 0.176661 | AI6: -17.6655 | AJ6: -0.0264031 | AK6: 0.00497315 | AL6: -0.00933427 | AM6: -0.0599809 | AN6: =AH6+AK6 -> 0.18163415 | AO6: =AI6+AL6 -> -17.674834 | AP6: -0.000210951 | AQ6: -0.000122096 | AR6: -1.69686e-05 | AS6: -0.000118508 | AT6: -0.000214539 | AU6: -1.38588 | AV6: 0.000139011 | AW6: 0.000153902 | AX6: 0.00134072 | AY6: 8.70827 | AZ6: 14.9406 | BA6: -0.0361352 | BB6: 0.000571241 | BC6: -0.00403268 | BD6: -0.0647119 | BE6: =AY6+BB6 -> 8.7088412 | BF6: =AZ6+BC6 -> 14.936567 | BG6: -4.61241e-05 | BH6: 4.65277e-05 | BI6: -1.76996e-07 | BJ6: 4.67441e-05 | BK6: -4.63405e-05 | BL6: 0.474452 | BM6: 0.000145584 | BN6: 0.000148417 | BO6: 0.00138588 | BP6: -9.15897 | BQ6: -14.3906 | BR6: -0.0611257 | BS6: 0.00564018 | BT6: -0.0108255 | BU6: -0.0729951 | BV6: =BP6+BS6 -> -9.1533298 | BW6: =BQ6+BT6 -> -14.401425 | BX6: 7.5392e-06 | BY6: 5.89188e-05 | BZ6: -1.50666e-05 | CA6: 6.30241e-05 | CB6: 3.43399e-06 | CC6: -1.30212 | CD6: 0.000118164 | CE6: 0.000112108 | CF6: 0.00115907 | CG6: 3.14 | CH6: 3.14 | CI6: -0.0522 | CJ6: -34.37 | CK6: 8.95225e-05 | CL6: =R6-AI6 -> 35.7274 | CM6: =((W6-AN6)^2+(X6-AO6)^2)^0.5 -> 35.730671 | CN6: =(CM6-CL6)/CL6 -> 9.1544511e-05 | CO6: =(X6-AO6)/CM6 -> 0.99999892 | CP6: =ACOS(CO6) -> 0.0014679455 | CQ6: =(AN6-W6)/CM6 -> 0.001467945 | CR6: =CJ6*CO6 -> -34.369963 | CS6: =-CR6/D$2/A$2 -> 0.083552289 | CT6: =H6*CO6^2+I6*CQ6^2+2*J6*CO6*CQ6 -> -0.00014135295 | CU6: =H6*CQ6^2+I6*CO6^2-2*J6*CO6*CQ6 -> 0.00011908195 | CV6: =2*((I6-H6)*CO6*CQ6+J6*(CO6^2-CQ6^2)) -> -9.1219519e-06 | CW6: =CT6*K$2^2+CU6*J$2^2+J$2*K$2*CV6 -> 0.00010282787 | CX6: =CT6*J$2^2+CU6*K$2^2-J$2*K$2*CV6 -> -0.00012509887 | CY6: =(2*(CU6-CT6)*J$2*K$2+CV6*(K$2^2-J$2^2)) -> 0.00012632875 | CZ6: =-CY6 -> -0.00012632875 | DA6: =-CK6*CL6 -> -0.0031984062 | DB6: =G$2*DA6/CL6 -> -0.00039449582 | DC6: =BP6-Q6 -> -9.286722 | DD6: =BQ6-R6 -> -32.4525 | DE6: =(DC6^2+DD6^2)^0.5 -> 33.755118 | DF6: =AH6-AY6 -> -8.531609 | DG6: =AI6-AZ6 -> -32.6061 | DH6: =(DF6^2+DG6^2)^0.5 -> 33.7038 | DI6: =(DC6*DF6+DD6*DG6)/DE6/DH6 -> 0.99974019 | DJ6: =BV6-W6 -> -9.2825133 | DK6: =BW6-X6 -> -32.457223 | DL6: =(DJ6^2+DK6^2)^0.5 -> 33.758501 | DM6: =AN6-BE6 -> -8.5272071 | DN6: =AO6-BF6 -> -32.611402 | DO6: =(DM6^2+DN6^2)^0.5 -> 33.707815 | DP6: =(DJ6*DM6+DK6*DN6)/DL6/DO6 -> 0.99974001 | DQ6: =(DJ6*DC6+DK6*DD6)/DE6/DL6 -> 0.99999999 | DR6: =(DM6*DF6+DN6*DG6)/DH6/DO6 -> 0.99999999 | DS6: =DJ6/DL6 -> -0.27496817 | DT6: =DK6/DL6 -> -0.96145333 | DU6: =DS6^2*H6+DT6^2*I6+2*DS6*DT6*J6 -> 9.6765589e-05 | DV6: =DT6^2*H6+DS6^2*I6-2*DS6*DT6*J6 -> -0.00011903659 | DW6: =2*((I6-H6)*DS6*DT6+(DS6^2-DT6^2)*J6) -> 0.00014607864 | DX6: =-DW6 -> -0.00014607864
A7: 2 | B7: 0.00175781 | C7: 0.002713 | D7: 1.44927e-05 | E7: 0.00320329 | F7: -0.0118455 | G7: -0.0393326 | H7: -7.17342e-06 | I7: 0.000154977 | J7: -1.39986e-05 | K7: 0.000191453 | L7: -4.36489e-05 | M7: -0.169787 | N7: 0.000114786 | O7: 0.000116989 | P7: 0.00110956 | Q7: 0.127752 | R7: 18.0619 | S7: -0.0237748 | T7: -0.000580143 | U7: -0.00847336 | V7: -0.0387179 | W7: =Q7+T7 -> 0.12717186 | X7: =R7+U7 -> 18.053427 | Y7: -0.000140246 | Z7: -0.000165761 | AA7: 0.000123055 | AB7: -2.89603e-05 | AC7: -0.000277047 | AD7: 0.73389 | AE7: 0.000144746 | AF7: 0.00014325 | AG7: 0.00140278 | AH7: 0.176661 | AI7: -17.6655 | AJ7: -0.0264031 | AK7: 0.00705969 | AL7: -0.0133498 | AM7: -0.0371222 | AN7: =AH7+AK7 -> 0.18372069 | AO7: =AI7+AL7 -> -17.67885 | AP7: 1.99493e-05 | AQ7: -0.000220191 | AR7: 4.5853e-05 | AS7: 2.84534e-05 | AT7: -0.000228695 | AU7: 0.182429 | AV7: 0.000138249 | AW7: 0.000153427 | AX7: 0.00133581 | AY7: 8.70827 | AZ7: 14.9406 | BA7: -0.0361352 | BB7: -0.000835393 | BC7: -0.00630695 | BD7: -0.0429084 | BE7: =AY7+BB7 -> 8.7074346 | BF7: =AZ7+BC7 -> 14.934293 | BG7: -0.000119522 | BH7: 0.000308712 | BI7: -2.68015e-05 | BJ7: 0.000310589 | BK7: -0.000121398 | BL7: -1.50889 | BM7: 0.000139279 | BN7: 0.000142342 | BO7: 0.00132937 | BP7: -9.15897 | BQ7: -14.3906 | BR7: -0.0611257 | BS7: 0.00632033 | BT7: -0.0160363 | BU7: -0.0515251 | BV7: =BP7+BS7 -> -9.1526497 | BW7: =BQ7+BT7 -> -14.406636 | BX7: 0.000170035 | BY7: -4.18192e-05 | BZ7: -0.000121543 | CA7: 0.000225439 | CB7: -9.72233e-05 | CC7: -0.426992 | CD7: 0.00012187 | CE7: 0.000116138 | CF7: 0.00120054 | CG7: 3.951 | CH7: 3.951 | CI7: -0.0689 | CJ7: -46.1281 | CK7: 0.000136003 | CL7: =R7-AI7 -> 35.7274 | CM7: =((W7-AN7)^2+(X7-AO7)^2)^0.5 -> 35.732321 | CN7: =(CM7-CL7)/CL7 -> 0.00013774264 | CO7: =(X7-AO7)/CM7 -> 0.99999875 | CP7: =ACOS(CO7) -> 0.0015825688 | CQ7: =(AN7-W7)/CM7 -> 0.0015825681 | CR7: =CJ7*CO7 -> -46.128042 | CS7: =-CR7/D$2/A$2 -> 0.11213581 | CT7: =H7*CO7^2+I7*CQ7^2+2*J7*CO7*CQ7 -> -7.2173213e-06 | CU7: =H7*CQ7^2+I7*CO7^2-2*J7*CO7*CQ7 -> 0.0001550209 | CV7: =2*((I7-H7)*CO7*CQ7+J7*(CO7^2-CQ7^2)) -> -2.7483832e-05 | CW7: =CT7*K$2^2+CU7*J$2^2+J$2*K$2*CV7 -> 0.00013994806 | CX7: =CT7*J$2^2+CU7*K$2^2-J$2*K$2*CV7 -> 7.8555241e-06 | CY7: =(2*(CU7-CT7)*J$2*K$2+CV7*(K$2^2-J$2^2)) -> 9.8123213e-05 | CZ7: =-CY7 -> -9.8123213e-05 | DA7: =-CK7*CL7 -> -0.0048590336 | DB7: =G$2*DA7/CL7 -> -0.00059931989 | DC7: =BP7-Q7 -> -9.286722 | DD7: =BQ7-R7 -> -32.4525 | DE7: =(DC7^2+DD7^2)^0.5 -> 33.755118 | DF7: =AH7-AY7 -> -8.531609 | DG7: =AI7-AZ7 -> -32.6061 | DH7: =(DF7^2+DG7^2)^0.5 -> 33.7038 | DI7: =(DC7*DF7+DD7*DG7)/DE7/DH7 -> 0.99974019 | DJ7: =BV7-W7 -> -9.2798215 | DK7: =BW7-X7 -> -32.460063 | DL7: =(DJ7^2+DK7^2)^0.5 -> 33.760491 | DM7: =AN7-BE7 -> -8.5237139 | DN7: =AO7-BF7 -> -32.613143 | DO7: =(DM7^2+DN7^2)^0.5 -> 33.708616 | DP7: =(DJ7*DM7+DK7*DN7)/DL7/DO7 -> 0.99973971 | DQ7: =(DJ7*DC7+DK7*DD7)/DE7/DL7 -> 0.99999997 | DR7: =(DM7*DF7+DN7*DG7)/DH7/DO7 -> 0.99999996 | DS7: =DJ7/DL7 -> -0.27487223 | DT7: =DK7/DL7 -> -0.96148076 | DU7: =DS7^2*H7+DT7^2*I7+2*DS7*DT7*J7 -> 0.00013532654 | DV7: =DT7^2*H7+DS7^2*I7-2*DS7*DT7*J7 -> 1.2477035e-05 | DW7: =2*((I7-H7)*DS7*DT7+(DS7^2-DT7^2)*J7) -> 0.0001094742 | DX7: =-DW7 -> -0.0001094742
A8: 3 | B8: 0.00175781 | C8: 0.002713 | D8: 1.44927e-05 | E8: 0.00116203 | F8: -0.0178743 | G8: -0.0207707 | H8: -3.86595e-05 | I8: 0.00014746 | J8: 1.9674e-05 | K8: 0.000169538 | L8: -6.07381e-05 | M8: 0.521545 | N8: 0.000115882 | O8: 0.000118001 | P8: 0.00111892 | Q8: 0.127752 | R8: 18.0619 | S8: -0.0237748 | T8: -0.00345807 | U8: -0.0152677 | V8: -0.0148382 | W8: =Q8+T8 -> 0.12429393 | X8: =R8+U8 -> 18.046632 | Y8: -3.29435e-05 | Z8: -0.000270351 | AA8: 0.000112004 | AB8: 1.15757e-05 | AC8: -0.000314871 | AD8: 0.378149 | AE8: 0.000142316 | AF8: 0.000140529 | AG8: 0.00137685 | AH8: 0.176661 | AI8: -17.6655 | AJ8: -0.0264031 | AK8: 0.006446 | AL8: -0.0198716 | AM8: -0.0271031 | AN8: =AH8+AK8 -> 0.183107 | AO8: =AI8+AL8 -> -17.685372 | AP8: -4.2138e-05 | AQ8: -0.000178636 | AR8: -2.30892e-05 | AS8: -3.77996e-05 | AT8: -0.000182975 | AU8: -0.162976 | AV8: 0.000138265 | AW8: 0.000153103 | AX8: 0.00133361 | AY8: 8.70827 | AZ8: 14.9406 | BA8: -0.0361352 | BB8: -0.00258955 | BC8: -0.0118715 | BD8: -0.0121632 | BE8: =AY8+BB8 -> 8.7056805 | BF8: =AZ8+BC8 -> 14.928729 | BG8: -6.29879e-05 | BH8: 0.000178307 | BI8: 5.74465e-05 | BJ8: 0.000191336 | BK8: -7.60172e-05 | BL8: 1.34825 | BM8: 0.000139718 | BN8: 0.000142568 | BO8: 0.00133159 | BP8: -9.15897 | BQ8: -14.3906 | BR8: -0.0611257 | BS8: 0.00554009 | BT8: -0.0231976 | BU8: -0.0390091 | BV8: =BP8+BS8 -> -9.1534299 | BW8: =BQ8+BT8 -> -14.413798 | BX8: 0.000189809 | BY8: -5.24051e-05 | BZ8: -0.000102451 | CA8: 0.000227375 | CB8: -8.99709e-05 | CC8: -0.350818 | CD8: 0.000120544 | CE8: 0.000114454 | CF8: 0.00118327 | CG8: 4.7 | CH8: 4.701 | CI8: -0.0815 | CJ8: -54.9467 | CK8: 0.000128118 | CL8: =R8-AI8 -> 35.7274 | CM8: =((W8-AN8)^2+(X8-AO8)^2)^0.5 -> 35.732052 | CN8: =(CM8-CL8)/CL8 -> 0.00013021663 | CO8: =(X8-AO8)/CM8 -> 0.99999865 | CP8: =ACOS(CO8) -> 0.0016459479 | CQ8: =(AN8-W8)/CM8 -> 0.0016459472 | CR8: =CJ8*CO8 -> -54.946626 | CS8: =-CR8/D$2/A$2 -> 0.1335735 | CT8: =H8*CO8^2+I8*CQ8^2+2*J8*CO8*CQ8 -> -3.8594231e-05 | CU8: =H8*CQ8^2+I8*CO8^2-2*J8*CO8*CQ8 -> 0.00014739473 | CV8: =2*((I8-H8)*CO8*CQ8+J8*(CO8^2-CQ8^2)) -> 3.9960472e-05 | CW8: =CT8*K$2^2+CU8*J$2^2+J$2*K$2*CV8 -> 0.00014633341 | CX8: =CT8*J$2^2+CU8*K$2^2-J$2*K$2*CV8 -> -3.7532912e-05 | CY8: =(2*(CU8-CT8)*J$2*K$2+CV8*(K$2^2-J$2^2)) -> 4.8804797e-05 | CZ8: =-CY8 -> -4.8804797e-05 | DA8: =-CK8*CL8 -> -0.004577323 | DB8: =G$2*DA8/CL8 -> -0.00056457332 | DC8: =BP8-Q8 -> -9.286722 | DD8: =BQ8-R8 -> -32.4525 | DE8: =(DC8^2+DD8^2)^0.5 -> 33.755118 | DF8: =AH8-AY8 -> -8.531609 | DG8: =AI8-AZ8 -> -32.6061 | DH8: =(DF8^2+DG8^2)^0.5 -> 33.7038 | DI8: =(DC8*DF8+DD8*DG8)/DE8/DH8 -> 0.99974019 | DJ8: =BV8-W8 -> -9.2777238 | DK8: =BW8-X8 -> -32.46043 | DL8: =(DJ8^2+DK8^2)^0.5 -> 33.760268 | DM8: =AN8-BE8 -> -8.5225735 | DN8: =AO8-BF8 -> -32.6141 | DO8: =(DM8^2+DN8^2)^0.5 -> 33.709254 | DP8: =(DJ8*DM8+DK8*DN8)/DL8/DO8 -> 0.99974023 | DQ8: =(DJ8*DC8+DK8*DD8)/DE8/DL8 -> 0.99999995 | DR8: =(DM8*DF8+DN8*DG8)/DH8/DO8 -> 0.99999995 | DS8: =DJ8/DL8 -> -0.27481192 | DT8: =DK8/DL8 -> -0.961498 | DU8: =DS8^2*H8+DT8^2*I8+2*DS8*DT8*J8 -> 0.00014380093 | DV8: =DT8^2*H8+DS8^2*I8-2*DS8*DT8*J8 -> -3.5000425e-05 | DW8: =2*((I8-H8)*DS8*DT8+(DS8^2-DT8^2)*J8) -> 6.4952371e-05 | DX8: =-DW8 -> -6.4952371e-05
A9: 4 | B9: 0.00175781 | C9: 0.002713 | D9: 1.44927e-05 | E9: 0.00267178 | F9: -0.0287053 | G9: -0.0401981 | H9: 8.39352e-05 | I9: 0.000176469 | J9: 3.15449e-05 | K9: 0.00023639 | L9: 2.40143e-05 | M9: 0.214366 | N9: 0.000115031 | O9: 0.000117142 | P9: 0.00111069 | Q9: 0.127752 | R9: 18.0619 | S9: -0.0237748 | T9: -0.000690338 | U9: -0.0256073 | V9: -0.0357784 | W9: =Q9+T9 -> 0.12706166 | X9: =R9+U9 -> 18.036293 | Y9: -4.40851e-05 | Z9: -0.000299622 | AA9: 0.000161085 | AB9: 3.38179e-05 | AC9: -0.000377525 | AD9: 0.450082 | AE9: 0.000141589 | AF9: 0.000139304 | AG9: 0.00136695 | AH9: 0.176661 | AI9: -17.6655 | AJ9: -0.0264031 | AK9: 0.00766026 | AL9: -0.0310824 | AM9: -0.0509058 | AN9: =AH9+AK9 -> 0.18432126 | AO9: =AI9+AL9 -> -17.696582 | AP9: 7.57745e-05 | AQ9: -0.000188215 | AR9: 3.28649e-05 | AS9: 7.99081e-05 | AT9: -0.000192349 | AU9: 0.121988 | AV9: 0.000140211 | AW9: 0.000155896 | AX9: 0.00135659 | AY9: 8.70827 | AZ9: 14.9406 | BA9: -0.0361352 | BB9: 0.000366134 | BC9: -0.0222126 | BD9: -0.0238008 | BE9: =AY9+BB9 -> 8.7086361 | BF9: =AZ9+BC9 -> 14.918387 | BG9: -0.000234072 | BH9: -5.50821e-05 | BI9: -0.000126979 | BJ9: 1.11962e-05 | BK9: -0.000300351 | BL9: -1.09289 | BM9: 0.000142747 | BN9: 0.00014579 | BO9: 0.00136144 | BP9: -9.15897 | BQ9: -14.3906 | BR9: -0.0611257 | BS9: 0.00579311 | BT9: -0.0342872 | BU9: -0.0742146 | BV9: =BP9+BS9 -> -9.1531769 | BW9: =BQ9+BT9 -> -14.424887 | BX9: -9.79021e-05 | BY9: -6.6591e-05 | BZ9: -0.000120394 | CA9: 3.91762e-05 | CB9: -0.000203669 | CC9: -0.850548 | CD9: 0.000119492 | CE9: 0.000113941 | CF9: 0.00117784 | CG9: 6.012 | CH9: 6.012 | CI9: -0.1037 | CJ9: -70.5487 | CK9: 0.000150106 | CL9: =R9-AI9 -> 35.7274 | CM9: =((W9-AN9)^2+(X9-AO9)^2)^0.5 -> 35.732921 | CN9: =(CM9-CL9)/CL9 -> 0.00015453062 | CO9: =(X9-AO9)/CM9 -> 0.99999872 | CP9: =ACOS(CO9) -> 0.0016024333 | CQ9: =(AN9-W9)/CM9 -> 0.0016024326 | CR9: =CJ9*CO9 -> -70.548609 | CS9: =-CR9/D$2/A$2 -> 0.17150143 | CT9: =H9*CO9^2+I9*CQ9^2+2*J9*CO9*CQ9 -> 8.4036535e-05 | CU9: =H9*CQ9^2+I9*CO9^2-2*J9*CO9*CQ9 -> 0.00017636767 | CV9: =2*((I9-H9)*CO9*CQ9+J9*(CO9^2-CQ9^2)) -> 6.3386034e-05 | CW9: =CT9*K$2^2+CU9*J$2^2+J$2*K$2*CV9 -> 0.00018572316 | CX9: =CT9*J$2^2+CU9*K$2^2-J$2*K$2*CV9 -> 7.4681036e-05 | CY9: =(2*(CU9-CT9)*J$2*K$2+CV9*(K$2^2-J$2^2)) -> -1.4576452e-05 | CZ9: =-CY9 -> 1.4576452e-05 | DA9: =-CK9*CL9 -> -0.0053628971 | DB9: =G$2*DA9/CL9 -> -0.00066146711 | DC9: =BP9-Q9 -> -9.286722 | DD9: =BQ9-R9 -> -32.4525 | DE9: =(DC9^2+DD9^2)^0.5 -> 33.755118 | DF9: =AH9-AY9 -> -8.531609 | DG9: =AI9-AZ9 -> -32.6061 | DH9: =(DF9^2+DG9^2)^0.5 -> 33.7038 | DI9: =(DC9*DF9+DD9*DG9)/DE9/DH9 -> 0.99974019 | DJ9: =BV9-W9 -> -9.2802386 | DK9: =BW9-X9 -> -32.46118 | DL9: =(DJ9^2+DK9^2)^0.5 -> 33.76168 | DM9: =AN9-BE9 -> -8.5243149 | DN9: =AO9-BF9 -> -32.61497 | DO9: =(DM9^2+DN9^2)^0.5 -> 33.710535 | DP9: =(DJ9*DM9+DK9*DN9)/DL9/DO9 -> 0.99973972 | DQ9: =(DJ9*DC9+DK9*DD9)/DE9/DL9 -> 0.99999997 | DR9: =(DM9*DF9+DN9*DG9)/DH9/DO9 -> 0.99999996 | DS9: =DJ9/DL9 -> -0.27487491 | DT9: =DK9/DL9 -> -0.96148 | DU9: =DS9^2*H9+DT9^2*I9+2*DS9*DT9*J9 -> 0.00018615129 | DV9: =DT9^2*H9+DS9^2*I9-2*DS9*DT9*J9 -> 7.4252907e-05 | DW9: =2*((I9-H9)*DS9*DT9+(DS9^2-DT9^2)*J9) -> -4.6452376e-06 | DX9: =-DW9 -> 4.6452376e-06
A10: 5 | B10: 0.00175781 | C10: 0.002713 | D10: 1.44927e-05 | E10: 0.00347987 | F10: -0.0341172 | G10: -0.0246573 | H10: 8.62332e-07 | I10: 3.99506e-05 | J10: 8.77228e-05 | K10: 0.000178907 | L10: -0.000138094 | M10: 0.725831 | N10: 0.000113807 | O10: 0.000116039 | P10: 0.00110003 | Q10: 0.127752 | R10: 18.0619 | S10: -0.0237748 | T10: 0.0023927 | U10: -0.0345263 | V10: -0.0234641 | W10: =Q10+T10 -> 0.1301447 | X10: =R10+U10 -> 18.027374 | Y10: -8.46883e-05 | Z10: -0.000660495 | AA10: 6.40616e-05 | AB10: -7.70559e-05 | AC10: -0.000668128 | AD10: 0.109894 | AE10: 0.000148739 | AF10: 0.0001472 | AG10: 0.00144198 | AH10: 0.176661 | AI10: -17.6655 | AJ10: -0.0264031 | AK10: 0.00683417 | AL10: -0.0348998 | AM10: -0.0279355 | AN10: =AH10+AK10 -> 0.18349517 | AO10: =AI10+AL10 -> -17.7004 | AP10: -5.92363e-05 | AQ10: -6.00199e-05 | AR10: 1.69616e-05 | AS10: -3.90228e-05 | AT10: -8.02335e-05 | AU10: 0.310506 | AV10: 0.000138605 | AW10: 0.000153921 | AX10: 0.00133963 | AY10: 8.70827 | AZ10: 14.9406 | BA10: -0.0361352 | BB10: 0.000883367 | BC10: -0.0292335 | BD10: -0.00693693 | BE10: =AY10+BB10 -> 8.7091534 | BF10: =AZ10+BC10 -> 14.911366 | BG10: -0.000227705 | BH10: -0.000105872 | BI10: 5.5883e-05 | BJ10: -8.38861e-05 | BK10: -0.000249691 | BL10: 1.19834 | BM10: 0.000144571 | BN10: 0.000147773 | BO10: 0.0013799 | BP10: -9.15897 | BQ10: -14.3906 | BR10: -0.0611257 | BS10: 0.00431131 | BT10: -0.037278 | BU10: -0.0444368 | BV10: =BP10+BS10 -> -9.1546587 | BW10: =BQ10+BT10 -> -14.427878 | BX10: -2.34913e-05 | BY10: -6.4736e-05 | BZ10: -6.80371e-05 | CA10: 2.72829e-05 | CB10: -0.00011551 | CC10: -0.633005 | CD10: 0.000119364 | CE10: 0.00011345 | CF10: 0.00117285 | CG10: 7.074 | CH10: 7.074 | CI10: -0.116 | CJ10: -79.1411 | CK10: 8.83238e-06 | CL10: =R10-AI10 -> 35.7274 | CM10: =((W10-AN10)^2+(X10-AO10)^2)^0.5 -> 35.727813 | CN10: =(CM10-CL10)/CL10 -> 1.1569069e-05 | CO10: =(X10-AO10)/CM10 -> 0.99999889 | CP10: =ACOS(CO10) -> 0.0014932481 | CQ10: =(AN10-W10)/CM10 -> 0.0014932476 | CR10: =CJ10*CO10 -> -79.141012 | CS10: =-CR10/D$2/A$2 -> 0.19238929 | CT10: =H10*CO10^2+I10*CQ10^2+2*J10*CO10*CQ10 -> 1.1244026e-06 | CU10: =H10*CQ10^2+I10*CO10^2-2*J10*CO10*CQ10 -> 3.9688529e-05 | CV10: =2*((I10-H10)*CO10*CQ10+J10*(CO10^2-CQ10^2)) -> 0.00017556155 | CW10: =CT10*K$2^2+CU10*J$2^2+J$2*K$2*CV10 -> 7.7428204e-05 | CX10: =CT10*J$2^2+CU10*K$2^2-J$2*K$2*CV10 -> -3.6615272e-05 | CY10: =(2*(CU10-CT10)*J$2*K$2+CV10*(K$2^2-J$2^2)) -> -0.00013893573 | CZ10: =-CY10 -> 0.00013893573 | DA10: =-CK10*CL10 -> -0.00031555797 | DB10: =G$2*DA10/CL10 -> -3.8921355e-05 | DC10: =BP10-Q10 -> -9.286722 | DD10: =BQ10-R10 -> -32.4525 | DE10: =(DC10^2+DD10^2)^0.5 -> 33.755118 | DF10: =AH10-AY10 -> -8.531609 | DG10: =AI10-AZ10 -> -32.6061 | DH10: =(DF10^2+DG10^2)^0.5 -> 33.7038 | DI10: =(DC10*DF10+DD10*DG10)/DE10/DH10 -> 0.99974019 | DJ10: =BV10-W10 -> -9.2848034 | DK10: =BW10-X10 -> -32.455252 | DL10: =(DJ10^2+DK10^2)^0.5 -> 33.757235 | DM10: =AN10-BE10 -> -8.5256582 | DN10: =AO10-BF10 -> -32.611766 | DO10: =(DM10^2+DN10^2)^0.5 -> 33.707776 | DP10: =(DJ10*DM10+DK10*DN10)/DL10/DO10 -> 0.99973708 | DQ10: =(DJ10*DC10+DK10*DD10)/DE10/DL10 -> 1 | DR10: =(DM10*DF10+DN10*DG10)/DH10/DO10 -> 0.99999998 | DS10: =DJ10/DL10 -> -0.27504632 | DT10: =DK10/DL10 -> -0.96143098 | DU10: =DS10^2*H10+DT10^2*I10+2*DS10*DT10*J10 -> 8.3388047e-05 | DV10: =DT10^2*H10+DS10^2*I10-2*DS10*DT10*J10 -> -4.2575115e-05 | DW10: =2*((I10-H10)*DS10*DT10+(DS10^2-DT10^2)*J10) -> -0.00012822766 | DX10: =-DW10 -> 0.00012822766
A11: 6 | B11: 0.00175781 | C11: 0.002713 | D11: 1.44927e-05 | E11: 0.000829158 | F11: -0.0411284 | G11: -0.0269011 | H11: 2.03124e-06 | I11: 6.25467e-05 | J11: 8.5083e-05 | K11: 0.000161935 | L11: -9.73574e-05 | M11: 0.627687 | N11: 0.000113495 | O11: 0.000115619 | P11: 0.00109642 | Q11: 0.127752 | R11: 18.0619 | S11: -0.0237748 | T11: -0.000270944 | U11: -0.040281 | V11: -0.0223687 | W11: =Q11+T11 -> 0.12748106 | X11: =R11+U11 -> 18.021619 | Y11: -0.000241981 | Z11: -0.000486724 | AA11: 0.000119136 | AB11: -0.000193308 | AC11: -0.000535396 | AD11: 0.385006 | AE11: 0.000141548 | AF11: 0.000139573 | AG11: 0.00136921 | AH11: 0.176661 | AI11: -17.6655 | AJ11: -0.0264031 | AK11: 0.00294738 | AL11: -0.0416592 | AM11: -0.0340084 | AN11: =AH11+AK11 -> 0.17960838 | AO11: =AI11+AL11 -> -17.707159 | AP11: -4.15854e-05 | AQ11: -0.000337171 | AR11: -9.26635e-05 | AS11: -1.459e-05 | AT11: -0.000364166 | AU11: -0.278301 | AV11: 0.000135871 | AW11: 0.000150649 | AX11: 0.00131144 | AY11: 8.70827 | AZ11: 14.9406 | BA11: -0.0361352 | BB11: -0.000182767 | BC11: -0.036302 | BD11: -0.012887 | BE11: =AY11+BB11 -> 8.7080872 | BF11: =AZ11+BC11 -> 14.904298 | BG11: -0.000117789 | BH11: 0.000159918 | BI11: 4.0095e-06 | BJ11: 0.000160064 | BK11: -0.000117935 | BL11: 1.32552 | BM11: 0.000141143 | BN11: 0.000144013 | BO11: 0.00134482 | BP11: -9.15897 | BQ11: -14.3906 | BR11: -0.0611257 | BS11: 0.00274557 | BT11: -0.0443177 | BU11: -0.0503825 | BV11: =BP11+BS11 -> -9.1562244 | BW11: =BQ11+BT11 -> -14.434918 | BX11: 2.91122e-05 | BY11: -5.09135e-05 | BZ11: -0.000199458 | CA11: 0.000192537 | CB11: -0.000214338 | CC11: -0.686331 | CD11: 0.000122477 | CE11: 0.000115168 | CF11: 0.00119106 | CG11: 7.884 | CH11: 7.884 | CI11: -0.126 | CJ11: -86.1507 | CK11: 3.5599e-05 | CL11: =R11-AI11 -> 35.7274 | CM11: =((W11-AN11)^2+(X11-AO11)^2)^0.5 -> 35.728816 | CN11: =(CM11-CL11)/CL11 -> 3.9639777e-05 | CO11: =(X11-AO11)/CM11 -> 0.99999894 | CP11: =ACOS(CO11) -> 0.001458972 | CQ11: =(AN11-W11)/CM11 -> 0.0014589715 | CR11: =CJ11*CO11 -> -86.150608 | CS11: =-CR11/D$2/A$2 -> 0.20942939 | CT11: =H11*CO11^2+I11*CQ11^2+2*J11*CO11*CQ11 -> 2.2796359e-06 | CU11: =H11*CQ11^2+I11*CO11^2-2*J11*CO11*CQ11 -> 6.2298304e-05 | CV11: =2*((I11-H11)*CO11*CQ11+J11*(CO11^2-CQ11^2)) -> 0.00017034186 | CW11: =CT11*K$2^2+CU11*J$2^2+J$2*K$2*CV11 -> 9.7685001e-05 | CX11: =CT11*J$2^2+CU11*K$2^2-J$2*K$2*CV11 -> -3.3107061e-05 | CY11: =(2*(CU11-CT11)*J$2*K$2+CV11*(K$2^2-J$2^2)) -> -0.00012454728 | CZ11: =-CY11 -> 0.00012454728 | DA11: =-CK11*CL11 -> -0.0012718597 | DB11: =G$2*DA11/CL11 -> -0.00015687293 | DC11: =BP11-Q11 -> -9.286722 | DD11: =BQ11-R11 -> -32.4525 | DE11: =(DC11^2+DD11^2)^0.5 -> 33.755118 | DF11: =AH11-AY11 -> -8.531609 | DG11: =AI11-AZ11 -> -32.6061 | DH11: =(DF11^2+DG11^2)^0.5 -> 33.7038 | DI11: =(DC11*DF11+DD11*DG11)/DE11/DH11 -> 0.99974019 | DJ11: =BV11-W11 -> -9.2837055 | DK11: =BW11-X11 -> -32.456537 | DL11: =(DJ11^2+DK11^2)^0.5 -> 33.758169 | DM11: =AN11-BE11 -> -8.5284789 | DN11: =AO11-BF11 -> -32.611457 | DO11: =(DM11^2+DN11^2)^0.5 -> 33.70819 | DP11: =(DJ11*DM11+DK11*DN11)/DL11/DO11 -> 0.99973994 | DQ11: =(DJ11*DC11+DK11*DD11)/DE11/DL11 -> 0.99999999 | DR11: =(DM11*DF11+DN11*DG11)/DH11/DO11 -> 0.99999999 | DS11: =DJ11/DL11 -> -0.27500619 | DT11: =DK11/DL11 -> -0.96144245 | DU11: =DS11^2*H11+DT11^2*I11+2*DS11*DT11*J11 -> 0.00010296235 | DV11: =DT11^2*H11+DS11^2*I11-2*DS11*DT11*J11 -> -3.838441e-05 | DW11: =2*((I11-H11)*DS11*DT11+(DS11^2-DT11^2)*J11) -> -0.00011242634 | DX11: =-DW11 -> 0.00011242634
A12: 7 | B12: 0.00175781 | C12: 0.002713 | D12: 1.44927e-05 | E12: 0.00253218 | F12: -0.0573616 | G12: -0.00438879 | H12: 1.41609e-05 | I12: 4.68084e-05 | J12: 0.000116545 | K12: 0.000193861 | L12: -0.000132892 | M12: 0.735376 | N12: 0.000117346 | O12: 0.000119507 | P12: 0.00113308 | Q12: 0.127752 | R12: 18.0619 | S12: -0.0237748 | T12: 0.00490338 | U12: -0.0568665 | V12: -0.00037329 | W12: =Q12+T12 -> 0.13265538 | X12: =R12+U12 -> 18.005033 | Y12: -0.000127504 | Z12: -0.000634923 | AA12: 0.000215423 | AB12: -4.79631e-05 | AC12: -0.000714464 | AD12: 0.352027 | AE12: 0.00014482 | AF12: 0.00014251 | AG12: 0.00139901 | AH12: 0.176661 | AI12: -17.6655 | AJ12: -0.0264031 | AK12: 0.00224734 | AL12: -0.057243 | AM12: -0.0145679 | AN12: =AH12+AK12 -> 0.17890834 | AO12: =AI12+AL12 -> -17.722743 | AP12: 0.000152495 | AQ12: -0.000429559 | AR12: 1.46287e-05 | AS12: 0.00015294 | AT12: -0.000430004 | AU12: 0.0254751 | AV12: 0.000141454 | AW12: 0.000156497 | AX12: 0.00136364 | AY12: 8.70827 | AZ12: 14.9406 | BA12: -0.0361352 | BB12: 0.00350705 | BC12: -0.0526903 | BD12: 0.025008 | BE12: =AY12+BB12 -> 8.7117771 | BF12: =AZ12+BC12 -> 14.88791 | BG12: -9.72043e-05 | BH12: 9.07392e-05 | BI12: 0.000117126 | BJ12: 0.000146963 | BK12: -0.000153429 | BL12: 1.1235 | BM12: 0.000140741 | BN12: 0.000143895 | BO12: 0.00134393 | BP12: -9.15897 | BQ12: -14.3906 | BR12: -0.0611257 | BS12: 0.00252711 | BT12: -0.0595562 | BU12: -0.0458431 | BV12: =BP12+BS12 -> -9.1564429 | BW12: =BQ12+BT12 -> -14.450156 | BX12: -0.000107288 | BY12: -0.000236862 | BZ12: -0.000102884 | CA12: -5.03957e-05 | CB12: -0.000293754 | CC12: -0.504215 | CD12: 0.000124294 | CE12: 0.00011785 | CF12: 0.00121847 | CG12: 9.817 | CH12: 9.817 | CI12: -0.1421 | CJ12: -97.4566 | CK12: 8.91336e-06 | CL12: =R12-AI12 -> 35.7274 | CM12: =((W12-AN12)^2+(X12-AO12)^2)^0.5 -> 35.727806 | CN12: =(CM12-CL12)/CL12 -> 1.1376126e-05 | CO12: =(X12-AO12)/CM12 -> 0.99999916 | CP12: =ACOS(CO12) -> 0.0012945931 | CQ12: =(AN12-W12)/CM12 -> 0.0012945928 | CR12: =CJ12*CO12 -> -97.456518 | CS12: =-CR12/D$2/A$2 -> 0.2369137 | CT12: =H12*CO12^2+I12*CQ12^2+2*J12*CO12*CQ12 -> 1.4462711e-05 | CU12: =H12*CQ12^2+I12*CO12^2-2*J12*CO12*CQ12 -> 4.6506589e-05 | CV12: =2*((I12-H12)*CO12*CQ12+J12*(CO12^2-CQ12^2)) -> 0.00023317375 | CW12: =CT12*K$2^2+CU12*J$2^2+J$2*K$2*CV12 -> 9.7675247e-05 | CX12: =CT12*J$2^2+CU12*K$2^2-J$2*K$2*CV12 -> -3.6705947e-05 | CY12: =(2*(CU12-CT12)*J$2*K$2+CV12*(K$2^2-J$2^2)) -> -0.00019323173 | CZ12: =-CY12 -> 0.00019323173 | DA12: =-CK12*CL12 -> -0.00031845118 | DB12: =G$2*DA12/CL12 -> -3.9278206e-05 | DC12: =BP12-Q12 -> -9.286722 | DD12: =BQ12-R12 -> -32.4525 | DE12: =(DC12^2+DD12^2)^0.5 -> 33.755118 | DF12: =AH12-AY12 -> -8.531609 | DG12: =AI12-AZ12 -> -32.6061 | DH12: =(DF12^2+DG12^2)^0.5 -> 33.7038 | DI12: =(DC12*DF12+DD12*DG12)/DE12/DH12 -> 0.99974019 | DJ12: =BV12-W12 -> -9.2890983 | DK12: =BW12-X12 -> -32.45519 | DL12: =(DJ12^2+DK12^2)^0.5 -> 33.758357 | DM12: =AN12-BE12 -> -8.5328687 | DN12: =AO12-BF12 -> -32.610653 | DO12: =(DM12^2+DN12^2)^0.5 -> 33.708523 | DP12: =(DJ12*DM12+DK12*DN12)/DL12/DO12 -> 0.99973919 | DQ12: =(DJ12*DC12+DK12*DD12)/DE12/DL12 -> 1 | DR12: =(DM12*DF12+DN12*DG12)/DH12/DO12 -> 1 | DS12: =DJ12/DL12 -> -0.2751644 | DT12: =DK12/DL12 -> -0.96139719 | DU12: =DS12^2*H12+DT12^2*I12+2*DS12*DT12*J12 -> 0.00010599864 | DV12: =DT12^2*H12+DS12^2*I12-2*DS12*DT12*J12 -> -4.5029341e-05 | DW12: =2*((I12-H12)*DS12*DT12+(DS12^2-DT12^2)*J12) -> -0.00018051968 | DX12: =-DW12 -> 0.00018051968
A13: 8 | B13: 0.00175781 | C13: 0.002713 | D13: 1.44927e-05 | E13: 0.00469553 | F13: -0.0688324 | G13: -0.0107225 | H13: 3.02055e-05 | I13: -2.40553e-05 | J13: 0.000114598 | K13: 0.000167166 | L13: -0.000161016 | M13: 0.584707 | N13: 0.000114799 | O13: 0.000117012 | P13: 0.00110922 | Q13: 0.127752 | R13: 18.0619 | S13: -0.0237748 | T13: 0.00612709 | U13: -0.0690914 | V13: 0.000355734 | W13: =Q13+T13 -> 0.13387909 | X13: =R13+U13 -> 17.992809 | Y13: -0.000236249 | Z13: -0.000616691 | AA13: 7.16689e-05 | AB13: -0.000222642 | AC13: -0.000630298 | AD13: 0.179614 | AE13: 0.000143998 | AF13: 0.000141173 | AG13: 0.0013882 | AH13: 0.176661 | AI13: -17.6655 | AJ13: -0.0264031 | AK13: 0.00413006 | AL13: -0.067375 | AM13: -0.0184504 | AN13: =AH13+AK13 -> 0.18079106 | AO13: =AI13+AL13 -> -17.732875 | AP13: 0.000186114 | AQ13: -0.000553734 | AR13: -4.45963e-06 | AS13: 0.000186334 | AT13: -0.000553954 | AU13: -0.00535054 | AV13: 0.000140114 | AW13: 0.000155238 | AX13: 0.00135175 | AY13: 8.70827 | AZ13: 14.9406 | BA13: -0.0361352 | BB13: 0.00606485 | BC13: -0.0655919 | BD13: 0.0195767 | BE13: =AY13+BB13 -> 8.7143349 | BF13: =AZ13+BC13 -> 14.875008 | BG13: -0.000167702 | BH13: 1.81024e-05 | BI13: -6.67461e-05 | BJ13: 4.00129e-05 | BK13: -0.000189612 | BL13: -1.26034 | BM13: 0.000144299 | BN13: 0.000147338 | BO13: 0.00137592 | BP13: -9.15897 | BQ13: -14.3906 | BR13: -0.0611257 | BS13: 0.00404838 | BT13: -0.0700921 | BU13: -0.0575708 | BV13: =BP13+BS13 -> -9.1549216 | BW13: =BQ13+BT13 -> -14.460692 | BX13: -0.000113678 | BY13: -0.00034817 | BZ13: -0.00012711 | CA13: -5.78826e-05 | CB13: -0.000403965 | CC13: -0.412659 | CD13: 0.000125918 | CE13: 0.000119921 | CF13: 0.0012397 | CG13: 11.004 | CH13: 11.004 | CI13: -0.1569 | CJ13: -107.858 | CK13: -4.80105e-05 | CL13: =R13-AI13 -> 35.7274 | CM13: =((W13-AN13)^2+(X13-AO13)^2)^0.5 -> 35.725714 | CN13: =(CM13-CL13)/CL13 -> -4.7179464e-05 | CO13: =(X13-AO13)/CM13 -> 0.99999914 | CP13: =ACOS(CO13) -> 0.0013131153 | CQ13: =(AN13-W13)/CM13 -> 0.001313115 | CR13: =CJ13*CO13 -> -107.85791 | CS13: =-CR13/D$2/A$2 -> 0.26219915 | CT13: =H13*CO13^2+I13*CQ13^2+2*J13*CO13*CQ13 -> 3.0506367e-05 | CU13: =H13*CQ13^2+I13*CO13^2-2*J13*CO13*CQ13 -> -2.4356167e-05 | CV13: =2*((I13-H13)*CO13*CQ13+J13*(CO13^2-CQ13^2)) -> 0.00022905271 | CW13: =CT13*K$2^2+CU13*J$2^2+J$2*K$2*CV13 -> 3.0610486e-05 | CX13: =CT13*J$2^2+CU13*K$2^2-J$2*K$2*CV13 -> -2.4460286e-05 | CY13: =(2*(CU13-CT13)*J$2*K$2+CV13*(K$2^2-J$2^2)) -> -0.00022900273 | CZ13: =-CY13 -> 0.00022900273 | DA13: =-CK13*CL13 -> 0.0017152903 | DB13: =G$2*DA13/CL13 -> 0.00021156627 | DC13: =BP13-Q13 -> -9.286722 | DD13: =BQ13-R13 -> -32.4525 | DE13: =(DC13^2+DD13^2)^0.5 -> 33.755118 | DF13: =AH13-AY13 -> -8.531609 | DG13: =AI13-AZ13 -> -32.6061 | DH13: =(DF13^2+DG13^2)^0.5 -> 33.7038 | DI13: =(DC13*DF13+DD13*DG13)/DE13/DH13 -> 0.99974019 | DJ13: =BV13-W13 -> -9.2888007 | DK13: =BW13-X13 -> -32.453501 | DL13: =(DJ13^2+DK13^2)^0.5 -> 33.756652 | DM13: =AN13-BE13 -> -8.5335438 | DN13: =AO13-BF13 -> -32.607883 | DO13: =(DM13^2+DN13^2)^0.5 -> 33.706014 | DP13: =(DJ13*DM13+DK13*DN13)/DL13/DO13 -> 0.99973999 | DQ13: =(DJ13*DC13+DK13*DD13)/DE13/DL13 -> 1 | DR13: =(DM13*DF13+DN13*DG13)/DH13/DO13 -> 1 | DS13: =DJ13/DL13 -> -0.27516949 | DT13: =DK13/DL13 -> -0.96139573 | DU13: =DS13^2*H13+DT13^2*I13+2*DS13*DT13*J13 -> 4.0686296e-05 | DV13: =DT13^2*H13+DS13^2*I13-2*DS13*DT13*J13 -> -3.4536096e-05 | DW13: =2*((I13-H13)*DS13*DT13+(DS13^2-DT13^2)*J13) -> -0.0002231964 | DX13: =-DW13 -> 0.0002231964
A14: 9 | B14: 0.00175781 | C14: 0.002713 | D14: 1.44927e-05 | E14: 0.002203 | F14: -0.0812709 | G14: -0.0196967 | H14: -3.40399e-05 | I14: -2.1111e-05 | J14: 0.000131664 | K14: 0.000149939 | L14: -0.00020509 | M14: 0.687993 | N14: 0.000114801 | O14: 0.000117001 | P14: 0.00110927 | Q14: 0.127752 | R14: 18.0619 | S14: -0.0237748 | T14: 0.00381531 | U14: -0.0831384 | V14: -0.00421078 | W14: =Q14+T14 -> 0.13156731 | X14: =R14+U14 -> 17.978762 | Y14: -0.000447427 | Z14: -0.00054162 | AA14: 0.000185602 | AB14: -0.000302341 | AC14: -0.000686707 | AD14: 0.664344 | AE14: 0.000150728 | AF14: 0.000147659 | AG14: 0.00145356 | AH14: 0.176661 | AI14: -17.6655 | AJ14: -0.0264031 | AK14: 0.00301158 | AL14: -0.0806871 | AM14: -0.0283686 | AN14: =AH14+AK14 -> 0.17967258 | AO14: =AI14+AL14 -> -17.746187 | AP14: 0.000191089 | AQ14: -0.000487511 | AR14: 1.93039e-05 | AS14: 0.00019214 | AT14: -0.000488562 | AU14: 0.0294299 | AV14: 0.000138982 | AW14: 0.000153925 | AX14: 0.00134069 | AY14: 8.70827 | AZ14: 14.9406 | BA14: -0.0361352 | BB14: 0.00268892 | BC14: -0.0774741 | BD14: 0.0234499 | BE14: =AY14+BB14 -> 8.7109589 | BF14: =AZ14+BC14 -> 14.863126 | BG14: -0.000199512 | BH14: -0.000138537 | BI14: 0.000144506 | BJ14: -2.11349e-05 | BK14: -0.000316915 | BL14: 0.889413 | BM14: 0.000136683 | BN14: 0.000139741 | BO14: 0.00130489 | BP14: -9.15897 | BQ14: -14.3906 | BR14: -0.0611257 | BS14: 0.0025985 | BT14: -0.0836427 | BU14: -0.0741928 | BV14: =BP14+BS14 -> -9.1563715 | BW14: =BQ14+BT14 -> -14.474243 | BX14: -0.000189131 | BY14: -0.000110237 | BZ14: -0.000155563 | CA14: 1.08065e-05 | CB14: -0.000310175 | CC14: -0.909688 | CD14: 0.000120601 | CE14: 0.000114952 | CF14: 0.0011883 | CG14: 12.25 | CH14: 12.25 | CI14: -0.1708 | CJ14: -117.581 | CK14: -6.68678e-05 | CL14: =R14-AI14 -> 35.7274 | CM14: =((W14-AN14)^2+(X14-AO14)^2)^0.5 -> 35.724981 | CN14: =(CM14-CL14)/CL14 -> -6.7704676e-05 | CO14: =(X14-AO14)/CM14 -> 0.99999909 | CP14: =ACOS(CO14) -> 0.0013465447 | CQ14: =(AN14-W14)/CM14 -> 0.0013465443 | CR14: =CJ14*CO14 -> -117.58089 | CS14: =-CR14/D$2/A$2 -> 0.28583542 | CT14: =H14*CO14^2+I14*CQ14^2+2*J14*CO14*CQ14 -> -3.3685294e-05 | CU14: =H14*CQ14^2+I14*CO14^2-2*J14*CO14*CQ14 -> -2.1465606e-05 | CV14: =2*((I14-H14)*CO14*CQ14+J14*(CO14^2-CQ14^2)) -> 0.00026336186 | CW14: =CT14*K$2^2+CU14*J$2^2+J$2*K$2*CV14 -> 3.7633291e-05 | CX14: =CT14*J$2^2+CU14*K$2^2-J$2*K$2*CV14 -> -9.2784191e-05 | CY14: =(2*(CU14-CT14)*J$2*K$2+CV14*(K$2^2-J$2^2)) -> -0.00022912894 | CZ14: =-CY14 -> 0.00022912894 | DA14: =-CK14*CL14 -> 0.0023890126 | DB14: =G$2*DA14/CL14 -> 0.00029466411 | DC14: =BP14-Q14 -> -9.286722 | DD14: =BQ14-R14 -> -32.4525 | DE14: =(DC14^2+DD14^2)^0.5 -> 33.755118 | DF14: =AH14-AY14 -> -8.531609 | DG14: =AI14-AZ14 -> -32.6061 | DH14: =(DF14^2+DG14^2)^0.5 -> 33.7038 | DI14: =(DC14*DF14+DD14*DG14)/DE14/DH14 -> 0.99974019 | DJ14: =BV14-W14 -> -9.2879388 | DK14: =BW14-X14 -> -32.453004 | DL14: =(DJ14^2+DK14^2)^0.5 -> 33.755937 | DM14: =AN14-BE14 -> -8.5312863 | DN14: =AO14-BF14 -> -32.609313 | DO14: =(DM14^2+DN14^2)^0.5 -> 33.706826 | DP14: =(DJ14*DM14+DK14*DN14)/DL14/DO14 -> 0.99973873 | DQ14: =(DJ14*DC14+DK14*DD14)/DE14/DL14 -> 1 | DR14: =(DM14*DF14+DN14*DG14)/DH14/DO14 -> 1 | DS14: =DJ14/DL14 -> -0.27514978 | DT14: =DK14/DL14 -> -0.96140137 | DU14: =DS14^2*H14+DT14^2*I14+2*DS14*DT14*J14 -> 4.7568179e-05 | DV14: =DT14^2*H14+DS14^2*I14-2*DS14*DT14*J14 -> -0.00010271908 | DW14: =2*((I14-H14)*DS14*DT14+(DS14^2-DT14^2)*J14) -> -0.00021661609 | DX14: =-DW14 -> 0.00021661609
A15: 10 | B15: 0.00175781 | C15: 0.002713 | D15: 1.44927e-05 | E15: 0.00437728 | F15: -0.0995807 | G15: -0.0135189 | H15: 7.03652e-05 | I15: -3.54356e-05 | J15: 0.000134112 | K15: 0.000192313 | L15: -0.000157384 | M15: 0.562298 | N15: 0.000117947 | O15: 0.000120234 | P15: 0.00113977 | Q15: 0.127752 | R15: 18.0619 | S15: -0.0237748 | T15: 0.00359291 | U15: -0.101766 | V15: 0.00195431 | W15: =Q15+T15 -> 0.13134491 | X15: =R15+U15 -> 17.960134 | Y15: -0.00027313 | Z15: -0.0007829 | AA15: 0.000178965 | AB15: -0.000216498 | AC15: -0.000839532 | AD15: 0.305996 | AE15: 0.000150831 | AF15: 0.00014736 | AG15: 0.00145228 | AH15: 0.176661 | AI15: -17.6655 | AJ15: -0.0264031 | AK15: 0.00737089 | AL15: -0.0987696 | AM15: -0.0317987 | AN15: =AH15+AK15 -> 0.18403189 | AO15: =AI15+AL15 -> -17.76427 | AP15: 0.000294599 | AQ15: -0.000340257 | AR15: -2.02141e-06 | AS15: 0.000294978 | AT15: -0.000340637 | AU15: -0.00227174 | AV15: 0.000142329 | AW15: 0.000157824 | AX15: 0.00137401 | AY15: 8.70827 | AZ15: 14.9406 | BA15: -0.0361352 | BB15: 0.00373239 | BC15: -0.0947312 | BD15: 0.0331521 | BE15: =AY15+BB15 -> 8.7120024 | BF15: =AZ15+BC15 -> 14.845869 | BG15: -0.000148142 | BH15: -1.49286e-05 | BI15: 5.9275e-05 | BJ15: 8.48241e-06 | BK15: -0.000171553 | BL15: 1.20525 | BM15: 0.000147363 | BN15: 0.000150426 | BO15: 0.00140483 | BP15: -9.15897 | BQ15: -14.3906 | BR15: -0.0611257 | BS15: 0.00569738 | BT15: -0.103239 | BU15: -0.0730616 | BV15: =BP15+BS15 -> -9.1532726 | BW15: =BQ15+BT15 -> -14.493839 | BX15: 0.000136053 | BY15: -0.00010315 | BZ15: -9.25535e-05 | CA15: 0.000167693 | CB15: -0.000134789 | CC15: -0.329298 | CD15: 0.000128321 | CE15: 0.000121962 | CF15: 0.0012609 | CG15: 14.246 | CH15: 14.246 | CI15: -0.184 | CJ15: -126.852 | CK15: -8.3067e-05 | CL15: =R15-AI15 -> 35.7274 | CM15: =((W15-AN15)^2+(X15-AO15)^2)^0.5 -> 35.724442 | CN15: =(CM15-CL15)/CL15 -> -8.2780952e-05 | CO15: =(X15-AO15)/CM15 -> 0.99999891 | CP15: =ACOS(CO15) -> 0.0014748166 | CQ15: =(AN15-W15)/CM15 -> 0.001474816 | CR15: =CJ15*CO15 -> -126.85186 | CS15: =-CR15/D$2/A$2 -> 0.30837285 | CT15: =H15*CO15^2+I15*CQ15^2+2*J15*CO15*CQ15 -> 7.076055e-05 | CU15: =H15*CQ15^2+I15*CO15^2-2*J15*CO15*CQ15 -> -3.583095e-05 | CV15: =2*((I15-H15)*CO15*CQ15+J15*(CO15^2-CQ15^2)) -> 0.00026791076 | CW15: =CT15*K$2^2+CU15*J$2^2+J$2*K$2*CV15 -> 3.0771028e-05 | CX15: =CT15*J$2^2+CU15*K$2^2-J$2*K$2*CV15 -> 4.1585716e-06 | CY15: =(2*(CU15-CT15)*J$2*K$2+CV15*(K$2^2-J$2^2)) -> -0.00028710573 | CZ15: =-CY15 -> 0.00028710573 | DA15: =-CK15*CL15 -> 0.0029677679 | DB15: =G$2*DA15/CL15 -> 0.00036604858 | DC15: =BP15-Q15 -> -9.286722 | DD15: =BQ15-R15 -> -32.4525 | DE15: =(DC15^2+DD15^2)^0.5 -> 33.755118 | DF15: =AH15-AY15 -> -8.531609 | DG15: =AI15-AZ15 -> -32.6061 | DH15: =(DF15^2+DG15^2)^0.5 -> 33.7038 | DI15: =(DC15*DF15+DD15*DG15)/DE15/DH15 -> 0.99974019 | DJ15: =BV15-W15 -> -9.2846175 | DK15: =BW15-X15 -> -32.453973 | DL15: =(DJ15^2+DK15^2)^0.5 -> 33.755955 | DM15: =AN15-BE15 -> -8.5279705 | DN15: =AO15-BF15 -> -32.610138 | DO15: =(DM15^2+DN15^2)^0.5 -> 33.706786 | DP15: =(DJ15*DM15+DK15*DN15)/DL15/DO15 -> 0.99973876 | DQ15: =(DJ15*DC15+DK15*DD15)/DE15/DL15 -> 1 | DR15: =(DM15*DF15+DN15*DG15)/DH15/DO15 -> 0.99999999 | DS15: =DJ15/DL15 -> -0.27505125 | DT15: =DK15/DL15 -> -0.96142957 | DU15: =DS15^2*H15+DT15^2*I15+2*DS15*DT15*J15 -> 4.3498367e-05 | DV15: =DT15^2*H15+DS15^2*I15-2*DS15*DT15*J15 -> -8.568767e-06 | DW15: =2*((I15-H15)*DS15*DT15+(DS15^2-DT15^2)*J15) -> -0.00028359643 | DX15: =-DW15 -> 0.00028359643
A16: 11 | B16: 0.00175781 | C16: 0.002713 | D16: 1.44927e-05 | E16: 0.00232413 | F16: -0.103555 | G16: -0.00135746 | H16: 0.000128542 | I16: -9.3553e-05 | J16: 0.000186594 | K16: 0.000273041 | L16: -0.000238052 | M16: 0.509129 | N16: 0.000116194 | O16: 0.000118425 | P16: 0.00112271 | Q16: 0.127752 | R16: 18.0619 | S16: -0.0237748 | T16: 0.00208472 | U16: -0.105731 | V16: 0.0149744 | W16: =Q16+T16 -> 0.12983672 | X16: =R16+U16 -> 17.956169 | Y16: -0.000267719 | Z16: -0.000761005 | AA16: 0.000215414 | AB16: -0.000186492 | AC16: -0.000842232 | AD16: 0.358542 | AE16: 0.000153104 | AF16: 0.000149627 | AG16: 0.00147424 | AH16: 0.176661 | AI16: -17.6655 | AJ16: -0.0264031 | AK16: 0.00528593 | AL16: -0.100419 | AM16: -0.0170987 | AN16: =AH16+AK16 -> 0.18194693 | AO16: =AI16+AL16 -> -17.765919 | AP16: 0.00048601 | AQ16: -0.000454662 | AR16: 6.82533e-05 | AS16: 0.000491208 | AT16: -0.00045986 | AU16: 0.072363 | AV16: 0.000139978 | AW16: 0.000155305 | AX16: 0.00135187 | AY16: 8.70827 | AZ16: 14.9406 | BA16: -0.0361352 | BB16: 0.00189527 | BC16: -0.0981935 | BD16: 0.0483482 | BE16: =AY16+BB16 -> 8.7101653 | BF16: =AZ16+BC16 -> 14.842406 | BG16: -0.000117966 | BH16: -8.03565e-05 | BI16: 0.000113752 | BJ16: 1.64413e-05 | BK16: -0.000214764 | BL16: 0.866841 | BM16: 0.000142172 | BN16: 0.000144999 | BO16: 0.00135455 | BP16: -9.15897 | BQ16: -14.3906 | BR16: -0.0611257 | BS16: 0.00382284 | BT16: -0.106431 | BU16: -0.0695033 | BV16: =BP16+BS16 -> -9.1551472 | BW16: =BQ16+BT16 -> -14.497031 | BX16: -7.45481e-05 | BY16: -0.000260077 | BZ16: -0.00010716 | CA16: -2.52855e-05 | CB16: -0.00030934 | CC16: -0.428621 | CD16: 0.000124382 | CE16: 0.000118269 | CF16: 0.00122273 | CG16: 14.874 | CH16: 14.875 | CI16: -0.2004 | CJ16: -138.384 | CK16: -0.000149527 | CL16: =R16-AI16 -> 35.7274 | CM16: =((W16-AN16)^2+(X16-AO16)^2)^0.5 -> 35.722126 | CN16: =(CM16-CL16)/CL16 -> -0.00014761756 | CO16: =(X16-AO16)/CM16 -> 0.99999894 | CP16: =ACOS(CO16) -> 0.0014587662 | CQ16: =(AN16-W16)/CM16 -> 0.0014587656 | CR16: =CJ16*CO16 -> -138.38385 | CS16: =-CR16/D$2/A$2 -> 0.33640675 | CT16: =H16*CO16^2+I16*CQ16^2+2*J16*CO16*CQ16 -> 0.00012908592 | CU16: =H16*CQ16^2+I16*CO16^2-2*J16*CO16*CQ16 -> -9.4096921e-05 | CV16: =2*((I16-H16)*CO16*CQ16+J16*(CO16^2-CQ16^2)) -> 0.00037253844 | CW16: =CT16*K$2^2+CU16*J$2^2+J$2*K$2*CV16 -> 2.5980094e-06 | CX16: =CT16*J$2^2+CU16*K$2^2-J$2*K$2*CV16 -> 3.2390991e-05 | CY16: =(2*(CU16-CT16)*J$2*K$2+CV16*(K$2^2-J$2^2)) -> -0.00043325264 | CZ16: =-CY16 -> 0.00043325264 | DA16: =-CK16*CL16 -> 0.0053422109 | DB16: =G$2*DA16/CL16 -> 0.00065891565 | DC16: =BP16-Q16 -> -9.286722 | DD16: =BQ16-R16 -> -32.4525 | DE16: =(DC16^2+DD16^2)^0.5 -> 33.755118 | DF16: =AH16-AY16 -> -8.531609 | DG16: =AI16-AZ16 -> -32.6061 | DH16: =(DF16^2+DG16^2)^0.5 -> 33.7038 | DI16: =(DC16*DF16+DD16*DG16)/DE16/DH16 -> 0.99974019 | DJ16: =BV16-W16 -> -9.2849839 | DK16: =BW16-X16 -> -32.4532 | DL16: =(DJ16^2+DK16^2)^0.5 -> 33.755312 | DM16: =AN16-BE16 -> -8.5282183 | DN16: =AO16-BF16 -> -32.608325 | DO16: =(DM16^2+DN16^2)^0.5 -> 33.705095 | DP16: =(DJ16*DM16+DK16*DN16)/DL16/DO16 -> 0.99973885 | DQ16: =(DJ16*DC16+DK16*DD16)/DE16/DL16 -> 1 | DR16: =(DM16*DF16+DN16*DG16)/DH16/DO16 -> 0.99999999 | DS16: =DJ16/DL16 -> -0.27506734 | DT16: =DK16/DL16 -> -0.96142496 | DU16: =DS16^2*H16+DT16^2*I16+2*DS16*DT16*J16 -> 2.1943192e-05 | DV16: =DT16^2*H16+DS16^2*I16-2*DS16*DT16*J16 -> 1.3045808e-05 | DW16: =2*((I16-H16)*DS16*DT16+(DS16^2-DT16^2)*J16) -> -0.00043418465 | DX16: =-DW16 -> 0.00043418465
... A339: 334 | B339: 0.00195873 | C339: -0.0242178 | D339: 7.81036e-05 | E339: -0.17741 | F339: -1.89092 | G339: -0.0884898 | H339: 0.0153115 | I339: -0.0134236 | J339: 0.0241691 | K339: 0.0295472 | L339: -0.0276592 | M339: 0.508314 | N339: 0.000199542 | O339: 0.000201805 | P339: 0.00191649 | Q339: 0.127752 | R339: 18.0619 | S339: -0.0237748 | T339: -1.95297 | U339: -2.32336 | V339: -0.158921 | W339: =Q339+T339 -> -1.825218 | X339: =R339+U339 -> 15.73854 | Y339: -0.00296474 | Z339: -0.014787 | AA339: -0.000910542 | AB339: -0.00262698 | AC339: -0.0151247 | AD339: -0.0900967 | AE339: 0.000688637 | AF339: 0.000718178 | AG339: 0.00696212 | AH339: 0.176661 | AI339: -17.6655 | AJ339: -0.0264031 | AK339: 1.5805 | AL339: -1.47928 | AM339: -0.0457426 | AN339: =AH339+AK339 -> 1.757161 | AO339: =AI339+AL339 -> -19.14478 | AP339: -0.0187479 | AQ339: -0.010526 | AR339: 0.0163844 | AS339: 0.00230246 | AT339: -0.0315763 | AU339: 0.910374 | AV339: 0.000421958 | AW339: 0.000472833 | AX339: 0.00408418 | AY339: 8.70827 | AZ339: 14.9406 | BA339: -0.0361352 | BB339: -1.61932 | BC339: -0.795352 | BD339: -0.149116 | BE339: =AY339+BB339 -> 7.08895 | BF339: =AZ339+BC339 -> 14.145248 | BG339: 0.00365354 | BH339: -0.000910038 | BI339: 0.00512439 | BJ339: 0.00698397 | BK339: -0.00424047 | BL339: 0.573249 | BM339: 0.000193483 | BN339: 0.000198599 | BO339: 0.00185489 | BP339: -9.15897 | BQ339: -14.3906 | BR339: -0.0611257 | BS339: 1.26091 | BT339: -3.07339 | BU339: 0.0210252 | BV339: =BP339+BS339 -> -7.89806 | BW339: =BQ339+BT339 -> -17.46399 | BX339: -0.0032519 | BY339: -0.00073929 | BZ339: 0.00183721 | CA339: 0.000232946 | CB339: -0.00422414 | CC339: 1.08472 | CD339: 0.000145529 | CE339: 0.000138354 | CF339: 0.00143105 | CG339: 260.416 | CH339: 260.416 | CI339: -4.7238 | CJ339: -3311.94 | CK339: -0.0185606 | CL339: =R339-AI339 -> 35.7274 | CM339: =((W339-AN339)^2+(X339-AO339)^2)^0.5 -> 35.066786 | CN339: =(CM339-CL339)/CL339 -> -0.018490413 | CO339: =(X339-AO339)/CM339 -> 0.99476811 | CP339: =ACOS(CO339) -> 0.10233729 | CQ339: =(AN339-W339)/CM339 -> 0.10215875 | CR339: =CJ339*CO339 -> -3294.6123 | CS339: =-CR339/D$2/A$2 -> 8.0090979 | CT339: =H339*CO339^2+I339*CQ339^2+2*J339*CO339*CQ339 -> 0.019923943 | CU339: =H339*CQ339^2+I339*CO339^2-2*J339*CO339*CQ339 -> -0.018036043 | CV339: =2*((I339-H339)*CO339*CQ339+J339*(CO339^2-CQ339^2)) -> 0.041488878 | CW339: =CT339*K$2^2+CU339*J$2^2+J$2*K$2*CV339 -> -0.0065536052 | CX339: =CT339*J$2^2+CU339*K$2^2-J$2*K$2*CV339 -> 0.0084415052 | CY339: =(2*(CU339-CT339)*J$2*K$2+CV339*(K$2^2-J$2^2)) -> -0.054198102 | CZ339: =-CY339 -> 0.054198102 | DA339: =-CK339*CL339 -> 0.66312198 | DB339: =G$2*DA339/CL339 -> 0.081790377 | DC339: =BP339-Q339 -> -9.286722 | DD339: =BQ339-R339 -> -32.4525 | DE339: =(DC339^2+DD339^2)^0.5 -> 33.755118 | DF339: =AH339-AY339 -> -8.531609 | DG339: =AI339-AZ339 -> -32.6061 | DH339: =(DF339^2+DG339^2)^0.5 -> 33.7038 | DI339: =(DC339*DF339+DD339*DG339)/DE339/DH339 -> 0.99974019 | DJ339: =BV339-W339 -> -6.072842 | DK339: =BW339-X339 -> -33.20253 | DL339: =(DJ339^2+DK339^2)^0.5 -> 33.753332 | DM339: =AN339-BE339 -> -5.331789 | DN339: =AO339-BF339 -> -33.290028 | DO339: =(DM339^2+DN339^2)^0.5 -> 33.714299 | DP339: =(DJ339*DM339+DK339*DN339)/DL339/DO339 -> 0.99975602 | DQ339: =(DJ339*DC339+DK339*DD339)/DE339/DL339 -> 0.99522026 | DR339: =(DM339*DF339+DN339*DG339)/DH339/DO339 -> 0.99528888 | DS339: =DJ339/DL339 -> -0.1799183 | DT339: =DK339/DL339 -> -0.98368156 | DU339: =DS339^2*H339+DT339^2*I339+2*DS339*DT339*J339 -> -0.0039384214 | DV339: =DT339^2*H339+DS339^2*I339-2*DS339*DT339*J339 -> 0.0058263214 | DW339: =2*((I339-H339)*DS339*DT339+(DS339^2-DT339^2)*J339) -> -0.055379936 | DX339: =-DW339 -> 0.055379936

Sheet OLS13-3
A1: w | B1: t | C1: a | D1: L, mm | E1: tg(theta) | F1: ctg(theta) | G1: (2+tg^2+ctg^2)^0,5 | J1: cos | K1: sin | L1: acos | CZ1: =MATCH(CS3,CS5:CS1048576,0)-1 -> 319 | DB1: =MATCH(CS3,CS5:CS1048576,0)-1 -> 319
A2: =2*5 -> 10 | B2: 9.6 | C2: 40 | D2: =(B2^2+C2^2)^0.5 -> 41.135872 | E2: =B2/C2 -> 0.24 | F2: =1/E2 -> 4.1666667 | G2: =(2+E2^2+F2^2)^0.5 -> 4.4066667 | J2: =C2/D2 -> 0.9723873 | K2: =(1-J2^2)^0.5 -> 0.23337295 | L2: =ACOS(J2) -> 0.23554498 | CS2: Ult Stress, MPa | CZ2: Failure Strains, % | DA2: G13, MPa | DB2: Failure Strains, % | DC2: G13, MPa
A3: Average | Q3: P0 | AH3: P1 | AY3: P2 | BP3: P3 | CG3: Analog | CK3: E0 | CS3: =MAX(CS5:CS1048576) -> 7.7623027 | CY3: =CS132/CZ132 -> 328.15985 | CZ3: =INDEX(CZ5:CZ1048576,MATCH(CS3,CS5:CS1048576,0)) -> 0.046353371 | DA3: =INDEX(LINEST(CS20:CS127,CZ20:CZ127),1) -> 299.96466 | DB3: =INDEX(DB5:DB1048576,MATCH(CS3,CS5:CS1048576,0)) -> 0.039332232 | DC3: =INDEX(LINEST(CS5:CS90,DB5:DB90),1) -> 322.28981 | DD3: before deformation | DI3: check | DJ3: after defor,mation
A4: Index [1] | B4: X [mm] | C4: Y [mm] | D4: Z [mm] | E4: U [mm] | F4: V [mm] | G4: W [mm] | H4: exx [1] - Lagrange | I4: eyy [1] - Lagrange | J4: exy [1] - Lagrange | K4: e1 [1] - Lagrange | L4: e2 [1] - Lagrange | M4: gamma [1] - Lagrange | N4: Sigma_X [mm] | O4: Sigma_Y [mm] | P4: Sigma_Z [mm] | Q4: X [mm] | R4: Y [mm] | S4: Z [mm] | T4: U [mm] | U4: V [mm] | V4: W [mm] | W4: X01 | X4: Y01 | Y4: exx [1] - Lagrange | Z4: eyy [1] - Lagrange | AA4: exy [1] - Lagrange | AB4: e1 [1] - Lagrange | AC4: e2 [1] - Lagrange | AD4: gamma [1] - Lagrange | AE4: Sigma_X [mm] | AF4: Sigma_Y [mm] | AG4: Sigma_Z [mm] | AH4: X [mm] | AI4: Y [mm] | AJ4: Z [mm] | AK4: U [mm] | AL4: V [mm] | AM4: W [mm] | AN4: X11 | AO4: Y11 | AP4: exx [1] - Lagrange | AQ4: eyy [1] - Lagrange | AR4: exy [1] - Lagrange | AS4: e1 [1] - Lagrange | AT4: e2 [1] - Lagrange | AU4: gamma [1] - Lagrange | AV4: Sigma_X [mm] | AW4: Sigma_Y [mm] | AX4: Sigma_Z [mm] | AY4: X [mm] | AZ4: Y [mm] | BA4: Z [mm] | BB4: U [mm] | BC4: V [mm] | BD4: W [mm] | BE4: X21 | BF4: Y21 | BG4: exx [1] - Lagrange | BH4: eyy [1] - Lagrange | BI4: exy [1] - Lagrange | BJ4: e1 [1] - Lagrange | BK4: e2 [1] - Lagrange | BL4: gamma [1] - Lagrange | BM4: Sigma_X [mm] | BN4: Sigma_Y [mm] | BO4: Sigma_Z [mm] | BP4: X [mm] | BQ4: Y [mm] | BR4: Z [mm] | BS4: U [mm] | BT4: V [mm] | BU4: W [mm] | BV4: X31 | BW4: Y31 | BX4: exx [1] - Lagrange | BY4: eyy [1] - Lagrange | BZ4: exy [1] - Lagrange | CA4: e1 [1] - Lagrange | CB4: e2 [1] - Lagrange | CC4: gamma [1] - Lagrange | CD4: Sigma_X [mm] | CE4: Sigma_Y [mm] | CF4: Sigma_Z [mm] | CG4: Time_1 | CH4: Time_0 | CI4: Dev1/ai0 | CJ4: Force_[N] | CK4: ?L/L0 [1] | CL4: L0, mm | CM4: L1 | CN4: (L1-L0)/L0 | CO4: cos(dth) | CP4: acos(dth) | CQ4: sin(dth) | CR4: Force' | CS4: Tau_13, Mpa | CT4: e_xx' | CU4: e_yy' | CV4: g_xy' | CW4: e_1 | CX4: e_2 | CY4: g_13' | CZ4: -g_13' | DA4: u, mm | DB4: g_13u | DC4: P0P3_x | DD4: P0P3_y | DE4: P0P3 | DF4: P2P1_x | DG4: P2P1_y | DH4: P2P1 | DI4: Cos0 | DJ4: P0P3_x1 | DK4: P0P3_y1 | DL4: P0P3_1 | DM4: P2P1_x1 | DN4: P2P1_y1 | DO4: P2P1_1 | DP4: Cos1 | DQ4: Cos03 | DR4: Cos21 | DS4: cos_P2P1 | DT4: sin_P2P1 | DU4: e1 | DV4: e3 | DW4: g13 | DX4: -g13
A5: 0 | B5: -0.00338074 | C5: -0.0153861 | D5: 0.000389841 | E5: 0 | F5: 0 | G5: 0 | H5: -1.32294e-17 | I5: -1.44913e-17 | J5: 4.11518e-19 | K5: -1.11409e-17 | L5: -1.65798e-17 | M5: 0.0690697 | N5: 0.000251006 | O5: 0.000255926 | P5: 0.00227565 | Q5: 0.948505 | R5: 18.1954 | S5: -0.0512881 | T5: 0 | U5: 0 | V5: 0 | W5: =Q5+T5 -> 0.948505 | X5: =R5+U5 -> 18.1954 | Y5: -2.45241e-17 | Z5: -1.34764e-17 | AA5: -6.62807e-19 | AB5: -1.34117e-17 | AC5: -2.45888e-17 | AD5: -1.51954 | AE5: 0.000307338 | AF5: 0.000282725 | AG5: 0.00278153 | AH5: -0.858936 | AI5: -19.3617 | AJ5: -0.110016 | AK5: 0 | AL5: 0 | AM5: 0 | AN5: =AH5+AK5 -> -0.858936 | AO5: =AI5+AL5 -> -19.3617 | AP5: -2.96794e-17 | AQ5: -2.05224e-17 | AR5: 9.11767e-18 | AS5: -1.48928e-17 | AT5: -3.5309e-17 | AU5: 1.01776 | AV5: 0.000462587 | AW5: 0.000579404 | AX5: 0.00424485 | AY5: 8.12937 | AZ5: 16.1081 | BA5: -0.0519262 | BB5: 0 | BC5: 0 | BD5: 0 | BE5: =AY5+BB5 -> 8.12937 | BF5: =AZ5+BC5 -> 16.1081 | BG5: -1.68234e-17 | BH5: -1.72099e-17 | BI5: -6.92931e-19 | BJ5: -1.62734e-17 | BK5: -1.77599e-17 | BL5: -0.636982 | BM5: 0.000390186 | BN5: 0.000337749 | BO5: 0.0033401 | BP5: -8.27211 | BQ5: -17.2976 | BR5: -0.118292 | BS5: 0 | BT5: 0 | BU5: 0 | BV5: =BP5+BS5 -> -8.27211 | BW5: =BQ5+BT5 -> -17.2976 | BX5: -1.52652e-17 | BY5: -1.42048e-17 | BZ5: -9.70519e-19 | CA5: -1.35855e-17 | CB5: -1.58845e-17 | CC5: -1.02951 | CD5: 0.000150186 | CE5: 0.000169166 | CF5: 0.00146468 | CG5: 0 | CH5: 0.004 | CI5: -0.0357 | CJ5: -32.3147 | CK5: 0 | CL5: =((Q5-AH5)^2+(R5-AI5)^2)^0.5 -> 37.600567 | CM5: =((W5-AN5)^2+(X5-AO5)^2)^0.5 -> 37.600567 | CN5: =(CM5-CL5)/CL5 -> 0 | CO5: =(X5-AO5)/CM5 -> 0.99884399 | CP5: =ACOS(CO5) -> 0.048088047 | CQ5: =(AN5-W5)/CM5 -> -0.048069515 | CR5: =CJ5*CO5 -> -32.277344 | CS5: =-CR5/D$2/A$2 -> 0.078465199 | CT5: =H5*CO5^2+I5*CQ5^2+2*J5*CO5*CQ5 -> -1.3271833e-17 | CU5: =H5*CQ5^2+I5*CO5^2-2*J5*CO5*CQ5 -> -1.4448867e-17 | CV5: =2*((I5-H5)*CO5*CQ5+J5*(CO5^2-CQ5^2)) -> 9.4041006e-19 | CW5: =CT5*K$2^2+CU5*J$2^2+J$2*K$2*CV5 -> -1.4171356e-17 | CX5: =CT5*J$2^2+CU5*K$2^2-J$2*K$2*CV5 -> -1.3549344e-17 | CY5: =(2*(CU5-CT5)*J$2*K$2+CV5*(K$2^2-J$2^2)) -> -1.3721811e-18 | CZ5: =-CY5 -> 1.3721811e-18 | DA5: =-CK5*CL5 -> 0 | DB5: =G$2*DA5/CL5 -> 0 | DC5: =BP5-Q5 -> -9.220615 | DD5: =BQ5-R5 -> -35.493 | DE5: =(DC5^2+DD5^2)^0.5 -> 36.671144 | DF5: =AH5-AY5 -> -8.988306 | DG5: =AI5-AZ5 -> -35.4698 | DH5: =(DF5^2+DG5^2)^0.5 -> 36.590933 | DI5: =(DC5*DF5+DD5*DG5)/DE5/DH5 -> 0.99998209 | DJ5: =BV5-W5 -> -9.220615 | DK5: =BW5-X5 -> -35.493 | DL5: =(DJ5^2+DK5^2)^0.5 -> 36.671144 | DM5: =AN5-BE5 -> -8.988306 | DN5: =AO5-BF5 -> -35.4698 | DO5: =(DM5^2+DN5^2)^0.5 -> 36.590933 | DP5: =(DJ5*DM5+DK5*DN5)/DL5/DO5 -> 0.99998209 | DQ5: =(DJ5*DC5+DK5*DD5)/DE5/DL5 -> 1 | DR5: =(DM5*DF5+DN5*DG5)/DH5/DO5 -> 1 | DS5: =DJ5/DL5 -> -0.25144062 | DT5: =DK5/DL5 -> -0.96787273 | DU5: =DS5^2*H5+DT5^2*I5+2*DS5*DT5*J5 -> -1.4211224e-17 | DV5: =DT5^2*H5+DS5^2*I5-2*DS5*DT5*J5 -> -1.3509476e-17 | DW5: =2*((I5-H5)*DS5*DT5+(DS5^2-DT5^2)*J5) -> -1.3331657e-18 | DX5: =-DW5 -> 1.3331657e-18
A6: 1 | B6: -0.00338074 | C6: -0.0153861 | D6: 0.000389841 | E6: -0.00535242 | F6: -0.0134698 | G6: -0.00765964 | H6: 2.5043e-05 | I6: 3.19947e-05 | J6: 2.43142e-05 | K6: 8.26483e-05 | L6: -2.56107e-05 | M6: 0.442057 | N6: 0.000108321 | O6: 0.000108854 | P6: 0.000999563 | Q6: 0.948505 | R6: 18.1954 | S6: -0.0512881 | T6: -0.00504124 | U6: -0.0127817 | V6: -0.00932163 | W6: =Q6+T6 -> 0.94346376 | X6: =R6+U6 -> 18.182618 | Y6: 0.000135099 | Z6: -0.0001106 | AA6: 4.93699e-05 | AB6: 0.000144721 | AC6: -0.000120223 | AD6: 0.192073 | AE6: 0.000100472 | AF6: 9.41796e-05 | AG6: 0.000927677 | AH6: -0.858936 | AI6: -19.3617 | AJ6: -0.110016 | AK6: -0.00579875 | AL6: -0.0141574 | AM6: -0.00572098 | AN6: =AH6+AK6 -> -0.86473475 | AO6: =AI6+AL6 -> -19.375857 | AP6: 0.000416917 | AQ6: 9.66469e-05 | AR6: -2.44733e-06 | AS6: 0.000417447 | AT6: 9.61165e-05 | AU6: -0.00910851 | AV6: 0.000143115 | AW6: 0.000175953 | AX6: 0.00131997 | AY6: 8.12937 | AZ6: 16.1081 | BA6: -0.0519262 | BB6: -0.00452491 | BC6: -0.0125042 | BD6: -0.00963757 | BE6: =AY6+BB6 -> 8.1248451 | BF6: =AZ6+BC6 -> 16.095596 | BG6: -3.34025e-06 | BH6: -2.85446e-05 | BI6: 4.27243e-05 | BJ6: 2.96264e-05 | BK6: -6.15112e-05 | BL6: 0.647252 | BM6: 0.000112022 | BN6: 0.000101171 | BO6: 0.00101987 | BP6: -8.27211 | BQ6: -17.2976 | BR6: -0.118292 | BS6: -0.00567433 | BT6: -0.0137969 | BU6: -0.0055963 | BV6: =BP6+BS6 -> -8.2777843 | BW6: =BQ6+BT6 -> -17.311397 | BX6: -5.0339e-05 | BY6: 1.61439e-05 | BZ6: 2.7643e-05 | CA6: 2.66872e-05 | CB6: -6.08823e-05 | CC6: 1.22136 | CD6: 9.22238e-05 | CE6: 9.81255e-05 | CF6: 0.000859304 | CG6: 1.544 | CH6: 1.544 | CI6: -0.0338 | CJ6: -30.3757 | CK6: 3.75103e-05 | CL6: =((Q6-AH6)^2+(R6-AI6)^2)^0.5 -> 37.600567 | CM6: =((W6-AN6)^2+(X6-AO6)^2)^0.5 -> 37.601977 | CN6: =(CM6-CL6)/CL6 -> 3.7513508e-05 | CO6: =(X6-AO6)/CM6 -> 0.99884311 | CP6: =ACOS(CO6) -> 0.04810641 | CQ6: =(AN6-W6)/CM6 -> -0.048087857 | CR6: =CJ6*CO6 -> -30.340559 | CS6: =-CR6/D$2/A$2 -> 0.073756935 | CT6: =H6*CO6^2+I6*CQ6^2+2*J6*CO6*CQ6 -> 2.2723345e-05 | CU6: =H6*CQ6^2+I6*CO6^2-2*J6*CO6*CQ6 -> 3.4314355e-05 | CV6: =2*((I6-H6)*CO6*CQ6+J6*(CO6^2-CQ6^2)) -> 4.7735688e-05 | CW6: =CT6*K$2^2+CU6*J$2^2+J$2*K$2*CV6 -> 4.4515681e-05 | CX6: =CT6*J$2^2+CU6*K$2^2-J$2*K$2*CV6 -> 1.2522019e-05 | CY6: =(2*(CU6-CT6)*J$2*K$2+CV6*(K$2^2-J$2^2)) -> -3.7275367e-05 | CZ6: =-CY6 -> 3.7275367e-05 | DA6: =-CK6*CL6 -> -0.0014104085 | DB6: =G$2*DA6/CL6 -> -0.00016529539 | DC6: =BP6-Q6 -> -9.220615 | DD6: =BQ6-R6 -> -35.493 | DE6: =(DC6^2+DD6^2)^0.5 -> 36.671144 | DF6: =AH6-AY6 -> -8.988306 | DG6: =AI6-AZ6 -> -35.4698 | DH6: =(DF6^2+DG6^2)^0.5 -> 36.590933 | DI6: =(DC6*DF6+DD6*DG6)/DE6/DH6 -> 0.99998209 | DJ6: =BV6-W6 -> -9.2212481 | DK6: =BW6-X6 -> -35.494015 | DL6: =(DJ6^2+DK6^2)^0.5 -> 36.672286 | DM6: =AN6-BE6 -> -8.9895798 | DN6: =AO6-BF6 -> -35.471453 | DO6: =(DM6^2+DN6^2)^0.5 -> 36.592848 | DP6: =(DJ6*DM6+DK6*DN6)/DL6/DO6 -> 0.99998216 | DQ6: =(DJ6*DC6+DK6*DD6)/DE6/DL6 -> 1 | DR6: =(DM6*DF6+DN6*DG6)/DH6/DO6 -> 1 | DS6: =DJ6/DL6 -> -0.25145005 | DT6: =DK6/DL6 -> -0.96787028 | DU6: =DS6^2*H6+DT6^2*I6+2*DS6*DT6*J6 -> 4.3389908e-05 | DV6: =DT6^2*H6+DS6^2*I6-2*DS6*DT6*J6 -> 1.3647792e-05 | DW6: =2*((I6-H6)*DS6*DT6+(DS6^2-DT6^2)*J6) -> -3.9095447e-05 | DX6: =-DW6 -> 3.9095447e-05
A7: 2 | B7: -0.00338074 | C7: -0.0153861 | D7: 0.000389841 | E7: -0.00677843 | F7: -0.00595876 | G7: -0.0140593 | H7: 8.15526e-05 | I7: 5.76206e-05 | J7: 3.30492e-05 | K7: 0.000133355 | L7: 5.81856e-06 | M7: 0.420133 | N7: 0.000109745 | O7: 0.000110291 | P7: 0.00101261 | Q7: 0.948505 | R7: 18.1954 | S7: -0.0512881 | T7: -0.0088632 | U7: -0.00456129 | V7: -0.0186908 | W7: =Q7+T7 -> 0.9396418 | X7: =R7+U7 -> 18.190839 | Y7: 0.000188085 | Z7: 1.95373e-05 | AA7: 0.000142378 | AB7: 0.00026954 | AC7: -6.19177e-05 | AD7: 0.520646 | AE7: 0.000100803 | AF7: 9.46448e-05 | AG7: 0.000931499 | AH7: -0.858936 | AI7: -19.3617 | AJ7: -0.110016 | AK7: -0.00498032 | AL7: -0.00735529 | AM7: -0.00520335 | AN7: =AH7+AK7 -> -0.86391632 | AO7: =AI7+AL7 -> -19.369055 | AP7: 0.000829219 | AQ7: 0.000360455 | AR7: 0.000195442 | AS7: 0.000900052 | AT7: 0.000289623 | AU7: 0.347055 | AV7: 0.000139592 | AW7: 0.000171212 | AX7: 0.00128687 | AY7: 8.12937 | AZ7: 16.1081 | BA7: -0.0519262 | BB7: -0.0081779 | BC7: -0.00318311 | BD7: -0.0177156 | BE7: =AY7+BB7 -> 8.1211921 | BF7: =AZ7+BC7 -> 16.104917 | BG7: 8.77433e-05 | BH7: 9.52325e-05 | BI7: 6.40547e-05 | BJ7: 0.000155742 | BK7: 2.72342e-05 | BL7: 0.814098 | BM7: 0.000110907 | BN7: 0.000100215 | BO7: 0.0010102 | BP7: -8.27211 | BQ7: -17.2976 | BR7: -0.118292 | BS7: -0.00526912 | BT7: -0.00833874 | BU7: -0.00287579 | BV7: =BP7+BS7 -> -8.2773791 | BW7: =BQ7+BT7 -> -17.305939 | BX7: -6.5642e-05 | BY7: -4.30221e-05 | BZ7: -4.78605e-05 | CA7: -3.70928e-06 | CB7: -0.000104955 | CC7: -0.913474 | CD7: 9.33795e-05 | CE7: 9.94164e-05 | CF7: 0.000870693 | CG7: 2.917 | CH7: 2.917 | CI7: -0.0464 | CJ7: -42.9789 | CK7: 6.82772e-05 | CL7: =((Q7-AH7)^2+(R7-AI7)^2)^0.5 -> 37.600567 | CM7: =((W7-AN7)^2+(X7-AO7)^2)^0.5 -> 37.603171 | CN7: =(CM7-CL7)/CL7 -> 6.9263213e-05 | CO7: =(X7-AO7)/CM7 -> 0.99884912 | CP7: =ACOS(CO7) -> 0.047981335 | CQ7: =(AN7-W7)/CM7 -> -0.047962926 | CR7: =CJ7*CO7 -> -42.929436 | CS7: =-CR7/D$2/A$2 -> 0.1043601 | CT7: =H7*CO7^2+I7*CQ7^2+2*J7*CO7*CQ7 -> 7.8330922e-05 | CU7: =H7*CQ7^2+I7*CO7^2-2*J7*CO7*CQ7 -> 6.0842278e-05 | CV7: =2*((I7-H7)*CO7*CQ7+J7*(CO7^2-CQ7^2)) -> 6.8087344e-05 | CW7: =CT7*K$2^2+CU7*J$2^2+J$2*K$2*CV7 -> 7.7245747e-05 | CX7: =CT7*J$2^2+CU7*K$2^2-J$2*K$2*CV7 -> 6.1927453e-05 | CY7: =(2*(CU7-CT7)*J$2*K$2+CV7*(K$2^2-J$2^2)) -> -6.8608228e-05 | CZ7: =-CY7 -> 6.8608228e-05 | DA7: =-CK7*CL7 -> -0.0025672614 | DB7: =G$2*DA7/CL7 -> -0.00030087486 | DC7: =BP7-Q7 -> -9.220615 | DD7: =BQ7-R7 -> -35.493 | DE7: =(DC7^2+DD7^2)^0.5 -> 36.671144 | DF7: =AH7-AY7 -> -8.988306 | DG7: =AI7-AZ7 -> -35.4698 | DH7: =(DF7^2+DG7^2)^0.5 -> 36.590933 | DI7: =(DC7*DF7+DD7*DG7)/DE7/DH7 -> 0.99998209 | DJ7: =BV7-W7 -> -9.2170209 | DK7: =BW7-X7 -> -35.496777 | DL7: =(DJ7^2+DK7^2)^0.5 -> 36.673896 | DM7: =AN7-BE7 -> -8.9851084 | DN7: =AO7-BF7 -> -35.473972 | DO7: =(DM7^2+DN7^2)^0.5 -> 36.594192 | DP7: =(DJ7*DM7+DK7*DN7)/DL7/DO7 -> 0.99998214 | DQ7: =(DJ7*DC7+DK7*DD7)/DE7/DL7 -> 0.99999999 | DR7: =(DM7*DF7+DN7*DG7)/DH7/DO7 -> 0.99999999 | DS7: =DJ7/DL7 -> -0.25132374 | DT7: =DK7/DL7 -> -0.96790308 | DU7: =DS7^2*H7+DT7^2*I7+2*DS7*DT7*J7 -> 7.5211132e-05 | DV7: =DT7^2*H7+DS7^2*I7-2*DS7*DT7*J7 -> 6.3962068e-05 | DW7: =2*((I7-H7)*DS7*DT7+(DS7^2-DT7^2)*J7) -> -6.9391625e-05 | DX7: =-DW7 -> 6.9391625e-05
A8: 3 | B8: -0.00338074 | C8: -0.0153861 | D8: 0.000389841 | E8: -0.000547828 | F8: -0.0112357 | G8: -0.0192509 | H8: 2.05411e-05 | I8: 2.30825e-05 | J8: 6.11257e-05 | K8: 0.000115461 | L8: -7.18369e-05 | M8: 0.599721 | N8: 0.00010722 | O8: 0.000107642 | P8: 0.000988945 | Q8: 0.948505 | R8: 18.1954 | S8: -0.0512881 | T8: -0.00347867 | U8: -0.00948362 | V8: -0.0214308 | W8: =Q8+T8 -> 0.94502633 | X8: =R8+U8 -> 18.185916 | Y8: 0.000103698 | Z8: 1.62108e-06 | AA8: 0.000181472 | AB8: 0.000241309 | AC8: -0.00013599 | AD8: 0.649324 | AE8: 0.000101507 | AF8: 9.51478e-05 | AG8: 0.000937251 | AH8: -0.858936 | AI8: -19.3617 | AJ8: -0.110016 | AK8: 0.00251688 | AL8: -0.0110206 | AM8: -0.0117758 | AN8: =AH8+AK8 -> -0.85641912 | AO8: =AI8+AL8 -> -19.372721 | AP8: 0.000569178 | AQ8: 0.000193347 | AR8: -0.000114541 | AS8: 0.000601405 | AT8: 0.00016112 | AU8: -0.276013 | AV8: 0.00014082 | AW8: 0.000172688 | AX8: 0.00129814 | AY8: 8.12937 | AZ8: 16.1081 | BA8: -0.0519262 | BB8: -0.00307901 | BC8: -0.00727073 | BD8: -0.0197236 | BE8: =AY8+BB8 -> 8.126291 | BF8: =AZ8+BC8 -> 16.100829 | BG8: 7.88675e-05 | BH8: 4.96316e-05 | BI8: 6.7594e-05 | BJ8: 0.00013347 | BK8: -4.97086e-06 | BL8: 0.680379 | BM8: 0.000110914 | BN8: 0.000100202 | BO8: 0.00101025 | BP8: -8.27211 | BQ8: -17.2976 | BR8: -0.118292 | BS8: 0.00269109 | BT8: -0.0128197 | BU8: -0.010337 | BV8: =BP8+BS8 -> -8.2694189 | BW8: =BQ8+BT8 -> -17.31042 | BX8: -0.000215459 | BY8: -8.61382e-05 | BZ8: -5.58243e-05 | CA8: -6.53171e-05 | CB8: -0.00023628 | CC8: -1.21517 | CD8: 9.09269e-05 | CE8: 9.68084e-05 | CF8: 0.000847944 | CG8: 3.418 | CH8: 3.418 | CI8: -0.0541 | CJ8: -50.7346 | CK8: 3.28378e-05 | CL8: =((Q8-AH8)^2+(R8-AI8)^2)^0.5 -> 37.600567 | CM8: =((W8-AN8)^2+(X8-AO8)^2)^0.5 -> 37.601814 | CN8: =(CM8-CL8)/CL8 -> 3.3177393e-05 | CO8: =(X8-AO8)/CM8 -> 0.99885173 | CP8: =ACOS(CO8) -> 0.047926818 | CQ8: =(AN8-W8)/CM8 -> -0.047908472 | CR8: =CJ8*CO8 -> -50.676343 | CS8: =-CR8/D$2/A$2 -> 0.12319258 | CT8: =H8*CO8^2+I8*CQ8^2+2*J8*CO8*CQ8 -> 1.4696781e-05 | CU8: =H8*CQ8^2+I8*CO8^2-2*J8*CO8*CQ8 -> 2.8926819e-05 | CV8: =2*((I8-H8)*CO8*CQ8+J8*(CO8^2-CQ8^2)) -> 0.00012144698 | CW8: =CT8*K$2^2+CU8*J$2^2+J$2*K$2*CV8 -> 5.5711639e-05 | CX8: =CT8*J$2^2+CU8*K$2^2-J$2*K$2*CV8 -> -1.2088039e-05 | CY8: =(2*(CU8-CT8)*J$2*K$2+CV8*(K$2^2-J$2^2)) -> -0.00010175985 | CZ8: =-CY8 -> 0.00010175985 | DA8: =-CK8*CL8 -> -0.0012347199 | DB8: =G$2*DA8/CL8 -> -0.00014470524 | DC8: =BP8-Q8 -> -9.220615 | DD8: =BQ8-R8 -> -35.493 | DE8: =(DC8^2+DD8^2)^0.5 -> 36.671144 | DF8: =AH8-AY8 -> -8.988306 | DG8: =AI8-AZ8 -> -35.4698 | DH8: =(DF8^2+DG8^2)^0.5 -> 36.590933 | DI8: =(DC8*DF8+DD8*DG8)/DE8/DH8 -> 0.99998209 | DJ8: =BV8-W8 -> -9.2144452 | DK8: =BW8-X8 -> -35.496336 | DL8: =(DJ8^2+DK8^2)^0.5 -> 36.672822 | DM8: =AN8-BE8 -> -8.9827101 | DN8: =AO8-BF8 -> -35.47355 | DO8: =(DM8^2+DN8^2)^0.5 -> 36.593194 | DP8: =(DJ8*DM8+DK8*DN8)/DL8/DO8 -> 0.99998216 | DQ8: =(DJ8*DC8+DK8*DD8)/DE8/DL8 -> 0.99999998 | DR8: =(DM8*DF8+DN8*DG8)/DH8/DO8 -> 0.99999998 | DS8: =DJ8/DL8 -> -0.25126087 | DT8: =DK8/DL8 -> -0.9679194 | DU8: =DS8^2*H8+DT8^2*I8+2*DS8*DT8*J8 -> 5.265363e-05 | DV8: =DT8^2*H8+DS8^2*I8-2*DS8*DT8*J8 -> -9.0300302e-06 | DW8: =2*((I8-H8)*DS8*DT8+(DS8^2-DT8^2)*J8) -> -0.0001055793 | DX8: =-DW8 -> 0.0001055793
A9: 4 | B9: -0.00338074 | C9: -0.0153861 | D9: 0.000389841 | E9: -0.00370895 | F9: -0.0129544 | G9: -0.0215669 | H9: -3.01678e-06 | I9: -4.96546e-05 | J9: 2.87693e-05 | K9: 4.46345e-05 | L9: -9.7306e-05 | M9: 0.40049 | N9: 0.000108814 | O9: 0.000109406 | P9: 0.00100439 | Q9: 0.948505 | R9: 18.1954 | S9: -0.0512881 | T9: -0.00667671 | U9: -0.0137875 | V9: -0.0209013 | W9: =Q9+T9 -> 0.94182829 | X9: =R9+U9 -> 18.181612 | Y9: 0.000218359 | Z9: 4.44341e-05 | AA9: 5.10516e-05 | AB9: 0.000232241 | AC9: 3.05522e-05 | AD9: 0.265887 | AE9: 0.00010197 | AF9: 9.55869e-05 | AG9: 0.000941669 | AH9: -0.858936 | AI9: -19.3617 | AJ9: -0.110016 | AK9: -0.00170669 | AL9: -0.0128633 | AM9: -0.0182897 | AN9: =AH9+AK9 -> -0.86064269 | AO9: =AI9+AL9 -> -19.374563 | AP9: 0.000139897 | AQ9: -9.46456e-05 | AR9: -0.000180394 | AS9: 0.000238374 | AT9: -0.000193123 | AU9: -0.496983 | AV9: 0.000136478 | AW9: 0.000167585 | AX9: 0.00125858 | AY9: 8.12937 | AZ9: 16.1081 | BA9: -0.0519262 | BB9: -0.00563385 | BC9: -0.0122197 | BD9: -0.0194008 | BE9: =AY9+BB9 -> 8.1237361 | BF9: =AZ9+BC9 -> 16.09588 | BG9: 0.000100375 | BH9: -8.37538e-05 | BI9: 7.40671e-05 | BJ9: 0.000126487 | BK9: -0.000109865 | BL9: 0.339021 | BM9: 0.000116012 | BN9: 0.0001048 | BO9: 0.0010565 | BP9: -8.27211 | BQ9: -17.2976 | BR9: -0.118292 | BS9: -0.00106961 | BT9: -0.0142636 | BU9: -0.0279754 | BV9: =BP9+BS9 -> -8.2731796 | BW9: =BQ9+BT9 -> -17.311864 | BX9: -4.54197e-05 | BY9: 5.78556e-05 | BZ9: 3.85773e-05 | CA9: 7.06796e-05 | CB9: -5.82437e-05 | CC9: 1.24994 | CD9: 9.13062e-05 | CE9: 9.72946e-05 | CF9: 0.000852828 | CG9: 4.104 | CH9: 4.104 | CI9: -0.0599 | CJ9: -56.5515 | CK9: -3.18852e-05 | CL9: =((Q9-AH9)^2+(R9-AI9)^2)^0.5 -> 37.600567 | CM9: =((W9-AN9)^2+(X9-AO9)^2)^0.5 -> 37.599405 | CN9: =(CM9-CL9)/CL9 -> -3.0896242e-05 | CO9: =(X9-AO9)/CM9 -> 0.99885027 | CP9: =ACOS(CO9) -> 0.047957197 | CQ9: =(AN9-W9)/CM9 -> -0.047938817 | CR9: =CJ9*CO9 -> -56.486481 | CS9: =-CR9/D$2/A$2 -> 0.13731684 | CT9: =H9*CO9^2+I9*CQ9^2+2*J9*CO9*CQ9 -> -5.8791209e-06 | CU9: =H9*CQ9^2+I9*CO9^2-2*J9*CO9*CQ9 -> -4.6792259e-05 | CV9: =2*((I9-H9)*CO9*CQ9+J9*(CO9^2-CQ9^2)) -> 6.174052e-05 | CW9: =CT9*K$2^2+CU9*J$2^2+J$2*K$2*CV9 -> -3.0553301e-05 | CX9: =CT9*J$2^2+CU9*K$2^2-J$2*K$2*CV9 -> -2.2118079e-05 | CY9: =(2*(CU9-CT9)*J$2*K$2+CV9*(K$2^2-J$2^2)) -> -7.3584127e-05 | CZ9: =-CY9 -> 7.3584127e-05 | DA9: =-CK9*CL9 -> 0.0011989016 | DB9: =G$2*DA9/CL9 -> 0.00014050745 | DC9: =BP9-Q9 -> -9.220615 | DD9: =BQ9-R9 -> -35.493 | DE9: =(DC9^2+DD9^2)^0.5 -> 36.671144 | DF9: =AH9-AY9 -> -8.988306 | DG9: =AI9-AZ9 -> -35.4698 | DH9: =(DF9^2+DG9^2)^0.5 -> 36.590933 | DI9: =(DC9*DF9+DD9*DG9)/DE9/DH9 -> 0.99998209 | DJ9: =BV9-W9 -> -9.2150079 | DK9: =BW9-X9 -> -35.493476 | DL9: =(DJ9^2+DK9^2)^0.5 -> 36.670195 | DM9: =AN9-BE9 -> -8.9843788 | DN9: =AO9-BF9 -> -35.470444 | DO9: =(DM9^2+DN9^2)^0.5 -> 36.590592 | DP9: =(DJ9*DM9+DK9*DN9)/DL9/DO9 -> 0.99998234 | DQ9: =(DJ9*DC9+DK9*DD9)/DE9/DL9 -> 0.99999999 | DR9: =(DM9*DF9+DN9*DG9)/DH9/DO9 -> 0.99999999 | DS9: =DJ9/DL9 -> -0.25129421 | DT9: =DK9/DL9 -> -0.96791075 | DU9: =DS9^2*H9+DT9^2*I9+2*DS9*DT9*J9 -> -3.2714343e-05 | DV9: =DT9^2*H9+DS9^2*I9-2*DS9*DT9*J9 -> -1.9957037e-05 | DW9: =2*((I9-H9)*DS9*DT9+(DS9^2-DT9^2)*J9) -> -7.2959084e-05 | DX9: =-DW9 -> 7.2959084e-05
A10: 5 | B10: -0.00338074 | C10: -0.0153861 | D10: 0.000389841 | E10: -0.00675722 | F10: -0.0151758 | G10: -0.0185585 | H10: 8.12709e-07 | I10: -1.15193e-05 | J10: 4.61078e-05 | K10: 6.58611e-05 | L10: -7.65676e-05 | M10: 0.587051 | N10: 0.000110171 | O10: 0.000110932 | P10: 0.00101752 | Q10: 0.948505 | R10: 18.1954 | S10: -0.0512881 | T10: -0.00779936 | U10: -0.0149786 | V10: -0.0323912 | W10: =Q10+T10 -> 0.94070564 | X10: =R10+U10 -> 18.180421 | Y10: 0.000120591 | Z10: -2.22716e-05 | AA10: 6.84534e-05 | AB10: 0.00014827 | AC10: -4.99507e-05 | AD10: 0.382867 | AE10: 0.000103854 | AF10: 9.75739e-05 | AG10: 0.000960378 | AH10: -0.858936 | AI10: -19.3617 | AJ10: -0.110016 | AK10: -0.00564589 | AL10: -0.015324 | AM10: -0.000767972 | AN10: =AH10+AK10 -> -0.86458189 | AO10: =AI10+AL10 -> -19.377024 | AP10: 0.000230274 | AQ10: 0.000173114 | AR10: 1.90325e-05 | AS10: 0.000241248 | AT10: 0.00016214 | AU10: 0.407148 | AV10: 0.000139356 | AW10: 0.000171639 | AX10: 0.00128594 | AY10: 8.12937 | AZ10: 16.1081 | BA10: -0.0519262 | BB10: -0.00716806 | BC10: -0.0140595 | BD10: -0.0192435 | BE10: =AY10+BB10 -> 8.1222019 | BF10: =AZ10+BC10 -> 16.094041 | BG10: 4.37143e-05 | BH10: 1.93399e-05 | BI10: 6.8646e-05 | BJ10: 0.000101441 | BK10: -3.83871e-05 | BL10: 0.698206 | BM10: 0.000117957 | BN10: 0.000107247 | BO10: 0.00108184 | BP10: -8.27211 | BQ10: -17.2976 | BR10: -0.118292 | BS10: -0.00593351 | BT10: -0.0162093 | BU10: -0.0167121 | BV10: =BP10+BS10 -> -8.2780435 | BW10: =BQ10+BT10 -> -17.313809 | BX10: -1.82856e-05 | BY10: 5.84494e-05 | BZ10: 1.62768e-05 | CA10: 6.1886e-05 | CB10: -2.17222e-05 | CC10: 1.37261 | CD10: 9.32809e-05 | CE10: 9.93056e-05 | CF10: 0.000869674 | CG10: 5.227 | CH10: 5.227 | CI10: -0.0712 | CJ10: -67.862 | CK10: 4.94585e-06 | CL10: =((Q10-AH10)^2+(R10-AI10)^2)^0.5 -> 37.600567 | CM10: =((W10-AN10)^2+(X10-AO10)^2)^0.5 -> 37.600808 | CN10: =(CM10-CL10)/CL10 -> 6.4240238e-06 | CO10: =(X10-AO10)/CM10 -> 0.99884676 | CP10: =ACOS(CO10) -> 0.048030399 | CQ10: =(AN10-W10)/CM10 -> -0.048011934 | CR10: =CJ10*CO10 -> -67.783739 | CS10: =-CR10/D$2/A$2 -> 0.16478012 | CT10: =H10*CO10^2+I10*CQ10^2+2*J10*CO10*CQ10 -> -3.6380615e-06 | CU10: =H10*CQ10^2+I10*CO10^2-2*J10*CO10*CQ10 -> -7.0685295e-06 | CV10: =2*((I10-H10)*CO10*CQ10+J10*(CO10^2-CQ10^2)) -> 9.2973261e-05 | CW10: =CT10*K$2^2+CU10*J$2^2+J$2*K$2*CV10 -> 1.4216623e-05 | CX10: =CT10*J$2^2+CU10*K$2^2-J$2*K$2*CV10 -> -2.4923214e-05 | CY10: =(2*(CU10-CT10)*J$2*K$2+CV10*(K$2^2-J$2^2)) -> -8.4403012e-05 | CZ10: =-CY10 -> 8.4403012e-05 | DA10: =-CK10*CL10 -> -0.00018596676 | DB10: =G$2*DA10/CL10 -> -2.1794712e-05 | DC10: =BP10-Q10 -> -9.220615 | DD10: =BQ10-R10 -> -35.493 | DE10: =(DC10^2+DD10^2)^0.5 -> 36.671144 | DF10: =AH10-AY10 -> -8.988306 | DG10: =AI10-AZ10 -> -35.4698 | DH10: =(DF10^2+DG10^2)^0.5 -> 36.590933 | DI10: =(DC10*DF10+DD10*DG10)/DE10/DH10 -> 0.99998209 | DJ10: =BV10-W10 -> -9.2187492 | DK10: =BW10-X10 -> -35.494231 | DL10: =(DJ10^2+DK10^2)^0.5 -> 36.671866 | DM10: =AN10-BE10 -> -8.9867838 | DN10: =AO10-BF10 -> -35.471064 | DO10: =(DM10^2+DN10^2)^0.5 -> 36.591785 | DP10: =(DJ10*DM10+DK10*DN10)/DL10/DO10 -> 0.99998214 | DQ10: =(DJ10*DC10+DK10*DD10)/DE10/DL10 -> 1 | DR10: =(DM10*DF10+DN10*DG10)/DH10/DO10 -> 1 | DS10: =DJ10/DL10 -> -0.25138479 | DT10: =DK10/DL10 -> -0.96788723 | DU10: =DS10^2*H10+DT10^2*I10+2*DS10*DT10*J10 -> 1.1697186e-05 | DV10: =DT10^2*H10+DS10^2*I10-2*DS10*DT10*J10 -> -2.2403777e-05 | DW10: =2*((I10-H10)*DS10*DT10+(DS10^2-DT10^2)*J10) -> -8.6561652e-05 | DX10: =-DW10 -> 8.6561652e-05
A11: 6 | B11: -0.00338074 | C11: -0.0153861 | D11: 0.000389841 | E11: -0.00530799 | F11: -0.0187954 | G11: -0.02238 | H11: 8.62322e-05 | I11: -4.53192e-05 | J11: 5.36349e-05 | K11: 0.000133681 | L11: -9.27676e-05 | M11: 0.367365 | N11: 0.000110572 | O11: 0.000111241 | P11: 0.00102096 | Q11: 0.948505 | R11: 18.1954 | S11: -0.0512881 | T11: -0.00531634 | U11: -0.018745 | V11: -0.024906 | W11: =Q11+T11 -> 0.94318866 | X11: =R11+U11 -> 18.176655 | Y11: 0.000335641 | Z11: 1.99364e-05 | AA11: 9.40654e-05 | AB11: 0.000361632 | AC11: -6.0546e-06 | AD11: 0.269575 | AE11: 0.000103682 | AF11: 9.74425e-05 | AG11: 0.000959049 | AH11: -0.858936 | AI11: -19.3617 | AJ11: -0.110016 | AK11: -0.00581278 | AL11: -0.0183213 | AM11: -0.0113189 | AN11: =AH11+AK11 -> -0.86474878 | AO11: =AI11+AL11 -> -19.380021 | AP11: 0.00016473 | AQ11: 0.000282494 | AR11: 2.00351e-05 | AS11: 0.000288844 | AT11: 0.00015838 | AU11: 1.2073 | AV11: 0.000143128 | AW11: 0.000176153 | AX11: 0.00132059 | AY11: 8.12937 | AZ11: 16.1081 | BA11: -0.0519262 | BB11: -0.00434183 | BC11: -0.0177832 | BD11: -0.0109807 | BE11: =AY11+BB11 -> 8.1250282 | BF11: =AZ11+BC11 -> 16.090317 | BG11: 0.00020695 | BH11: 3.36672e-06 | BI11: 6.70083e-05 | BJ11: 0.000227184 | BK11: -1.68666e-05 | BL11: 0.293159 | BM11: 0.000121465 | BN11: 0.000110021 | BO11: 0.00110943 | BP11: -8.27211 | BQ11: -17.2976 | BR11: -0.118292 | BS11: -0.00584935 | BT11: -0.0191447 | BU11: -0.0225801 | BV11: =BP11+BS11 -> -8.2779593 | BW11: =BQ11+BT11 -> -17.316745 | BX11: -9.35104e-05 | BY11: -2.8997e-07 | BZ11: 5.17873e-06 | CA11: 3.49192e-07 | CB11: -9.41495e-05 | CC11: 0.746342 | CD11: 9.28819e-05 | CE11: 9.86996e-05 | CF11: 0.000863618 | CG11: 5.913 | CH11: 5.913 | CI11: -0.0805 | CJ11: -77.2335 | CK11: -1.08983e-05 | CL11: =((Q11-AH11)^2+(R11-AI11)^2)^0.5 -> 37.600567 | CM11: =((W11-AN11)^2+(X11-AO11)^2)^0.5 -> 37.600167 | CN11: =(CM11-CL11)/CL11 -> -1.0620665e-05 | CO11: =(X11-AO11)/CM11 -> 0.99884333 | CP11: =ACOS(CO11) -> 0.048101776 | CQ11: =(AN11-W11)/CM11 -> -0.048083229 | CR11: =CJ11*CO11 -> -77.144167 | CS11: =-CR11/D$2/A$2 -> 0.18753502 | CT11: =H11*CO11^2+I11*CQ11^2+2*J11*CO11*CQ11 -> 8.0776141e-05 | CU11: =H11*CQ11^2+I11*CO11^2-2*J11*CO11*CQ11 -> -3.9863141e-05 | CV11: =2*((I11-H11)*CO11*CQ11+J11*(CO11^2-CQ11^2)) -> 0.00011940998 | CW11: =CT11*K$2^2+CU11*J$2^2+J$2*K$2*CV11 -> -6.1951959e-06 | CX11: =CT11*J$2^2+CU11*K$2^2-J$2*K$2*CV11 -> 4.7108196e-05 | CY11: =(2*(CU11-CT11)*J$2*K$2+CV11*(K$2^2-J$2^2)) -> -0.00016115623 | CZ11: =-CY11 -> 0.00016115623 | DA11: =-CK11*CL11 -> 0.00040978225 | DB11: =G$2*DA11/CL11 -> 4.8025175e-05 | DC11: =BP11-Q11 -> -9.220615 | DD11: =BQ11-R11 -> -35.493 | DE11: =(DC11^2+DD11^2)^0.5 -> 36.671144 | DF11: =AH11-AY11 -> -8.988306 | DG11: =AI11-AZ11 -> -35.4698 | DH11: =(DF11^2+DG11^2)^0.5 -> 36.590933 | DI11: =(DC11*DF11+DD11*DG11)/DE11/DH11 -> 0.99998209 | DJ11: =BV11-W11 -> -9.221148 | DK11: =BW11-X11 -> -35.4934 | DL11: =(DJ11^2+DK11^2)^0.5 -> 36.671665 | DM11: =AN11-BE11 -> -8.9897769 | DN11: =AO11-BF11 -> -35.470338 | DO11: =(DM11^2+DN11^2)^0.5 -> 36.591816 | DP11: =(DJ11*DM11+DK11*DN11)/DL11/DO11 -> 0.99998223 | DQ11: =(DJ11*DC11+DK11*DD11)/DE11/DL11 -> 1 | DR11: =(DM11*DF11+DN11*DG11)/DH11/DO11 -> 1 | DS11: =DJ11/DL11 -> -0.25145158 | DT11: =DK11/DL11 -> -0.96786988 | DU11: =DS11^2*H11+DT11^2*I11+2*DS11*DT11*J11 -> -1.0894972e-05 | DV11: =DT11^2*H11+DS11^2*I11-2*DS11*DT11*J11 -> 5.1807972e-05 | DW11: =2*((I11-H11)*DS11*DT11+(DS11^2-DT11^2)*J11) -> -0.00015773687 | DX11: =-DW11 -> 0.00015773687
A12: 7 | B12: -0.00338074 | C12: -0.0153861 | D12: 0.000389841 | E12: 0.00157584 | F12: -0.020334 | G12: -0.0355288 | H12: 4.92897e-05 | I12: -6.57589e-05 | J12: 4.71009e-05 | K12: 8.17822e-05 | L12: -9.82513e-05 | M12: 0.329791 | N12: 0.000110708 | O12: 0.000111407 | P12: 0.00102205 | Q12: 0.948505 | R12: 18.1954 | S12: -0.0512881 | T12: 0.0106413 | U12: -0.0213204 | V12: -0.0504469 | W12: =Q12+T12 -> 0.9591463 | X12: =R12+U12 -> 18.17408 | Y12: 0.000321722 | Z12: -0.000126718 | AA12: -1.20572e-06 | AB12: 0.000321901 | AC12: -0.000126898 | AD12: -0.0010048 | AE12: 0.000103606 | AF12: 9.72611e-05 | AG12: 0.000957504 | AH12: -0.858936 | AI12: -19.3617 | AJ12: -0.110016 | AK12: -0.00862273 | AL12: -0.0188477 | AM12: -0.0125873 | AN12: =AH12+AK12 -> -0.86755873 | AO12: =AI12+AL12 -> -19.380548 | AP12: 0.000343162 | AQ12: 0.000132307 | AR12: 0.000163504 | AS12: 0.000432494 | AT12: 4.29758e-05 | AU12: 0.499256 | AV12: 0.000145564 | AW12: 0.000179286 | AX12: 0.00134326 | AY12: 8.12937 | AZ12: 16.1081 | BA12: -0.0519262 | BB12: 0.010771 | BC12: -0.024323 | BD12: -0.0297561 | BE12: =AY12+BB12 -> 8.140141 | BF12: =AZ12+BC12 -> 16.083777 | BG12: 9.85684e-05 | BH12: -4.76292e-05 | BI12: 0.000113383 | BJ12: 0.000160387 | BK12: -0.000109447 | BL12: 0.498792 | BM12: 0.000117094 | BN12: 0.000106824 | BO12: 0.00107803 | BP12: -8.27211 | BQ12: -17.2976 | BR12: -0.118292 | BS12: -0.00732995 | BT12: -0.0162032 | BU12: -0.0406371 | BV12: =BP12+BS12 -> -8.27944 | BW12: =BQ12+BT12 -> -17.313803 | BX12: 5.07097e-05 | BY12: -4.0635e-05 | BZ12: -1.65561e-05 | CA12: 5.37547e-05 | CB12: -4.368e-05 | CC12: -0.171164 | CD12: 9.40711e-05 | CE12: 0.000100134 | CF12: 0.000877163 | CG12: 7.409 | CH12: 7.41 | CI12: -0.0915 | CJ12: -88.2209 | CK12: -4.21977e-05 | CL12: =((Q12-AH12)^2+(R12-AI12)^2)^0.5 -> 37.600567 | CM12: =((W12-AN12)^2+(X12-AO12)^2)^0.5 -> 37.599028 | CN12: =(CM12-CL12)/CL12 -> -4.0926095e-05 | CO12: =(X12-AO12)/CM12 -> 0.99881911 | CP12: =ACOS(CO12) -> 0.04860297 | CQ12: =(AN12-W12)/CM12 -> -0.048583837 | CR12: =CJ12*CO12 -> -88.116721 | CS12: =-CR12/D$2/A$2 -> 0.21420895 | CT12: =H12*CO12^2+I12*CQ12^2+2*J12*CO12*CQ12 -> 4.444686e-05 | CU12: =H12*CQ12^2+I12*CO12^2-2*J12*CO12*CQ12 -> -6.091606e-05 | CV12: =2*((I12-H12)*CO12*CQ12+J12*(CO12^2-CQ12^2)) -> 0.0001049229 | CW12: =CT12*K$2^2+CU12*J$2^2+J$2*K$2*CV12 -> -3.1367649e-05 | CX12: =CT12*J$2^2+CU12*K$2^2-J$2*K$2*CV12 -> 1.4898449e-05 | CY12: =(2*(CU12-CT12)*J$2*K$2+CV12*(K$2^2-J$2^2)) -> -0.00014131386 | CZ12: =-CY12 -> 0.00014131386 | DA12: =-CK12*CL12 -> 0.0015866574 | DB12: =G$2*DA12/CL12 -> 0.0001859512 | DC12: =BP12-Q12 -> -9.220615 | DD12: =BQ12-R12 -> -35.493 | DE12: =(DC12^2+DD12^2)^0.5 -> 36.671144 | DF12: =AH12-AY12 -> -8.988306 | DG12: =AI12-AZ12 -> -35.4698 | DH12: =(DF12^2+DG12^2)^0.5 -> 36.590933 | DI12: =(DC12*DF12+DD12*DG12)/DE12/DH12 -> 0.99998209 | DJ12: =BV12-W12 -> -9.2385863 | DK12: =BW12-X12 -> -35.487883 | DL12: =(DJ12^2+DK12^2)^0.5 -> 36.670714 | DM12: =AN12-BE12 -> -9.0076997 | DN12: =AO12-BF12 -> -35.464325 | DO12: =(DM12^2+DN12^2)^0.5 -> 36.590395 | DP12: =(DJ12*DM12+DK12*DN12)/DL12/DO12 -> 0.99998233 | DQ12: =(DJ12*DC12+DK12*DD12)/DE12/DL12 -> 0.99999987 | DR12: =(DM12*DF12+DN12*DG12)/DH12/DO12 -> 0.99999985 | DS12: =DJ12/DL12 -> -0.25193363 | DT12: =DK12/DL12 -> -0.96774451 | DU12: =DS12^2*H12+DT12^2*I12+2*DS12*DT12*J12 -> -3.5489607e-05 | DV12: =DT12^2*H12+DS12^2*I12-2*DS12*DT12*J12 -> 1.9020407e-05 | DW12: =2*((I12-H12)*DS12*DT12+(DS12^2-DT12^2)*J12) -> -0.00013834312 | DX12: =-DW12 -> 0.00013834312
A13: 8 | B13: -0.00338074 | C13: -0.0153861 | D13: 0.000389841 | E13: 0.0177687 | F13: -0.0175118 | G13: -0.0583956 | H13: 3.81899e-06 | I13: 8.76245e-06 | J13: 7.21117e-05 | K13: 0.000103794 | L13: -9.12129e-05 | M13: 0.672338 | N13: 0.000112541 | O13: 0.000113424 | P13: 0.00104015 | Q13: 0.948505 | R13: 18.1954 | S13: -0.0512881 | T13: 0.0394101 | U13: -0.0174958 | V13: -0.0846834 | W13: =Q13+T13 -> 0.9879151 | X13: =R13+U13 -> 18.177904 | Y13: 0.000240581 | Z13: 0.000163319 | AA13: -2.33459e-06 | AB13: 0.000240824 | AC13: 0.000163077 | AD13: -0.0133837 | AE13: 0.000108491 | AF13: 0.000101936 | AG13: 0.00100328 | AH13: -0.858936 | AI13: -19.3617 | AJ13: -0.110016 | AK13: -0.00543763 | AL13: -0.0168541 | AM13: -0.0170179 | AN13: =AH13+AK13 -> -0.86437363 | AO13: =AI13+AL13 -> -19.378554 | AP13: 0.000473027 | AQ13: 0.000783192 | AR13: 0.000400164 | AS13: 0.00105746 | AT13: 0.000198763 | AU13: 0.970621 | AV13: 0.000142106 | AW13: 0.000175096 | AX13: 0.00131145 | AY13: 8.12937 | AZ13: 16.1081 | BA13: -0.0519262 | BB13: 0.0378818 | BC13: -0.0254846 | BD13: -0.0574185 | BE13: =AY13+BB13 -> 8.1672518 | BF13: =AZ13+BC13 -> 16.082615 | BG13: 6.74096e-05 | BH13: 1.02116e-05 | BI13: 0.000117269 | BJ13: 0.000159624 | BK13: -8.2003e-05 | BL13: 0.667303 | BM13: 0.00011709 | BN13: 0.000106302 | BO13: 0.00107231 | BP13: -8.27211 | BQ13: -17.2976 | BR13: -0.118292 | BS13: -0.00277019 | BT13: -0.00880479 | BU13: -0.0505093 | BV13: =BP13+BS13 -> -8.2748802 | BW13: =BQ13+BT13 -> -17.306405 | BX13: 7.56007e-05 | BY13: -1.88618e-05 | BZ13: -5.98041e-05 | CA13: 0.000104584 | CB13: -4.78455e-05 | CC13: -0.451221 | CD13: 9.10474e-05 | CE13: 9.68943e-05 | CF13: 0.000848585 | CG13: 8.72 | CH13: 8.72 | CI13: -0.0979 | CJ13: -94.684 | CK13: 3.84224e-05 | CL13: =((Q13-AH13)^2+(R13-AI13)^2)^0.5 -> 37.600567 | CM13: =((W13-AN13)^2+(X13-AO13)^2)^0.5 -> 37.602108 | CN13: =(CM13-CL13)/CL13 -> 4.0998589e-05 | CO13: =(X13-AO13)/CM13 -> 0.99878598 | CP13: =ACOS(CO13) -> 0.04928018 | CQ13: =(AN13-W13)/CM13 -> -0.049260236 | CR13: =CJ13*CO13 -> -94.569052 | CS13: =-CR13/D$2/A$2 -> 0.22989436 | CT13: =H13*CO13^2+I13*CQ13^2+2*J13*CO13*CQ13 -> -3.2648681e-06 | CU13: =H13*CQ13^2+I13*CO13^2-2*J13*CO13*CQ13 -> 1.5846308e-05 | CV13: =2*((I13-H13)*CO13*CQ13+J13*(CO13^2-CQ13^2)) -> 0.00014303702 | CW13: =CT13*K$2^2+CU13*J$2^2+J$2*K$2*CV13 -> 4.7264691e-05 | CX13: =CT13*J$2^2+CU13*K$2^2-J$2*K$2*CV13 -> -3.4683251e-05 | CY13: =(2*(CU13-CT13)*J$2*K$2+CV13*(K$2^2-J$2^2)) -> -0.00011878283 | CZ13: =-CY13 -> 0.00011878283 | DA13: =-CK13*CL13 -> -0.001444704 | DB13: =G$2*DA13/CL13 -> -0.00016931471 | DC13: =BP13-Q13 -> -9.220615 | DD13: =BQ13-R13 -> -35.493 | DE13: =(DC13^2+DD13^2)^0.5 -> 36.671144 | DF13: =AH13-AY13 -> -8.988306 | DG13: =AI13-AZ13 -> -35.4698 | DH13: =(DF13^2+DG13^2)^0.5 -> 36.590933 | DI13: =(DC13*DF13+DD13*DG13)/DE13/DH13 -> 0.99998209 | DJ13: =BV13-W13 -> -9.2627953 | DK13: =BW13-X13 -> -35.484309 | DL13: =(DJ13^2+DK13^2)^0.5 -> 36.673363 | DM13: =AN13-BE13 -> -9.0316254 | DN13: =AO13-BF13 -> -35.461169 | DO13: =(DM13^2+DN13^2)^0.5 -> 36.593234 | DP13: =(DJ13*DM13+DK13*DN13)/DL13/DO13 -> 0.99998228 | DQ13: =(DJ13*DC13+DK13*DD13)/DE13/DL13 -> 0.99999931 | DR13: =(DM13*DF13+DN13*DG13)/DH13/DO13 -> 0.99999927 | DS13: =DJ13/DL13 -> -0.25257556 | DT13: =DK13/DL13 -> -0.96757717 | DU13: =DS13^2*H13+DT13^2*I13+2*DS13*DT13*J13 -> 4.3693315e-05 | DV13: =DT13^2*H13+DS13^2*I13-2*DS13*DT13*J13 -> -3.1111875e-05 | DW13: =2*((I13-H13)*DS13*DT13+(DS13^2-DT13^2)*J13) -> -0.00012340588 | DX13: =-DW13 -> 0.00012340588
