Workbook

Sheet OLC1
B2: ='OLC1-1'!N2 -> Ult Stress, MPa | C2: ='OLC1-1'!O2 -> Failure Strains, % | D2: ='OLC1-1'!P2 -> E1, MPa
A3: average | B3: =AVERAGE(B6:B9) -> 89.272444 | C3: =AVERAGE(C6:C9) -> 0.0036008267 | D3: =AVERAGE(D6:D9) -> 24154.334
A4: sr. dev. | B4: =STDEV(B6:B9) -> 1.7461852 | C4: =STDEV(C6:C9) -> 0.0003389649 | D4: =STDEV(D6:D9) -> 2178.141
A5: CV | B5: =B4/B3 -> 0.019560181 | C5: =C4/C3 -> 0.094135301 | D5: =D4/D3 -> 0.090175992
A6: 1 | B6: ='OLC1-1'!N3 -> 89.864667 | C6: ='OLC1-1'!O3 -> 0.00323005 | D6: ='OLC1-1'!P3 -> 21862.68
A7: 2
A8: 3 | B8: ='OLC1-3'!$J$3 -> 87.307167 | C8: ='OLC1-3'!$K$3 -> 0.00367763 | D8: ='OLC1-3'!$L$3 -> 24402.642
A9: 4 | B9: ='OLC1-4'!J3 -> 90.6455 | C9: ='OLC1-4'!K3 -> 0.0038948 | D9: ='OLC1-4'!L3 -> 26197.68

Sheet OLC1-1
A1: w | B1: t | O1: =MATCH(N3,N5:N1048576,0)-1 -> 175
A2: 10 | B2: 6 | N2: Ult Stress, MPa | O2: Failure Strains, % | P2: E1, MPa
A3: Average | B3: E0 | F3: E1 | J3: Analog | N3: =MAX(N5:N1048576) -> 89.864667 | O3: =INDEX(O5:O1048576,MATCH(N3,N5:N1048576,0)) -> 0.00323005 | P3: =INDEX(LINEST(N78:N166,O78:O166),1) -> 21862.68
A4: Index [1] | B4: ?L/L0 [1] | C4: ?L [mm] | D4: L1 [mm] | E4: L0 [mm] | F4: ?L/L0 [1] | G4: ?L [mm] | H4: L1 [mm] | I4: L0 [mm] | J4: Time_1 | K4: Time_0 | L4: Dev1/ai0 | M4: Force_[N] | N4: stress | O4: strain
A5: 0 | B5: 0 | C5: 0 | D5: 13.5477 | E5: 13.5477 | F5: 0 | G5: 0 | H5: 15.4002 | I5: 15.4002 | J5: -60.057 | K5: -60.053 | L5: -0.0077 | M5: -19.3836 | N5: =-M5/$A$2/$B$2 -> 0.32306 | O5: =-F5 -> 0
A6: 1 | B6: -3.46035e-05 | C6: -0.000468797 | D6: 13.5472 | E6: 13.5477 | F6: -1.41342e-05 | G6: -0.000217669 | H6: 15.4 | I6: 15.4002 | J6: -59.607 | K6: -59.607 | L6: -0.0026 | M6: 6.4612 | N6: =-M6/$A$2/$B$2 -> -0.10768667 | O6: =-F6 -> 1.41342e-05
A7: 2 | B7: 8.343e-05 | C7: 0.00113028 | D7: 13.5488 | E7: 13.5477 | F7: 0.000126962 | G7: 0.00195524 | H7: 15.4021 | I7: 15.4002 | J7: -58.861 | K7: -58.861 | L7: -0.009 | M7: -25.8448 | N7: =-M7/$A$2/$B$2 -> 0.43074667 | O7: =-F7 -> -0.000126962
A8: 3 | B8: 0.000123123 | C8: 0.00166803 | D8: 13.5493 | E8: 13.5477 | F8: 0.000126266 | G8: 0.00194452 | H8: 15.4021 | I8: 15.4002 | J8: -58.673 | K8: -58.673 | L8: -0.0125 | M8: -43.6132 | N8: =-M8/$A$2/$B$2 -> 0.72688667 | O8: =-F8 -> -0.000126266
A9: 4 | B9: 1.14947e-05 | C9: 0.000155726 | D9: 13.5478 | E9: 13.5477 | F9: 3.96451e-05 | G9: 0.000610542 | H9: 15.4008 | I9: 15.4002 | J9: -58.361 | K9: -58.361 | L9: -0.0113 | M9: -37.152 | N9: =-M9/$A$2/$B$2 -> 0.6192 | O9: =-F9 -> -3.96451e-05
A10: 5 | B10: -3.28411e-05 | C10: -0.000444921 | D10: 13.5472 | E10: 13.5477 | F10: -8.0433e-06 | G10: -0.000123868 | H10: 15.4001 | I10: 15.4002 | J10: -58.237 | K10: -58.237 | L10: -0.0132 | M10: -46.8438 | N10: =-M10/$A$2/$B$2 -> 0.78073 | O10: =-F10 -> 8.0433e-06
A11: 6 | B11: -5.07657e-05 | C11: -0.000687757 | D11: 13.547 | E11: 13.5477 | F11: 1.41e-05 | G11: 0.000217142 | H11: 15.4004 | I11: 15.4002 | J11: -58.112 | K11: -58.112 | L11: -0.0135 | M11: -48.4591 | N11: =-M11/$A$2/$B$2 -> 0.80765167 | O11: =-F11 -> -1.41e-05
A12: 7 | B12: -8.06005e-06 | C12: -0.000109195 | D12: 13.5476 | E12: 13.5477 | F12: 4.4428e-05 | G12: 0.000684199 | H12: 15.4009 | I12: 15.4002 | J12: -57.55 | K12: -57.55 | L12: -0.0087 | M12: -24.2295 | N12: =-M12/$A$2/$B$2 -> 0.403825 | O12: =-F12 -> -4.4428e-05
A13: 8 | B13: -8.94185e-06 | C13: -0.000121141 | D13: 13.5476 | E13: 13.5477 | F13: 2.41102e-05 | G13: 0.000371302 | H13: 15.4006 | I13: 15.4002 | J13: -57.424 | K13: -57.424 | L13: -0.01 | M13: -30.6908 | N13: =-M13/$A$2/$B$2 -> 0.51151333 | O13: =-F13 -> -2.41102e-05
A14: 9 | B14: 0.000103107 | C14: 0.00139686 | D14: 13.5491 | E14: 13.5477 | F14: 0.000115523 | G14: 0.00177907 | H14: 15.402 | I14: 15.4002 | J14: -56.987 | K14: -56.987 | L14: -0.0129 | M14: -45.2285 | N14: =-M14/$A$2/$B$2 -> 0.75380833 | O14: =-F14 -> -0.000115523
A15: 10 | B15: 5.19546e-05 | C15: 0.000703864 | D15: 13.5484 | E15: 13.5477 | F15: 7.31568e-05 | G15: 0.00112663 | H15: 15.4013 | I15: 15.4002 | J15: -56.864 | K15: -56.864 | L15: -0.0125 | M15: -43.6132 | N15: =-M15/$A$2/$B$2 -> 0.72688667 | O15: =-F15 -> -7.31568e-05
A16: 11 | B16: 3.81313e-05 | C16: 0.000516591 | D16: 13.5482 | E16: 13.5477 | F16: 4.35406e-05 | G16: 0.000670533 | H16: 15.4009 | I16: 15.4002 | J16: -56.676 | K16: -56.676 | L16: -0.0116 | M16: -38.7673 | N16: =-M16/$A$2/$B$2 -> 0.64612167 | O16: =-F16 -> -4.35406e-05
... A330: 324 | B330: -0.0291513 | C330: -0.394932 | D330: 13.1527 | E330: 13.5477 | F330: -0.01166 | G330: -0.179566 | H330: 15.2206 | I330: 15.4002 | J330: 10.03 | K330: 10.03 | L330: -0.6794 | M330: -3385.68 | N330: =-M330/$A$2/$B$2 -> 56.428 | O330: =-F330 -> 0.01166

Sheet OLC1-2n
A1: w | B1: t | K1: =MATCH(J3,J5:J1048576,0)-1 -> 159
A2: 10 | B2: 6 | J2: Ult Stress, MPa | K2: Failure Strains, % | L2: E1, MPa
A3: Average | B3: E0 | F3: Analog | J3: =MAX(J5:J1048576) -> 89.703167 | K3: =INDEX(K5:K1048576,MATCH(J3,J5:J1048576,0)) -> 0.00532917 | L3: =INDEX(LINEST(J28:J100,K28:K100),1) -> 21370.595
A4: Index [1] | B4: ?L/L0 [1] | C4: ?L [mm] | D4: L1 [mm] | E4: L0 [mm] | F4: Time_1 | G4: Time_0 | H4: Dev1/ai0 | I4: Force_[N] | J4: stress | K4: strain
A5: 0 | B5: 0 | C5: 0 | D5: 11.9187 | E5: 11.9187 | F5: 0 | G5: 0.004 | H5: -0.0142 | I5: -51.6897 | J5: =-I5/$A$2/$B$2 -> 0.861495 | K5: =-B5 -> 0
A6: 1 | B6: 9.42129e-05 | C6: 0.00112289 | D6: 11.9198 | E6: 11.9187 | F6: 0.154 | G6: 0.154 | H6: -0.0183 | I6: -72.6886 | J6: =-I6/$A$2/$B$2 -> 1.2114767 | K6: =-B6 -> -9.42129e-05
A7: 2 | B7: 0.00012667 | C7: 0.00150974 | D7: 11.9202 | E7: 11.9187 | F7: 0.591 | G7: 0.591 | H7: -0.02 | I7: -80.7651 | J7: =-I7/$A$2/$B$2 -> 1.346085 | K7: =-B7 -> -0.00012667
A8: 3 | B8: 9.77078e-05 | C8: 0.00116455 | D8: 11.9199 | E8: 11.9187 | F8: 0.847 | G8: 0.847 | H8: -0.009 | I8: -25.8448 | J8: =-I8/$A$2/$B$2 -> 0.43074667 | K8: =-B8 -> -9.77078e-05
A9: 4 | B9: 0.000109864 | C9: 0.00130944 | D9: 11.92 | E9: 11.9187 | F9: 0.963 | G9: 0.964 | H9: -0.0138 | I9: -50.0744 | J9: =-I9/$A$2/$B$2 -> 0.83457333 | K9: =-B9 -> -0.000109864
A10: 5 | B10: 0.000136703 | C10: 0.00162933 | D10: 11.9203 | E10: 11.9187 | F10: 1.089 | G10: 1.089 | H10: -0.0132 | I10: -46.8438 | J10: =-I10/$A$2/$B$2 -> 0.78073 | K10: =-B10 -> -0.000136703
A11: 6 | B11: 6.70992e-05 | C11: 0.000799734 | D11: 11.9195 | E11: 11.9187 | F11: 1.839 | G11: 1.839 | H11: -0.0125 | I11: -43.6132 | J11: =-I11/$A$2/$B$2 -> 0.72688667 | K11: =-B11 -> -6.70992e-05
A12: 7 | B12: 6.68824e-05 | C12: 0.000797151 | D12: 11.9195 | E12: 11.9187 | F12: 2.277 | G12: 2.277 | H12: -0.0206 | I12: -83.9957 | J12: =-I12/$A$2/$B$2 -> 1.3999283 | K12: =-B12 -> -6.68824e-05
A13: 8 | B13: 0.000204897 | C13: 0.00244211 | D13: 11.9211 | E13: 11.9187 | F13: 2.902 | G13: 2.902 | H13: -0.0113 | I13: -37.152 | J13: =-I13/$A$2/$B$2 -> 0.6192 | K13: =-B13 -> -0.000204897
A14: 9 | B14: 5.36547e-05 | C14: 0.000639494 | D14: 11.9193 | E14: 11.9187 | F14: 3.024 | G14: 3.024 | H14: -0.0193 | I14: -77.5345 | J14: =-I14/$A$2/$B$2 -> 1.2922417 | K14: =-B14 -> -5.36547e-05
A15: 10 | B15: 9.44338e-05 | C15: 0.00112553 | D15: 11.9198 | E15: 11.9187 | F15: 3.283 | G15: 3.283 | H15: -0.0135 | I15: -48.4591 | J15: =-I15/$A$2/$B$2 -> 0.80765167 | K15: =-B15 -> -9.44338e-05
A16: 11 | B16: 0.000145181 | C16: 0.00173037 | D16: 11.9204 | E16: 11.9187 | F16: 3.46 | G16: 3.46 | H16: -0.0148 | I16: -54.9203 | J16: =-I16/$A$2/$B$2 -> 0.91533833 | K16: =-B16 -> -0.000145181
... A202: 197 | B202: -0.00627176 | C202: -0.0747511 | D202: 11.8439 | E202: 11.9187 | F202: 36.219 | G202: 36.219 | H202: -0.8444 | I202: -4212.71 | J202: =-I202/$A$2/$B$2 -> 70.211833 | K202: =-B202 -> 0.00627176

Sheet OLC1-2
A1: Average | B1: E0 | F1: Analog
A2: Index [1] | B2: ?L/L0 [1] | C2: ?L [mm] | D2: L1 [mm] | E2: L0 [mm] | F2: Time_1 | G2: Time_0 | H2: Dev1/ai0 | I2: Force_[N]
A3: 0 | B3: 0 | C3: 0 | D3: 14.1883 | E3: 14.1883
A4: 1 | B4: 8.85675e-05 | C4: 0.00125662 | D4: 14.1895 | E4: 14.1883
A5: 2 | B5: 0.000116949 | C5: 0.00165931 | D5: 14.1899 | E5: 14.1883
A6: 3 | B6: 8.09223e-05 | C6: 0.00114815 | D6: 14.1894 | E6: 14.1883
A7: 4 | B7: 0.000103797 | C7: 0.0014727 | D7: 14.1897 | E7: 14.1883
A8: 5 | B8: 0.000132827 | C8: 0.00188459 | D8: 14.1902 | E8: 14.1883
A9: 6 | B9: 3.99682e-05 | C9: 0.00056708 | D9: 14.1888 | E9: 14.1883
A10: 7 | B10: 4.82134e-05 | C10: 0.000684064 | D10: 14.189 | E10: 14.1883
A11: 8 | B11: 0.000175039 | C11: 0.0024835 | D11: 14.1908 | E11: 14.1883
A12: 9 | B12: 4.78242e-05 | C12: 0.000678542 | D12: 14.189 | E12: 14.1883
A13: 10 | B13: 7.85281e-05 | C13: 0.00111418 | D13: 14.1894 | E13: 14.1883
A14: 11 | B14: 0.000127776 | C14: 0.00181292 | D14: 14.1901 | E14: 14.1883
... A200: 197 | B200: -0.00694169 | C200: -0.0984905 | D200: 14.0898 | E200: 14.1883

Sheet OLC1-3
A1: w | B1: t | K1: =MATCH(J3,J5:J1048576,0)-1 -> 173
A2: 10 | B2: 6 | J2: Ult Stress, MPa | K2: Failure Strains, % | L2: E1, MPa
A3: Average | B3: E0 | F3: Analog | J3: =MAX(J5:J1048576) -> 87.307167 | K3: =INDEX(K5:K1048576,MATCH(J3,J5:J1048576,0)) -> 0.00367763 | L3: =INDEX(LINEST(J78:J166,K78:K166),1) -> 24402.642
A4: Index [1] | B4: ?L/L0 [1] | C4: ?L [mm] | D4: L1 [mm] | E4: L0 [mm] | F4: Time_1 | G4: Time_0 | H4: Dev1/ai0 | I4: Force_[N] | J4: stress | K4: strain
A5: 0 | B5: 0 | C5: 0 | D5: 13.409 | E5: 13.409 | F5: 0 | G5: 0.004 | H5: -0.0125 | I5: -43.6132 | J5: =-I5/$A$2/$B$2 -> 0.72688667 | K5: =-B5 -> 0
A6: 1 | B6: -1.61541e-06 | C6: -2.16609e-05 | D6: 13.4089 | E6: 13.409 | F6: 0.145 | G6: 0.145 | H6: -0.0135 | I6: -48.4591 | J6: =-I6/$A$2/$B$2 -> 0.80765167 | K6: =-B6 -> 1.61541e-06
A7: 2 | B7: -4.04694e-05 | C7: -0.000542653 | D7: 13.4084 | E7: 13.409 | F7: 0.28 | G7: 0.28 | H7: -0.0109 | I7: -35.5367 | J7: =-I7/$A$2/$B$2 -> 0.59227833 | K7: =-B7 -> 4.04694e-05
A8: 3 | B8: -6.01449e-05 | C8: -0.000806481 | D8: 13.4082 | E8: 13.409 | F8: 0.393 | G8: 0.393 | H8: -0.0125 | I8: -43.6132 | J8: =-I8/$A$2/$B$2 -> 0.72688667 | K8: =-B8 -> 6.01449e-05
A9: 4 | B9: 3.43264e-05 | C9: 0.000460282 | D9: 13.4094 | E9: 13.409 | F9: 1.331 | G9: 1.331 | H9: -0.0129 | I9: -45.2285 | J9: =-I9/$A$2/$B$2 -> 0.75380833 | K9: =-B9 -> -3.43264e-05
A10: 5 | B10: 6.29797e-05 | C10: 0.000844493 | D10: 13.4098 | E10: 13.409 | F10: 1.58 | G10: 1.58 | H10: -0.0122 | I10: -41.9979 | J10: =-I10/$A$2/$B$2 -> 0.699965 | K10: =-B10 -> -6.29797e-05
A11: 6 | B11: -4.96381e-06 | C11: -6.65595e-05 | D11: 13.4089 | E11: 13.409 | F11: 1.894 | G11: 1.894 | H11: -0.0122 | I11: -41.9979 | J11: =-I11/$A$2/$B$2 -> 0.699965 | K11: =-B11 -> 4.96381e-06
A12: 7 | B12: -2.60485e-06 | C12: -3.49284e-05 | D12: 13.4089 | E12: 13.409 | F12: 2.33 | G12: 2.33 | H12: -0.0132 | I12: -46.8438 | J12: =-I12/$A$2/$B$2 -> 0.78073 | K12: =-B12 -> 2.60485e-06
A13: 8 | B13: 3.55116e-06 | C13: 4.76174e-05 | D13: 13.409 | E13: 13.409 | F13: 4.139 | G13: 4.139 | H13: -0.0129 | I13: -45.2285 | J13: =-I13/$A$2/$B$2 -> 0.75380833 | K13: =-B13 -> -3.55116e-06
A14: 9 | B14: -8.89497e-06 | C14: -0.000119272 | D14: 13.4088 | E14: 13.409 | F14: 4.341 | G14: 4.341 | H14: -0.009 | I14: -25.8448 | J14: =-I14/$A$2/$B$2 -> 0.43074667 | K14: =-B14 -> 8.89497e-06
A15: 10 | B15: -2.64452e-05 | C15: -0.000354602 | D15: 13.4086 | E15: 13.409 | F15: 5.262 | G15: 5.262 | H15: -0.0119 | I15: -40.3826 | J15: =-I15/$A$2/$B$2 -> 0.67304333 | K15: =-B15 -> 2.64452e-05
A16: 11 | B16: -1.18405e-05 | C16: -0.000158769 | D16: 13.4088 | E16: 13.409 | F16: 5.698 | G16: 5.698 | H16: -0.0103 | I16: -32.3061 | J16: =-I16/$A$2/$B$2 -> 0.538435 | K16: =-B16 -> 1.18405e-05
... A210: 204 | B210: -0.0119599 | C210: -0.16037 | D210: 13.2486 | E210: 13.409 | F210: 44.637 | G210: 44.637 | H210: -0.8092 | I210: -4036.64 | J210: =-I210/$A$2/$B$2 -> 67.277333 | K210: =-B210 -> 0.0119599

Sheet OLC1-4
A1: w | B1: t | K1: =MATCH(J3,J5:J1048576,0)-1 -> 152
A2: 10 | B2: 6 | J2: Ult Stress, MPa | K2: Failure Strains, % | L2: E1, MPa
A3: Average | B3: E0 | F3: Analog | J3: =MAX(J5:J1048576) -> 90.6455 | K3: =INDEX(K5:K1048576,MATCH(J3,J5:J1048576,0)) -> 0.0038948 | L3: =INDEX(LINEST(J5:J135,K5:K135),1) -> 26197.68
A4: Index [1] | B4: ?L/L0 [1] | C4: ?L [mm] | D4: L1 [mm] | E4: L0 [mm] | F4: Time_1 | G4: Time_0 | H4: Dev1/ai0 | I4: Force_[N] | J4: stress | K4: strain
A5: 0 | B5: 0 | C5: 0 | D5: 14.0656 | E5: 14.0656 | F5: 0 | G5: 0.004 | H5: -0.0135 | I5: -48.4591 | J5: =-I5/$A$2/$B$2 -> 0.80765167 | K5: =-B5 -> 0
A6: 1 | B6: -8.64076e-06 | C6: -0.000121537 | D6: 14.0655 | E6: 14.0656 | F6: 0.163 | G6: 0.163 | H6: -0.0119 | I6: -40.3826 | J6: =-I6/$A$2/$B$2 -> 0.67304333 | K6: =-B6 -> 8.64076e-06
A7: 2 | B7: -5.57505e-05 | C7: -0.000784164 | D7: 14.0648 | E7: 14.0656 | F7: 0.415 | G7: 0.415 | H7: -0.0113 | I7: -37.152 | J7: =-I7/$A$2/$B$2 -> 0.6192 | K7: =-B7 -> 5.57505e-05
A8: 3 | B8: -2.65372e-05 | C8: -0.000373262 | D8: 14.0652 | E8: 14.0656 | F8: 0.538 | G8: 0.538 | H8: -0.0148 | I8: -54.9203 | J8: =-I8/$A$2/$B$2 -> 0.91533833 | K8: =-B8 -> 2.65372e-05
A9: 4 | B9: 5.14179e-05 | C9: 0.000723223 | D9: 14.0663 | E9: 14.0656 | F9: 0.663 | G9: 0.663 | H9: -0.0151 | I9: -56.5356 | J9: =-I9/$A$2/$B$2 -> 0.94226 | K9: =-B9 -> -5.14179e-05
A10: 5 | B10: -8.08405e-06 | C10: -0.000113707 | D10: 14.0655 | E10: 14.0656 | F10: 0.851 | G10: 0.851 | H10: -0.0125 | I10: -43.6132 | J10: =-I10/$A$2/$B$2 -> 0.72688667 | K10: =-B10 -> 8.08405e-06
A11: 6 | B11: -4.65362e-05 | C11: -0.000654559 | D11: 14.0649 | E11: 14.0656 | F11: 0.972 | G11: 0.972 | H11: -0.0129 | I11: -45.2285 | J11: =-I11/$A$2/$B$2 -> 0.75380833 | K11: =-B11 -> 4.65362e-05
A12: 7 | B12: 4.39431e-05 | C12: 0.000618085 | D12: 14.0662 | E12: 14.0656 | F12: 1.098 | G12: 1.098 | H12: -0.0132 | I12: -46.8438 | J12: =-I12/$A$2/$B$2 -> 0.78073 | K12: =-B12 -> -4.39431e-05
A13: 8 | B13: 3.86199e-05 | C13: 0.000543211 | D13: 14.0661 | E13: 14.0656 | F13: 1.222 | G13: 1.222 | H13: -0.0142 | I13: -51.6897 | J13: =-I13/$A$2/$B$2 -> 0.861495 | K13: =-B13 -> -3.86199e-05
A14: 9 | B14: -2.18069e-06 | C14: -3.06726e-05 | D14: 14.0656 | E14: 14.0656 | F14: 1.35 | G14: 1.35 | H14: -0.0113 | I14: -37.152 | J14: =-I14/$A$2/$B$2 -> 0.6192 | K14: =-B14 -> 2.18069e-06
A15: 10 | B15: -1.48473e-05 | C15: -0.000208835 | D15: 14.0654 | E15: 14.0656 | F15: 1.722 | G15: 1.722 | H15: -0.0129 | I15: -45.2285 | J15: =-I15/$A$2/$B$2 -> 0.75380833 | K15: =-B15 -> 1.48473e-05
A16: 11 | B16: 3.14154e-05 | C16: 0.000441876 | D16: 14.066 | E16: 14.0656 | F16: 1.847 | G16: 1.848 | H16: -0.0148 | I16: -54.9203 | J16: =-I16/$A$2/$B$2 -> 0.91533833 | K16: =-B16 -> -3.14154e-05
... A183: 177 | B183: -0.00875033 | C183: -0.123079 | D183: 13.9425 | E183: 14.0656 | F183: 30.114 | G183: 30.114 | H183: -0.7019 | I183: -3498.75 | J183: =-I183/$A$2/$B$2 -> 58.3125 | K183: =-B183 -> 0.00875033
