Workbook

Sheet OLC3
B2: ='OLC3-1'!M2 -> Ult Load, N | C2: ='OLC3-1'!$N$2 -> Ult Stress, MPa | D2: ='OLC3-1'!$O$2 -> Failure Strains, % | E2: ='OLC3-1'!$Q$2 -> Ez, MPa | F2: ='OLC3-3'!R2 -> ν13 | G2: E3, Mpa | H2: vf | I2: v | J2: kz | K2: E3_eff | L2: k_E
A3: average | B3: =AVERAGE(B6:B9) -> 83332.167 | C3: =AVERAGE(C6:C9) -> 77.469057 | D3: =AVERAGE(D6:D9) -> 0.14133267 | E3: =AVERAGE(E6:E9) -> 440.75034 | F3: =AVERAGE(F6:F9) -> 0.011431981 | G3: =E3/J3 -> 644.3064 | H3: 0.1776 | I3: =0.8 -> 0.8 | J3: =I3*(1-(1-3*H3)*I3/4/(1-2*H3)) -> 0.68406948 | K3: =E3/I$3 -> 550.93793 | L3: =K3/G3 -> 0.85508685 | M3: =(1-L3) -> 0.14491315 | N3: =C3/0.8 -> 96.836321 | O3: =AVERAGE('OLC3-1'!A2,'OLC3-2'!A2,'OLC3-3'!A2) -> 32.656667 | P3: =AVERAGE('OLC3-1'!B2,'OLC3-2'!B2,'OLC3-3'!B2) -> 32.946667 | Q3: =O3*P3 -> 1075.9283 | S3: =C3/I$3 -> 96.836321 | U3: =B3*40*40/Q3 -> 123922.26
A4: sr. dev. | B4: =STDEV(B6:B9) -> 6235.3222 | C4: =STDEV(C6:C9) -> 6.0926745 | D4: =STDEV(D6:D9) -> 0.021818721 | E4: =STDEV(E6:E9) -> 27.570209 | F4: =STDEV(F6:F9) -> 0.002555433 | K4: =E4/I$3 -> 34.462761 | S4: =C4/I$3 -> 7.6158431
A5: CV | B5: =B4/B3 -> 0.074824914 | C5: =C4/C3 -> 0.078646556 | D5: =D4/D3 -> 0.15437847 | E5: =E4/E3 -> 0.062552893 | F5: =F4/F3 -> 0.22353369
A6: 1 | B6: ='OLC3-1'!M3 -> 86445 | C6: ='OLC3-1'!$N$3 -> 80.379798 | D6: ='OLC3-1'!$O$3 -> 0.149818 | E6: ='OLC3-1'!$Q$3 -> 472.2557 | F6: ='OLC3-1'!$R$3 -> 0.013436574
A7: 2 | B7: ='OLC3-2'!M3 -> 87398.2 | C7: ='OLC3-2'!N3 -> 81.560431 | D7: ='OLC3-2'!O3 -> 0.157634 | E7: ='OLC3-2'!Q3 -> 421.03841 | F7: ='OLC3-2'!R3 -> 0.012304903
A8: 3 | B8: ='OLC3-3'!M3 -> 76153.3 | C8: ='OLC3-3'!N3 -> 70.466942 | D8: ='OLC3-3'!O3 -> 0.116546 | E8: ='OLC3-3'!Q3 -> 428.95692 | F8: ='OLC3-3'!R3 -> 0.0085544667 | U8: =(133-114)/114 -> 0.16666667

Sheet OLC3-1
A1: w | B1: t | O1: =MATCH(N3,N5:N1048576,0)-1 -> 536
A2: 32.56 | B2: 33.03 | M2: Ult Load, N | N2: Ult Stress, MPa | O2: Failure Strains, % | Q2: Ez, MPa | R2: ν13
A3: Average | B3: E0 | F3: E1 | J3: Analog | M3: =-MIN(M5:M1048576) -> 86445 | N3: =MAX(N5:N1048576) -> 80.379798 | O3: =INDEX(O5:O1048576,MATCH(N3,N5:N1048576,0)) -> 0.149818 | P3: =INDEX(P5:P1048576,MATCH(N3,N5:N1048576,0)) -> 0.000970967 | Q3: =INDEX(LINEST(N5:N300,O5:O300),1) -> 472.2557 | R3: =INDEX(LINEST(P5:P300,O5:O300),1) -> 0.013436574
A4: Index [1] | B4: ?L/L0 [1] | C4: ?L [mm] | D4: L1 [mm] | E4: L0 [mm] | F4: ?L/L0 [1] | G4: ?L [mm] | H4: L1 [mm] | I4: L0 [mm] | J4: Time_1 | K4: Time_0 | L4: Dev1/ai0 | M4: Force_[N] | N4: σ3, MPa | O4: ε3 | P4: ε1
A5: 0 | B5: 0 | C5: 0 | D5: 13.5506 | E5: 13.5506 | F5: 0 | G5: 0 | H5: 23.5182 | I5: 23.5182 | J5: 0 | K5: 0.004 | L5: -0.0026 | M5: 8.0782 | N5: =-M5/$A$2/$B$2 -> -0.0075114128 | O5: =-B5 -> 0 | P5: =F5 -> 0
A6: 1 | B6: -1.19296e-05 | C6: -0.000161653 | D6: 13.5504 | E6: 13.5506 | F6: 3.30942e-06 | G6: 7.78317e-05 | H6: 23.5183 | I6: 23.5182 | J6: 0.37 | K6: 0.37 | L6: -0.0045 | M6: -40.391 | N6: =-M6/$A$2/$B$2 -> 0.037557064 | O6: =-B6 -> 1.19296e-05 | P6: =F6 -> 3.30942e-06
A7: 2 | B7: -1.90449e-05 | C7: -0.00025807 | D7: 13.5503 | E7: 13.5506 | F7: 5.84682e-07 | G7: 1.37507e-05 | H7: 23.5182 | I7: 23.5182 | J7: 0.621 | K7: 0.621 | L7: -0.008 | M7: -129.251 | N7: =-M7/$A$2/$B$2 -> 0.12018242 | O7: =-B7 -> 1.90449e-05 | P7: =F7 -> 5.84682e-07
A8: 3 | B8: -8.86653e-06 | C8: -0.000120147 | D8: 13.5505 | E8: 13.5506 | F8: -1.321e-05 | G8: -0.000310675 | H8: 23.5179 | I8: 23.5182 | J8: 0.809 | K8: 0.809 | L8: -0.0038 | M8: -24.2346 | N8: =-M8/$A$2/$B$2 -> 0.022534238 | O8: =-B8 -> 8.86653e-06 | P8: =F8 -> -1.321e-05
A9: 4 | B9: -8.66961e-06 | C9: -0.000117478 | D9: 13.5505 | E9: 13.5506 | F9: 8.14266e-06 | G9: 0.000191501 | H9: 23.5184 | I9: 23.5182 | J9: 1.371 | K9: 1.371 | L9: -0.0019 | M9: 24.2346 | N9: =-M9/$A$2/$B$2 -> -0.022534238 | O9: =-B9 -> 8.66961e-06 | P9: =F9 -> 8.14266e-06
A10: 5 | B10: -3.80537e-05 | C10: -0.00051565 | D10: 13.5501 | E10: 13.5506 | F10: -1.75029e-06 | G10: -4.11638e-05 | H10: 23.5182 | I10: 23.5182 | J10: 2.118 | K10: 2.118 | L10: -0.0019 | M10: 24.2346 | N10: =-M10/$A$2/$B$2 -> -0.022534238 | O10: =-B10 -> 3.80537e-05 | P10: =F10 -> -1.75029e-06
A11: 6 | B11: -5.98368e-05 | C11: -0.000810825 | D11: 13.5498 | E11: 13.5506 | F11: 1.91327e-05 | G11: 0.000449967 | H11: 23.5187 | I11: 23.5182 | J11: 2.307 | K11: 2.307 | L11: -0.0084 | M11: -137.329 | N11: =-M11/$A$2/$B$2 -> 0.12769365 | O11: =-B11 -> 5.98368e-05 | P11: =F11 -> 1.91327e-05
A12: 7 | B12: -0.000127807 | C12: -0.00173186 | D12: 13.5489 | E12: 13.5506 | F12: 1.02705e-05 | G12: 0.000241544 | H12: 23.5185 | I12: 23.5182 | J12: 2.77 | K12: 2.77 | L12: -0.0103 | M12: -185.799 | N12: =-M12/$A$2/$B$2 -> 0.17276287 | O12: =-B12 -> 0.000127807 | P12: =F12 -> 1.02705e-05
A13: 8 | B13: -0.000288695 | C13: -0.00391199 | D13: 13.5467 | E13: 13.5506 | F13: 9.43517e-06 | G13: 0.000221898 | H13: 23.5184 | I13: 23.5182 | J13: 3.867 | K13: 3.867 | L13: -0.0029 | M13: 0 | N13: =-M13/$A$2/$B$2 -> 0 | O13: =-B13 -> 0.000288695 | P13: =F13 -> 9.43517e-06
A14: 9 | B14: -0.000432725 | C14: -0.00586369 | D14: 13.5447 | E14: 13.5506 | F14: 6.89391e-06 | G14: 0.000162133 | H14: 23.5184 | I14: 23.5182 | J14: 4.926 | K14: 4.926 | L14: -0.0096 | M14: -169.642 | N14: =-M14/$A$2/$B$2 -> 0.15773948 | O14: =-B14 -> 0.000432725 | P14: =F14 -> 6.89391e-06
A15: 10 | B15: -0.00046067 | C15: -0.00624236 | D15: 13.5444 | E15: 13.5506 | F15: 2.36012e-06 | G15: 5.55059e-05 | H15: 23.5183 | I15: 23.5182 | J15: 5.018 | K15: 5.018 | L15: -0.0074 | M15: -113.095 | N15: =-M15/$A$2/$B$2 -> 0.10515997 | O15: =-B15 -> 0.00046067 | P15: =F15 -> 2.36012e-06
A16: 11 | B16: -0.000502586 | C16: -0.00681035 | D16: 13.5438 | E16: 13.5506 | F16: 1.53288e-05 | G16: 0.000360505 | H16: 23.5186 | I16: 23.5182 | J16: 5.201 | K16: 5.201 | L16: -0.0084 | M16: -137.329 | N16: =-M16/$A$2/$B$2 -> 0.12769365 | O16: =-B16 -> 0.000502586 | P16: =F16 -> 1.53288e-05
... A586: 581 | B586: -0.167418 | C586: -2.26861 | D586: 11.282 | E586: 13.5506 | F586: -0.000271787 | G586: -0.00639194 | H586: 23.5118 | I586: 23.5182 | J586: 161.488 | K586: 161.489 | L586: -3.2783 | M586: -82098.9 | N586: =-M586/$A$2/$B$2 -> 76.338631 | O586: =-B586 -> 0.167418 | P586: =F586 -> -0.000271787
A587: 582 | B587: -0.167823 | C587: -2.27411 | D587: 11.2765 | E587: 13.5506 | J587: 162.048 | K587: 162.048 | L587: -3.2776 | M587: -82082.8 | N587: =-M587/$A$2/$B$2 -> 76.323661 | O587: =-B587 -> 0.167823 | P587: =F587 -> 0
A588: 583 | B588: -0.167927 | C588: -2.27551 | D588: 11.2751 | E588: 13.5506 | J588: 162.237 | K588: 162.237 | L588: -3.2728 | M588: -81961.6 | N588: =-M588/$A$2/$B$2 -> 76.210964 | O588: =-B588 -> 0.167927 | P588: =F588 -> 0
A589: 584 | B589: -0.168067 | C589: -2.2774 | D589: 11.2732 | E589: 13.5506 | J589: 162.423 | K589: 162.423 | L589: -3.2722 | M589: -81945.4 | N589: =-M589/$A$2/$B$2 -> 76.195901 | O589: =-B589 -> 0.168067 | P589: =F589 -> 0
A590: 585 | B590: -0.16856 | C590: -2.28408 | D590: 11.2665 | E590: 13.5506 | J590: 163.109 | K590: 163.109 | L590: -3.2631 | M590: -81719.2 | N590: =-M590/$A$2/$B$2 -> 75.985572 | O590: =-B590 -> 0.16856 | P590: =F590 -> 0
A591: 586 | B591: -0.168924 | C591: -2.28902 | D591: 11.2616 | E591: 13.5506 | J591: 163.546 | K591: 163.546 | L591: -3.2557 | M591: -81533.4 | N591: =-M591/$A$2/$B$2 -> 75.812808 | O591: =-B591 -> 0.168924 | P591: =F591 -> 0
A592: 587 | B592: -0.169175 | C592: -2.29243 | D592: 11.2582 | E592: 13.5506 | J592: 163.798 | K592: 163.798 | L592: -3.2496 | M592: -81379.9 | N592: =-M592/$A$2/$B$2 -> 75.670078 | O592: =-B592 -> 0.169175 | P592: =F592 -> 0
A593: 588 | B593: -0.169434 | C593: -2.29593 | D593: 11.2547 | E593: 13.5506 | J593: 164.047 | K593: 164.047 | L593: -3.2457 | M593: -81283 | N593: =-M593/$A$2/$B$2 -> 75.579977 | O593: =-B593 -> 0.169434 | P593: =F593 -> 0
A594: 589 | B594: -0.169545 | C594: -2.29744 | D594: 11.2532 | E594: 13.5506 | J594: 164.175 | K594: 164.175 | L594: -3.2383 | M594: -81097.2 | N594: =-M594/$A$2/$B$2 -> 75.407213 | O594: =-B594 -> 0.169545 | P594: =F594 -> 0
A595: 590 | B595: -0.169892 | C595: -2.30214 | D595: 11.2485 | E595: 13.5506 | J595: 164.482 | K595: 164.482 | L595: -3.2299 | M595: -80887.2 | N595: =-M595/$A$2/$B$2 -> 75.211947 | O595: =-B595 -> 0.169892 | P595: =F595 -> 0
A596: 591 | B596: -0.170384 | C596: -2.3088 | D596: 11.2418 | E596: 13.5506 | J596: 164.858 | K596: 164.858 | L596: -3.2148 | M596: -80507.5 | N596: =-M596/$A$2/$B$2 -> 74.858888 | O596: =-B596 -> 0.170384 | P596: =F596 -> 0
A597: 592 | B597: -0.170653 | C597: -2.31245 | D597: 11.2382 | E597: 13.5506 | J597: 165.107 | K597: 165.107 | L597: -3.1996 | M597: -80127.8 | N597: =-M597/$A$2/$B$2 -> 74.505829 | O597: =-B597 -> 0.170653 | P597: =F597 -> 0
A598: 593 | B598: -0.170885 | C598: -2.31559 | D598: 11.235 | E598: 13.5506 | J598: 165.293 | K598: 165.293 | L598: -3.1971 | M598: -80063.2 | N598: =-M598/$A$2/$B$2 -> 74.445761 | O598: =-B598 -> 0.170885 | P598: =F598 -> 0

Sheet OLC3-2
A1: w | B1: t | O1: =MATCH(N3,N5:N1048576,0)-1 -> 548
A2: 32.8 | B2: 32.67 | M2: Ult Load, N | N2: Ult Stress, MPa | O2: Failure Strains, % | Q2: Ez, MPa | R2: ν13
A3: Average | B3: E0 | F3: E1 | J3: Analog | M3: =-MIN(M5:M1048576) -> 87398.2 | N3: =MAX(N5:N1048576) -> 81.560431 | O3: =INDEX(O5:O1048576,MATCH(N3,N5:N1048576,0)) -> 0.157634 | P3: =INDEX(P5:P1048576,MATCH(N3,N5:N1048576,0)) -> 0.00250658 | Q3: =INDEX(LINEST(N100:N250,O100:O250),1) -> 421.03841 | R3: =INDEX(LINEST(P100:P300,O100:O300),1) -> 0.012304903
A4: Index [1] | B4: ?L/L0 [1] | C4: ?L [mm] | D4: L1 [mm] | E4: L0 [mm] | F4: ?L/L0 [1] | G4: ?L [mm] | H4: L1 [mm] | I4: L0 [mm] | J4: Time_1 | K4: Time_0 | L4: Dev1/ai0 | M4: Force_[N] | N4: σ3, MPa | O4: ε3 | P4: ε1
A5: 0 | B5: 0 | C5: 0 | D5: 13.8653 | E5: 13.8653 | F5: 0 | G5: 0 | H5: 22.3676 | I5: 22.3676 | J5: 0 | K5: 0.004 | L5: -0.0058 | M5: -72.7038 | N5: =-M5/$A$2/$B$2 -> 0.067847544 | O5: =-B5 -> 0 | P5: =F5 -> 0
A6: 1 | B6: 2.16019e-05 | C6: 0.000299517 | D6: 13.8656 | E6: 13.8653 | F6: -1.24268e-05 | G6: -0.000277959 | H6: 22.3674 | I6: 22.3676 | J6: 0.578 | K6: 0.578 | L6: 0.0029 | M6: 145.408 | N6: =-M6/$A$2/$B$2 -> -0.13569546 | O6: =-B6 -> -2.16019e-05 | P6: =F6 -> -1.24268e-05
A7: 2 | B7: 4.2679e-05 | C7: 0.000591758 | D7: 13.8659 | E7: 13.8653 | F7: -2.63152e-05 | G7: -0.000588608 | H7: 22.367 | I7: 22.3676 | J7: 0.933 | K7: 0.934 | L7: -0.0071 | M7: -105.017 | N7: =-M7/$A$2/$B$2 -> 0.098002382 | O7: =-B7 -> -4.2679e-05 | P7: =F7 -> -2.63152e-05
A8: 3 | B8: 6.08232e-05 | C8: 0.000843333 | D8: 13.8662 | E8: 13.8653 | F8: -1.33638e-06 | G8: -2.98917e-05 | H8: 22.3676 | I8: 22.3676 | J8: 1.824 | K8: 1.824 | L8: 0.0007 | M8: 88.8602 | N8: =-M8/$A$2/$B$2 -> -0.082924776 | O8: =-B8 -> -6.08232e-05 | P8: =F8 -> -1.33638e-06
A9: 4 | B9: 2.98894e-05 | C9: 0.000414426 | D9: 13.8657 | E9: 13.8653 | F9: -4.11086e-05 | G9: -0.000919502 | H9: 22.3667 | I9: 22.3676 | J9: 2.537 | K9: 2.537 | L9: 0.0042 | M9: 177.72 | N9: =-M9/$A$2/$B$2 -> -0.16584918 | O9: =-B9 -> -2.98894e-05 | P9: =F9 -> -4.11086e-05
A10: 5 | B10: -1.08285e-05 | C10: -0.00015014 | D10: 13.8652 | E10: 13.8653 | F10: -2.77943e-05 | G10: -0.000621694 | H10: 22.367 | I10: 22.3676 | J10: 2.961 | K10: 2.961 | L10: -0.0064 | M10: -88.8602 | N10: =-M10/$A$2/$B$2 -> 0.082924776 | O10: =-B10 -> 1.08285e-05 | P10: =F10 -> -2.77943e-05
A11: 6 | B11: -1.37853e-05 | C11: -0.000191137 | D11: 13.8651 | E11: 13.8653 | F11: 9.32664e-06 | G11: 0.000208615 | H11: 22.3678 | I11: 22.3676 | J11: 3.974 | K11: 3.975 | L11: 0.0004 | M11: 80.782 | N11: =-M11/$A$2/$B$2 -> -0.07538616 | O11: =-B11 -> 1.37853e-05 | P11: =F11 -> 9.32664e-06
A12: 7 | B12: -6.71262e-05 | C12: -0.000930728 | D12: 13.8644 | E12: 13.8653 | F12: -2.4509e-05 | G12: -0.000548208 | H12: 22.3671 | I12: 22.3676 | J12: 4.445 | K12: 4.445 | L12: -0.0093 | M12: -161.564 | N12: =-M12/$A$2/$B$2 -> 0.15077232 | O12: =-B12 -> 6.71262e-05 | P12: =F12 -> -2.4509e-05
A13: 8 | B13: -9.02819e-05 | C13: -0.00125179 | D13: 13.8641 | E13: 13.8653 | F13: -1.59151e-05 | G13: -0.000355982 | H13: 22.3673 | I13: 22.3676 | J13: 4.571 | K13: 4.571 | L13: -0.0093 | M13: -161.564 | N13: =-M13/$A$2/$B$2 -> 0.15077232 | O13: =-B13 -> 9.02819e-05 | P13: =F13 -> -1.59151e-05
A14: 9 | B14: -0.000120425 | C14: -0.00166973 | D14: 13.8637 | E14: 13.8653 | F14: -1.26719e-05 | G14: -0.000283441 | H14: 22.3674 | I14: 22.3676 | J14: 4.821 | K14: 4.821 | L14: -0.0048 | M14: -48.4692 | N14: =-M14/$A$2/$B$2 -> 0.045231696 | O14: =-B14 -> 0.000120425 | P14: =F14 -> -1.26719e-05
A15: 10 | B15: -0.000237362 | C15: -0.00329111 | D15: 13.862 | E15: 13.8653 | F15: -3.55331e-05 | G15: -0.00079479 | H15: 22.3668 | I15: 22.3676 | J15: 5.59 | K15: 5.59 | L15: -0.0051 | M15: -56.5474 | N15: =-M15/$A$2/$B$2 -> 0.052770312 | O15: =-B15 -> 0.000237362 | P15: =F15 -> -3.55331e-05
A16: 11 | B16: -0.000434126 | C16: -0.0060193 | D16: 13.8593 | E16: 13.8653 | F16: -3.68724e-05 | G16: -0.000824749 | H16: 22.3668 | I16: 22.3676 | J16: 6.629 | K16: 6.629 | L16: -0.0106 | M16: -193.877 | N16: =-M16/$A$2/$B$2 -> 0.18092697 | O16: =-B16 -> 0.000434126 | P16: =F16 -> -3.68724e-05
... A620: 615 | B620: -0.14064 | C620: -1.95001 | D620: 11.9153 | E620: 13.8653 | F620: 0.00184822 | G620: 0.0413404 | H620: 22.409 | I620: 22.3676 | J620: 173.881 | K620: 173.881 | L620: -0.2485 | M620: -6155.59 | N620: =-M620/$A$2/$B$2 -> 5.7444269 | O620: =-B620 -> 0.14064 | P620: =F620 -> 0.00184822

Sheet OLC3-3
A1: w | B1: t | O1: =MATCH(N3,N5:N1048576,0)-1 -> 474
A2: 32.61 | B2: 33.14 | M2: Ult Load, N | N2: Ult Stress, MPa | O2: Failure Strains, % | Q2: Ez, MPa | R2: ν13
A3: Average | B3: E0 | F3: E1 | J3: Analog | M3: =-MIN(M5:M1048576) -> 76153.3 | N3: =MAX(N5:N1048576) -> 70.466942 | O3: =INDEX(O5:O1048576,MATCH(N3,N5:N1048576,0)) -> 0.116546 | P3: =INDEX(P5:P1048576,MATCH(N3,N5:N1048576,0)) -> 0.00150225 | Q3: =INDEX(LINEST(N70:N280,O70:O280),1) -> 428.95692 | R3: =INDEX(LINEST(P70:P280,O70:O280),1) -> 0.0085544667
A4: Index [1] | B4: ?L/L0 [1] | C4: ?L [mm] | D4: L1 [mm] | E4: L0 [mm] | F4: ?L/L0 [1] | G4: ?L [mm] | H4: L1 [mm] | I4: L0 [mm] | J4: Time_1 | K4: Time_0 | L4: Dev1/ai0 | M4: Force_[N] | N4: σ3, MPa | O4: ε3 | P4: ε1
A5: 0 | B5: 0 | C5: 0 | D5: 13.8889 | E5: 13.8889 | F5: 0 | G5: 0 | H5: 24.969 | I5: 24.969 | J5: -1.749 | K5: -1.746 | L5: -0.0051 | M5: -56.5474 | N5: =-M5/$A$2/$B$2 -> 0.052325012 | O5: =-B5 -> 0 | P5: =F5 -> 0
A6: 1 | B6: 7.06748e-07 | C6: 9.81595e-06 | D6: 13.8889 | E6: 13.8889 | F6: -2.23697e-06 | G6: -5.5855e-05 | H6: 24.9689 | I6: 24.969 | J6: -0.96 | K6: -0.96 | L6: -0.0042 | M6: -32.3128 | N6: =-M6/32.61/33.14 -> 0.029900007 | O6: =-B6 -> -7.06748e-07 | P6: =F6 -> -2.23697e-06
A7: 2 | B7: 1.3581e-05 | C7: 0.000188625 | D7: 13.8891 | E7: 13.8889 | F7: -4.27618e-06 | G7: -0.000106772 | H7: 24.9689 | I7: 24.969 | J7: -0.713 | K7: -0.713 | L7: -0.0016 | M7: 32.3128 | N7: =-M7/32.61/33.14 -> -0.029900007 | O7: =-B7 -> -1.3581e-05 | P7: =F7 -> -4.27618e-06
A8: 3 | B8: 4.21134e-05 | C8: 0.000584909 | D8: 13.8895 | E8: 13.8889 | F8: 9.13152e-06 | G8: 0.000228005 | H8: 24.9692 | I8: 24.969 | J8: -0.338 | K8: -0.338 | L8: -0.0051 | M8: -56.5474 | N8: =-M8/32.61/33.14 -> 0.052325012 | O8: =-B8 -> -4.21134e-05 | P8: =F8 -> 9.13152e-06
A9: 4 | B9: -8.81411e-06 | C9: -0.000122418 | D9: 13.8888 | E9: 13.8889 | F9: 6.76732e-06 | G9: 0.000168973 | H9: 24.9692 | I9: 24.969 | J9: 0.724 | K9: 0.724 | L9: -0.0048 | M9: -48.4692 | N9: =-M9/32.61/33.14 -> 0.04485001 | O9: =-B9 -> 8.81411e-06 | P9: =F9 -> 6.76732e-06
A10: 5 | B10: 2.213e-05 | C10: 0.000307362 | D10: 13.8892 | E10: 13.8889 | F10: 3.38678e-05 | G10: 0.000845643 | H10: 24.9698 | I10: 24.969 | J10: 1.224 | K10: 1.224 | L10: -0.0061 | M10: -80.782 | N10: =-M10/32.61/33.14 -> 0.074750017 | O10: =-B10 -> -2.213e-05 | P10: =F10 -> 3.38678e-05
A11: 6 | B11: -1.36773e-05 | C11: -0.000189963 | D11: 13.8887 | E11: 13.8889 | F11: 2.20782e-05 | G11: 0.000551271 | H11: 24.9695 | I11: 24.969 | J11: 1.346 | K11: 1.346 | L11: 0.0007 | M11: 88.8602 | N11: =-M11/32.61/33.14 -> -0.082225019 | O11: =-B11 -> 1.36773e-05 | P11: =F11 -> 2.20782e-05
A12: 7 | B12: 1.62712e-05 | C12: 0.000225989 | D12: 13.8891 | E12: 13.8889 | F12: 6.60233e-05 | G12: 0.00164853 | H12: 24.9706 | I12: 24.969 | J12: 1.658 | K12: 1.658 | L12: -0.0045 | M12: -40.391 | N12: =-M12/32.61/33.14 -> 0.037375009 | O12: =-B12 -> -1.62712e-05 | P12: =F12 -> 6.60233e-05
A13: 8 | B13: 7.35158e-05 | C13: 0.00102105 | D13: 13.8899 | E13: 13.8889 | F13: -1.20695e-05 | G13: -0.000301362 | H13: 24.9687 | I13: 24.969 | J13: 1.908 | K13: 1.908 | L13: -0.0006 | M13: 56.5474 | N13: =-M13/32.61/33.14 -> -0.052325012 | O13: =-B13 -> -7.35158e-05 | P13: =F13 -> -1.20695e-05
A14: 9 | B14: 2.33962e-05 | C14: 0.000324948 | D14: 13.8892 | E14: 13.8889 | F14: 2.19239e-05 | G14: 0.000547418 | H14: 24.9695 | I14: 24.969 | J14: 2.97 | K14: 2.97 | L14: -0.0055 | M14: -64.6256 | N14: =-M14/32.61/33.14 -> 0.059800014 | O14: =-B14 -> -2.33962e-05 | P14: =F14 -> 2.19239e-05
A15: 10 | B15: 2.00592e-05 | C15: 0.000278601 | D15: 13.8892 | E15: 13.8889 | F15: 8.21894e-06 | G15: 0.000205219 | H15: 24.9692 | I15: 24.969 | J15: 3.057 | K15: 3.057 | L15: -0.0048 | M15: -48.4692 | N15: =-M15/32.61/33.14 -> 0.04485001 | O15: =-B15 -> -2.00592e-05 | P15: =F15 -> 8.21894e-06
A16: 11 | B16: 1.09991e-05 | C16: 0.000152765 | D16: 13.8891 | E16: 13.8889 | F16: 1.42292e-05 | G16: 0.000355288 | H16: 24.9693 | I16: 24.969 | J16: 3.967 | K16: 3.967 | L16: -0.0113 | M16: -210.033 | N16: =-M16/32.61/33.14 -> 0.19434986 | O16: =-B16 -> -1.09991e-05 | P16: =F16 -> 1.42292e-05
A17: 12 | B17: 1.80209e-05 | C17: 0.000250291 | D17: 13.8891 | E17: 13.8889 | F17: 1.30182e-05 | G17: 0.000325051 | H17: 24.9693 | I17: 24.969 | J17: 4.063 | K17: 4.063 | L17: -0.0045 | M17: -40.391 | N17: =-M17/32.61/33.14 -> 0.037375009 | O17: =-B17 -> -1.80209e-05 | P17: =F17 -> 1.30182e-05
... A533: 528 | B533: -0.107421 | C533: -1.49196 | D533: 12.3969 | E533: 13.8889 | F533: 0.00142181 | G533: 0.0355011 | H533: 25.0045 | I533: 24.969 | J533: 128.455 | K533: 128.455 | L533: -1.5557 | M533: -38920.8 | N533: =-M533/32.61/33.14 -> 36.014588 | O533: =-B533 -> 0.107421 | P533: =F533 -> 0.00142181
