Workbook

Sheet Лист1
A1: t= | B1: 1
A2: v= | B2: 0.2
A3: phi= | B3: 30
A5: a90= | B5: 15
A6: a_phi | B6: 15
A9: Основание треугольника | B9: 17.320508
A10: Сторона треугольника | B10: 17.320508
A14: Длина КЭМ Х | B14: 30 | C14: =B14/1000 -> 0.03
A15: Ширина КЭМ Y max | B15: 34.6 | C15: =B15/1000 -> 0.0346
A16: Ширина КЭМ Y min | B16: 34.6 | C16: =B16/1000 -> 0.0346
A17: Ширина КЭМ Y среднее | B17: =(B15+B16)/2 -> 34.6 | C17: =B17/1000 -> 0.0346
A18: Высота КЭМ | B18: 30 | C18: =B18/1000 -> 0.03
B19: мм | C19: м
A21: Эквивалентная площадь в направлении Х | B21: =B15*B18 -> 1038 | C21: =C15*C18 -> 0.001038 | G21: Эквивалентная площадь в направлении Y | H21: =B14*B18 -> 900 | I21: =C14*C18 -> 0.0009
B22: мм^2 | C22: м^2
A25: НАПРАВЛЕНИЕ Х | G25: НАПРАВЛЕНИЕ Y | N25: Направление XY
A26: Средние перемещения переднего торца Х | B26: 0.006606 | C26: =B26/1000 -> 6.606e-06 | G26: Средние перемещения переднего торца Y | H26: 0.005998 | I26: =H26/1000 -> 5.998e-06 | N26: TAU = | O26: 10
B27: мм | C27: м | H27: мм | I27: м
N28: T1= | O28: =O26*(B14*B18) -> 9000
A29: Сила | B29: 1000 | G29: Сила | H29: 1000 | N29: T2= | O29: =O26*(B15*B18) -> 10380
B30: Н | H30: Н
N32: катет по y | O32: 0.731
A33: Ех= | B33: =B29*C14/(C21*C26) -> 4.3750733e+09 | G33: Еy= | H33: =H29*C15/(I21*I26) -> 6.4095439e+09 | N33: катет по х | O33: 117.126
B34: Па | H34: Па
N35: Тангенс угла | O35: =O32/O33 -> 0.006241142
B36: =B33/10^6 -> 4375.0733 | H36: =H33/10^6 -> 6409.5439
B37: МПа | H37: МПа | N37: угол | O37: =ATAN(O35) -> 0.006241061
A39: Ех в расчете | B39: =4.2795051822133*1000 -> 4279.5052 | G39: Еy в расчете | H39: =4.2795051822133*1000 -> 4279.5052
N40: G | O40: =O26/(O37) -> 1602.2917
A42: Погрешность Ех | B42: =(B36-B39)/B36*100 -> 2.1843771 | C42: % | G42: Погрешность Еy | H42: =(H36-H39)/H39*100 -> 49.773015 | I42: %
N43: G расчетное | O43: 1607.2
A44: Пуассоны без RBE | G44: Пуассоны без RBE
A45: Деформация по Х при растяжении по Х | B45: =0.006621/$B$14 -> 0.0002207 | G45: Деформация по Y при растяжении по Y | H45: =0.006009/B15 -> 0.00017367052 | N45: =(O43-O40)/O43*100 -> 0.30539663
A47: перемещения по Y при растяжении по Х | B47: =-0.002122 -> -0.002122 | G47: перемещения по Х при растяжении по Y | H47: =-0.001741 -> -0.001741 | I47: =-2*0.0005289 -> -0.0010578
A49: Деформация по Y при растяжении по Х | B49: =B47/$B$15 -> -6.132948e-05 | G49: Деформация по X при растяжении по Y | H49: =I47/B14 -> -3.526e-05
A52: Пуассон yx | B52: =-B49/B45 -> 0.27788618 | G52: Пуассон yx | H52: =-H49/H45 -> 0.20302812
A54: Пуассон програм | B54: 0.3318 | G54: Пуассон програм | H54: 0.3318
A56: Погрешность | B56: =(B52-B54)/B52*100 -> -19.401404 | C56: % | G56: Погрешность | H56: =(H52-H54)/H52*100 -> -63.425634 | I56: %
A61: перемещения по Z при растяжении по Х | B61: =-0.0005694 -> -0.0005694 | G61: перемещения по Z при растяжении по Х | H61: =-2.964*10^(-5) -> -2.964e-05
A63: Деформация по Z при растяжении по Х | B63: =B61/$B$18 -> -1.898e-05 | G63: Деформация по Z при растяжении по Х | H63: =H61/$B$18 -> -9.88e-07
A66: Пуассон | B66: =-B63/B45 -> 0.085999094 | G66: Пуассон | H66: =-H63/H45 -> 0.0056889333
A68: Пуассон програм | B68: 0.0401 | G68: Пуассон програм | H68: 0.0401
A70: Погрешность | B70: =(B68-B66)/B68*100 -> -114.46158 | C70: % | G70: Погрешность | H70: =(H68-H66)/H68*100 -> 85.813134 | I70: %
A73: С учетом RBE по Z | G73: С учетом RBE по Z
A74: Перемещения по Х | B74: =B26 -> 0.006606 | C74: =B74/1000 -> 6.606e-06 | D74: Ex= | E74: =B29*C14/(C21*C74) -> 4.3750733e+09 | G74: Перемещения по Y | H74: =H26 -> 0.005998
E75: =E74/10^6 -> 4375.0733
A76: Деформация по Х при растяжении по Х | B76: =B74/$B$14 -> 0.0002202 | E76: =(E75-B39)/B39*100 -> 2.2331577 | G76: Деформация по Y при растяжении по Y | H76: =H74/B15 -> 0.0001733526
A78: перемещения по Y при растяжении по Х | B78: =-0.002107 -> -0.002107 | G78: перемещения по X при растяжении по Y | H78: =-0.001718 -> -0.001718
A80: Деформация по Y при растяжении по Х | B80: =B78/$B$15 -> -6.0895954e-05 | G80: Деформация по Y при растяжении по Х | H80: =H78/B14 -> -5.7266667e-05
A83: Пуассон yx | B83: =-B80/B76 -> 0.27654838 | G83: Пуассон yx | H83: =-H80/H76 -> 0.33034789
A85: Пуассон програм | B85: 0.3318 | G85: Пуассон програм | H85: 0.3318
A87: Погрешность | B87: =(B83-B85)/B83*100 -> -19.979006 | C87: % | G87: Погрешность | H87: =(H83-H85)/H83*100 -> -0.4395688 | I87: %
A92: перемещения по Z при растяжении по Х | B92: =-0.0002467 -> -0.0002467 | G92: перемещения по Z при растяжении по Х | H92: =-7.5287*10^(-6) -> -7.5287e-06
A94: Деформация по Z при растяжении по Х | B94: =B92/$B$18 -> -8.2233333e-06 | G94: Деформация по Z при растяжении по Х | H94: =H92/$B$18 -> -2.5095667e-07
A97: Пуассон | B97: =-B94/B76 -> 0.037344838 | G97: Пуассон | H97: =-H94/H76 -> 0.001447666
A99: Пуассон програм | B99: 0.0401 | G99: Пуассон програм | H99: 0.0401
A101: Погрешность | B101: =(B99-B97)/B99*100 -> 6.8707281 | C101: % | G101: Погрешность | H101: =(H99-H97)/H99*100 -> 96.38986 | I101: %

Sheet isogrid
A1: t_теоретическое= | B1: 1 | C1: 1 | D1: Сила | E1: 1000 | F1: t_факт | G1: 1.5
A2: v_теоретическое= | B2: 0.2 | C2: 0.2 | F2: v_факт | G2: =(G1/B4)+(2*G1/B5) -> 0.3
A3: phi= | B3: 30 | C3: =D3*3.1415/180 -> 0.52358333 | D3: 30
A4: a90= | B4: 15 | C4: =3.75 -> 3.75 | D4: =C1*(1+SIN(C3))/(C2*SIN(C3)) -> 15.000267
A5: a_phi | B5: 15 | C5: =3.75 -> 3.75 | D5: =2*C1*(1+SIN(C3))/C2 -> 14.999866
A6: Высота КЭМ | B6: 30 | C6: =3.75*2 -> 7.5
A7: Основание треугольника | B7: 17.32 | C7: 4.33 | D7: =2*TAN(C3)*C4 -> 4.3299726
A8: Сторона треугольника | B8: 17.32 | C8: =C7 -> 4.33 | D8: =C4/COS(C3) -> 4.3300884
A9: Длина ячейки Х | B9: =B4 -> 15 | C9: =D4 -> 15.000267
A10: Ширина ячейки Y | B10: =B7 -> 17.32 | C10: =D7 -> 4.3299726
A11: Количество ячеек по Х | B11: 1 | C11: 2 | D11: 4 | E11: 6 | F11: 8 | G11: 10 | H11: 14 | L11: 2
A12: Длина модели по Х | B12: =$B$9*B11 -> 15 | C12: =$B$9*C11 -> 30 | D12: =$B$9*D11 -> 60 | E12: =$B$9*E11 -> 90 | F12: =$B$9*F11 -> 120 | G12: =$B$9*G11 -> 150 | H12: =$B$9*H11 -> 210 | K12: =$B$9*K11 -> 0 | L12: =$B$9*L11 -> 30 | M12: =$B$9*M11 -> 0 | N12: =$B$9*N11 -> 0 | O12: =$B$9*O11 -> 0 | P12: =$B$9*P11 -> 0
A13: Количество ячеек по Y | B13: 2 | C13: 2 | D13: 2 | E13: 2 | F13: 2 | G13: 2 | H13: 2 | K13: 2 | L13: 8 | M13: 2 | N13: 2 | O13: 2 | P13: 2
A14: Длина модели по Y мм | B14: =$B$10*B13 -> 34.64 | C14: =$B$10*C13 -> 34.64 | D14: =$B$10*D13 -> 34.64 | E14: =$B$10*E13 -> 34.64 | F14: =$B$10*F13 -> 34.64 | G14: =$B$10*G13 -> 34.64 | H14: =$B$10*H13 -> 34.64 | K14: =$B$10*K13 -> 34.64 | L14: =$B$10*L13 -> 138.56 | M14: =$B$10*M13 -> 34.64 | N14: =$B$10*N13 -> 34.64 | O14: =$B$10*O13 -> 34.64 | P14: =$B$10*P13 -> 34.64
A15: Площадь в направлении X м^2 | B15: =B14/1000*$B$6/1000 -> 0.0010392 | C15: =C14/1000*$B$6/1000 -> 0.0010392 | D15: =D14/1000*$B$6/1000 -> 0.0010392 | E15: =E14/1000*$B$6/1000 -> 0.0010392 | F15: =F14/1000*$B$6/1000 -> 0.0010392 | G15: =G14/1000*$B$6/1000 -> 0.0010392 | H15: =H14/1000*$B$6/1000 -> 0.0010392 | K15: =K14/1000*$B$6/1000 -> 0.0010392 | L15: =L14/1000*$B$6/1000 -> 0.0041568 | M15: =M14/1000*$B$6/1000 -> 0.0010392 | N15: =N14/1000*$B$6/1000 -> 0.0010392 | O15: =O14/1000*$B$6/1000 -> 0.0010392 | P15: =P14/1000*$B$6/1000 -> 0.0010392
A16: Перемещения по Х мм | B16: 0 | C16: 0.005262 | D16: 0.01069 | E16: 0.0161 | F16: 0.0216 | G16: 0.027 | H16: 0.038 | L16: 0.001624
A17: Ex | C17: =($E$1*(C12/1000)/(C15*C16/1000))/(10^6) -> 5486.1954 | D17: =($E$1*(D12/1000)/(D15*D16/1000))/(10^6) -> 5401.0029 | E17: =($E$1*(E12/1000)/(E15*E16/1000))/(10^6) -> 5379.1976 | F17: =($E$1*(F12/1000)/(F15*F16/1000))/(10^6) -> 5345.9926 | G17: =($E$1*(G12/1000)/(G15*G16/1000))/(10^6) -> 5345.9926 | H17: =($E$1*(H12/1000)/(H15*H16/1000))/(10^6) -> 5317.8558 | K17: =($E$1*(K12/1000)/(K15*K16/1000))/(10^6) -> #DIV/0! | L17: =($E$1*(L12/1000)/(L15*L16/1000))/(10^6) -> 4444.021 | M17: =($E$1*(M12/1000)/(M15*M16/1000))/(10^6) -> #DIV/0! | N17: =($E$1*(N12/1000)/(N15*N16/1000))/(10^6) -> #DIV/0! | O17: =($E$1*(O12/1000)/(O15*O16/1000))/(10^6) -> #DIV/0! | P17: =($E$1*(P12/1000)/(P15*P16/1000))/(10^6) -> #DIV/0!
A18: Ех аналитическое | B18: =5275.7 -> 5275.7
A19: Погрешность % | C19: =ABS($B$18-C17)/C17*100 -> 3.8368195 | D19: =ABS($B$18-D17)/D17*100 -> 2.3199924 | E19: =ABS($B$18-E17)/E17*100 -> 1.9240336 | F19: =ABS($B$18-F17)/F17*100 -> 1.3148661 | G19: =ABS($B$18-G17)/G17*100 -> 1.3148661 | H19: =ABS($B$18-H17)/H17*100 -> 0.79272251 | K19: =ABS($B$18-K17)/$B$18*100 -> #DIV/0! | L19: =ABS($B$18-L17)/$B$18*100 -> 15.764335 | M19: =ABS($B$18-M17)/$B$18*100 -> #DIV/0! | N19: =ABS($B$18-N17)/$B$18*100 -> #DIV/0! | O19: =ABS($B$18-O17)/$B$18*100 -> #DIV/0! | P19: =ABS($B$18-P17)/$B$18*100 -> #DIV/0!
A20: Перемещения по Y мм | C20: 0.001396 | D20: 0.001676 | E20: 0.001796 | F20: 0.001863 | G20: 0.001905 | H20: 0.001956
A21: Деформация Х | C21: =C16/C12 -> 0.0001754 | D21: =D16/D12 -> 0.00017816667 | E21: =E16/E12 -> 0.00017888889 | F21: =F16/F12 -> 0.00018 | G21: =G16/G12 -> 0.00018 | H21: =H16/H12 -> 0.00018095238 | K21: =K16/K12 -> #DIV/0! | L21: =L16/L12 -> 5.4133333e-05 | M21: =M16/M12 -> #DIV/0! | N21: =N16/N12 -> #DIV/0! | O21: =O16/O12 -> #DIV/0! | P21: =P16/P12 -> #DIV/0!
A22: Деформация Y | C22: =C20/C14 -> 4.0300231e-05 | D22: =D20/D14 -> 4.8383372e-05 | E22: =E20/E14 -> 5.1847575e-05 | F22: =F20/F14 -> 5.3781755e-05 | G22: =G20/G14 -> 5.4994226e-05 | H22: =H20/H14 -> 5.6466513e-05 | K22: =K20/K14 -> 0 | L22: =L20/L14 -> 0 | M22: =M20/M14 -> 0 | N22: =N20/N14 -> 0 | O22: =O20/O14 -> 0 | P22: =P20/P14 -> 0
A23: Пуассон YX | C23: =C22/C21 -> 0.22976186 | D23: =D22/D21 -> 0.27156242 | E23: =E22/E21 -> 0.28983116 | F23: =F22/F21 -> 0.29878753 | G23: =G22/G21 -> 0.30552348 | H23: =H22/H21 -> 0.31205178 | K23: =K22/K21 -> #DIV/0! | L23: =L22/L21 -> 0 | M23: =M22/M21 -> #DIV/0! | N23: =N22/N21 -> #DIV/0! | O23: =O22/O21 -> #DIV/0! | P23: =P22/P21 -> #DIV/0!
A24: Пуассон YX аналитический | B24: 0.3322
A25: Погрешность yx % | B25: =B24 -> 0.3322 | C25: =(ABS(C23-$B$25)/C23)*100 -> 44.584482 | D25: =(ABS(D23-$B$25)/D23)*100 -> 22.329148 | E25: =(ABS(E23-$B$25)/E23)*100 -> 14.618454 | F25: =(ABS(F23-$B$25)/F23)*100 -> 11.182686 | G25: =(ABS(G23-$B$25)/G23)*100 -> 8.7314142 | H25: =(ABS(H23-$B$25)/H23)*100 -> 6.456691 | K25: =(ABS(K23-$B$25)/$B$25)*100 -> #DIV/0! | L25: =(ABS(L23-$B$25)/$B$25)*100 -> 100 | M25: =(ABS(M23-$B$25)/$B$25)*100 -> #DIV/0! | N25: =(ABS(N23-$B$25)/$B$25)*100 -> #DIV/0! | O25: =(ABS(O23-$B$25)/$B$25)*100 -> #DIV/0! | P25: =(ABS(P23-$B$25)/$B$25)*100 -> #DIV/0!
A27: Перемещения по Z | C27: =8.806*10^(-4) -> 0.0008806 | D27: =9.483*10^(-4) -> 0.0009483 | E27: =9.733*10^(-4) -> 0.0009733 | F27: =9.862*10^(-4) -> 0.0009862 | G27: =9.942*10^(-4) -> 0.0009942 | H27: =1.003*10^(-3) -> 0.001003
A28: Деформация по Z | C28: =C27/$B$6 -> 2.9353333e-05 | D28: =D27/$B$6 -> 3.161e-05 | E28: =E27/$B$6 -> 3.2443333e-05 | F28: =F27/$B$6 -> 3.2873333e-05 | G28: =G27/$B$6 -> 3.314e-05 | H28: =H27/$B$6 -> 3.3433333e-05
A29: Пуассон ZX | C29: =C28/C21 -> 0.16735082 | D29: =D28/D21 -> 0.17741815 | E29: =E28/E21 -> 0.18136025 | F29: =F28/F21 -> 0.18262963 | G29: =G28/G21 -> 0.18411111 | H29: =H28/H21 -> 0.18476316
A30: Пуассон ZX аналитический | B30: 0.188
A31: Погрешность ZX % | B31: =B30 -> 0.188 | C31: =ABS($B$31-C29)/C29*100 -> 12.33886 | D31: =ABS($B$31-D29)/D29*100 -> 5.9643573 | E31: =ABS($B$31-E29)/E29*100 -> 3.6610843 | F31: =ABS($B$31-F29)/F29*100 -> 2.94058 | G31: =ABS($B$31-G29)/G29*100 -> 2.1122511 | H31: =ABS($B$31-H29)/H29*100 -> 1.7518872
A33: Растяжение по Y | B33: При увеличении ячеек по Y
A34: Количество ячеек по Y | C34: 2 | D34: 4 | E34: 6 | F34: 8 | G34: 10 | H34: 14
A35: Длина модели по Y | C35: =$B$8*C34 -> 34.64 | D35: =$B$8*D34 -> 69.28 | E35: =$B$8*E34 -> 103.92 | F35: =$B$8*F34 -> 138.56 | G35: =$B$8*G34 -> 173.2 | H35: =$B$8*H34 -> 242.48
A36: Количество ячеек по Х | C36: 2 | D36: 2 | E36: 2 | F36: 2 | G36: 2 | H36: 2
A37: Длина модели по Х | C37: =$B$9*C36 -> 30 | D37: =$B$9*D36 -> 30 | E37: =$B$9*E36 -> 30 | F37: =$B$9*F36 -> 30 | G37: =$B$9*G36 -> 30 | H37: =$B$9*H36 -> 30
A38: Площадь в направлении Y м^2 | C38: =C37*$B$6/1000000 -> 0.0009 | D38: =D37*$B$6/1000000 -> 0.0009 | E38: =E37*$B$6/1000000 -> 0.0009 | F38: =F37*$B$6/1000000 -> 0.0009 | G38: =G37*$B$6/1000000 -> 0.0009 | H38: =H37*$B$6/1000000 -> 0.0009
A39: Перемезщения по Y | C39: 0.005998 | D39: 0.0121 | E39: 0.018 | F39: 0.024 | G39: 0.03 | H39: 0.042
A40: Ey | C40: =($E$1*(C35/1000)/(C38*C39/1000))/(10^6) -> 6416.9538 | D40: =($E$1*(D35/1000)/(D38*D39/1000))/(10^6) -> 6361.7998 | E40: =($E$1*(E35/1000)/(E38*E39/1000))/(10^6) -> 6414.8148 | F40: =($E$1*(F35/1000)/(F38*F39/1000))/(10^6) -> 6414.8148 | G40: =($E$1*(G35/1000)/(G38*G39/1000))/(10^6) -> 6414.8148 | H40: =($E$1*(H35/1000)/(H38*H39/1000))/(10^6) -> 6414.8148
A41: Ey аналитическое | B41: =4269.832769697 -> 4269.8328
A42: Погрешность | C42: =ABS($B$41-C40)/$B$41*100 -> 50.285834 | D42: =ABS($B$41-D40)/$B$41*100 -> 48.994121 | E42: =ABS($B$41-E40)/$B$41*100 -> 50.235739 | F42: =ABS($B$41-F40)/$B$41*100 -> 50.235739 | G42: =ABS($B$41-G40)/$B$41*100 -> 50.235739 | H42: =ABS($B$41-H40)/$B$41*100 -> 50.235739
A45: Растяжение по Y | B45: При увеличении ячеек по X | J45: no rbe | K45: rbe
A46: Количество ячеек по Y | C46: 2 | D46: 2 | E46: 2 | F46: 2 | G46: 2 | H46: 2 | I46: 8 | J46: 13 | K46: 13
A47: Длина модели по Y | C47: =$B$8*C46 -> 34.64 | D47: =$B$8*D46 -> 34.64 | E47: =$B$8*E46 -> 34.64 | F47: =$B$8*F46 -> 34.64 | G47: =$B$8*G46 -> 34.64 | H47: =$B$8*H46 -> 34.64 | I47: =$B$8*I46 -> 138.56 | J47: =$B$8*J46 -> 225.16 | K47: =$B$8*K46 -> 225.16
A48: Количество ячеек по Х | C48: 2 | D48: 4 | E48: 6 | F48: 8 | G48: 10 | H48: 14 | I48: 8 | J48: 12 | K48: 12
A49: Длина модели по Х | C49: =$B$9*C48 -> 30 | D49: =$B$9*D48 -> 60 | E49: =$B$9*E48 -> 90 | F49: =$B$9*F48 -> 120 | G49: =$B$9*G48 -> 150 | H49: =$B$9*H48 -> 210 | I49: =$B$9*I48 -> 120 | J49: =$B$9*J48 -> 180 | K49: =$B$9*K48 -> 180
A50: Площадь в направлении Y м^2 | C50: =C49*$B$6/1000000 -> 0.0009 | D50: =D49*$B$6/1000000 -> 0.0018 | E50: =E49*$B$6/1000000 -> 0.0027 | F50: =F49*$B$6/1000000 -> 0.0036 | G50: =G49*$B$6/1000000 -> 0.0045 | H50: =H49*$B$6/1000000 -> 0.0063 | I50: =I49*$B$6/1000000 -> 0.0036 | J50: =J49*7/1000000 -> 0.00126 | K50: =K49*7/1000000 -> 0.00126
A51: Перемезщения по Y | C51: 0.0048586 | D51: 0.002915 | E51: 0.002082 | F51: 0.001619 | G51: 0.001325 | H51: =9.715*10^(-4) -> 0.0009715 | I51: 0.007995 | J51: 0.0387 | K51: 0.0385
A52: Ey | C52: =($E$1*(C47/1000)/(C50*C51/1000))/(10^6) -> 7921.8065 | D52: =($E$1*(D47/1000)/(D50*D51/1000))/(10^6) -> 6601.8677 | E52: =($E$1*(E47/1000)/(E50*E51/1000))/(10^6) -> 6162.166 | F52: =($E$1*(F47/1000)/(F50*F51/1000))/(10^6) -> 5943.3121 | G52: =($E$1*(G47/1000)/(G50*G51/1000))/(10^6) -> 5809.6436 | H52: =($E$1*(H47/1000)/(H50*H51/1000))/(10^6) -> 5659.7146 | I52: =($E$1*(I47/1000)/(I50*I51/1000))/(10^6) -> 4814.1199 | J52: =($E$1*(J47/1000)/(J50*J51/1000))/(10^6) -> 4617.53 | K52: =($E$1*(K47/1000)/(K50*K51/1000))/(10^6) -> 4641.5172
A53: Ey аналитическое | B53: =5275.7 -> 5275.7
A54: Погрешность | C54: =ABS($B$41-C52)/C52*100 -> 46.100264 | D54: =ABS($B$41-D52)/D52*100 -> 35.323867 | E54: =ABS($B$41-E52)/E52*100 -> 30.708897 | F54: =ABS($B$41-F52)/F52*100 -> 28.157352 | G54: =ABS($B$41-G52)/G52*100 -> 26.504394 | H54: =ABS($B$41-H52)/H52*100 -> 24.557454 | I54: =ABS($B$41-I52)/$B$41*100 -> 12.747271 | J54: =ABS($B$41-J52)/$B$41*100 -> 8.1431122 | K54: =ABS($B$41-K52)/$B$41*100 -> 8.7048946
A56: Перемещения по Х мм | C56: =1.396*10^(-3) -> 0.001396 | D56: =1.676*10^(-3) -> 0.001676 | E56: =1.796*10^(-3) -> 0.001796 | F56: =1.863*10^(-3) -> 0.001863 | G56: =1.905*10^(-3) -> 0.001905 | H56: =2.408*10^(-3) -> 0.002408
A57: Деформация Y | C57: =C51/C47 -> 0.00014025982 | D57: =D51/D47 -> 8.415127e-05 | E57: =E51/E47 -> 6.0103926e-05 | F57: =F51/F47 -> 4.6737875e-05 | G57: =G51/G47 -> 3.8250577e-05 | H57: =H51/H47 -> 2.8045612e-05
A58: Деформация X | C58: =C56/C49 -> 4.6533333e-05 | D58: =D56/D49 -> 2.7933333e-05 | E58: =E56/E49 -> 1.9955556e-05 | F58: =F56/F49 -> 1.5525e-05 | G58: =G56/G49 -> 1.27e-05 | H58: =H56/H49 -> 1.1466667e-05
A59: Пуассон XY | C59: =C58/C57 -> 0.33176525 | D59: =D58/D57 -> 0.33194191 | E59: =E58/E57 -> 0.3320175 | F59: =F58/F57 -> 0.33217171 | G59: =G58/G57 -> 0.33202113 | H59: =H58/H57 -> 0.40885778 | J59: =C52/B53 -> 1.501565
A60: Пуассон XY аналитический | B60: 0.3322
A61: Погрешность XY % | B61: =B60 -> 0.3322 | C61: =(ABS(C59-$B$61)/C59)*100 -> 0.13104002 | D61: =(ABS(D59-$B$61)/D59)*100 -> 0.077751658 | E61: =(ABS(E59-$B$61)/E59)*100 -> 0.054965615 | F61: =(ABS(F59-$B$61)/F59)*100 -> 0.0085163987 | G61: =(ABS(G59-$B$61)/G59)*100 -> 0.053872452 | H61: =(ABS(H59-$B$61)/H59)*100 -> 18.749253
L62: 0.0048586
A63: Перемещения по Z | C63: =1.017*10^(-3) -> 0.001017 | D63: =5.475*10^(-4) -> 0.0005475 | E63: =3.746*10^(-4) -> 0.0003746 | F63: =2.847*10^(-4) -> 0.0002847 | G63: =2.296*10^(-4) -> 0.0002296 | H63: =4.36*10^(-5) -> 4.36e-05
A64: Деформация по Z | C64: =C63/$B$6 -> 3.39e-05 | D64: =D63/$B$6 -> 1.825e-05 | E64: =E63/$B$6 -> 1.2486667e-05 | F64: =F63/$B$6 -> 9.49e-06 | G64: =G63/$B$6 -> 7.6533333e-06 | H64: =H63/$B$6 -> 1.4533333e-06
A65: Пуассон ZY | C65: =C64/C57 -> 0.24169432 | D65: =D64/D57 -> 0.21687136 | E65: =E64/E57 -> 0.20775126 | F65: =F64/F57 -> 0.20304731 | G65: =G64/G57 -> 0.20008413 | H65: =H64/H57 -> 0.051820347
A66: Пуассон ZY аналитический | B66: 0.188
A67: Погрешность ZY % | B67: =B66 -> 0.188 | C67: =ABS($B$67-C65)/C65*100 -> 22.215796 | D67: =ABS($B$67-D65)/D65*100 -> 13.312664 | E67: =ABS($B$67-E65)/E65*100 -> 9.5071695 | F67: =ABS($B$67-F65)/F65*100 -> 7.4107423 | G67: =ABS($B$67-G65)/G65*100 -> 6.0395225 | H67: =ABS($B$67-H65)/H65*100 -> 262.79186
A71: Растяжение по Z | B71: При увеличении ячеек по X
A72: Количество ячеек по Y | C72: 2 | D72: 2 | E72: 2 | F72: 2 | G72: 2 | H72: 2
A73: Длина модели по Y | C73: =$B$8*C72 -> 34.64 | D73: =$B$8*D72 -> 34.64 | E73: =$B$8*E72 -> 34.64 | F73: =$B$8*F72 -> 34.64 | G73: =$B$8*G72 -> 34.64 | H73: =$B$8*H72 -> 34.64
A74: Количество ячеек по Х | C74: 2 | D74: 4 | E74: 6 | F74: 8 | G74: 10 | H74: 12
A75: Длина модели по Х | C75: =$B$9*C74 -> 30 | D75: =$B$9*D74 -> 60 | E75: =$B$9*E74 -> 90 | F75: =$B$9*F74 -> 120 | G75: =$B$9*G74 -> 150 | H75: =$B$9*H74 -> 180
A76: Площадь в направлении Z м^2 | C76: =C73*C75/1000000 -> 0.0010392 | D76: =D73*D75/1000000 -> 0.0020784 | E76: =E73*E75/1000000 -> 0.0031176 | F76: =F73*F75/1000000 -> 0.0041568 | G76: =G73*G75/1000000 -> 0.005196 | H76: =H73*H75/1000000 -> 0.0062352
A77: Перемезщения по Z | C77: =6.186*10^(-3) -> 0.006186 | D77: =3.331*10^(-3) -> 0.003331 | E77: 0.002279 | F77: =1.732*10^(-3) -> 0.001732 | G77: 0.00139683 | H77: =1.1703*10^(-3) -> 0.0011703
A78: Ez | C78: =($E$1*($B$6/1000)/(C76*C77/1000))/(10^6) -> 4666.7249 | D78: =($E$1*($B$6/1000)/(D76*D77/1000))/(10^6) -> 4333.2873 | E78: =($E$1*($B$6/1000)/(E76*E77/1000))/(10^6) -> 4222.3724 | F78: =($E$1*($B$6/1000)/(F76*F77/1000))/(10^6) -> 4166.9111 | G78: =($E$1*($B$6/1000)/(G76*G77/1000))/(10^6) -> 4133.4107 | H78: =($E$1*($B$6/1000)/(H76*H77/1000))/(10^6) -> 4111.2479
A79: Ez аналитическое | B79: 4000
A80: Погрешность | C80: =ABS($B$79-C78)/C78*100 -> 14.286784 | D80: =ABS($B$79-D78)/D78*100 -> 7.691328 | E80: =ABS($B$79-E78)/E78*100 -> 5.266528 | F80: =ABS($B$41-F78)/$B$41*100 -> 2.4104374 | G80: =ABS($B$41-G78)/$B$41*100 -> 3.1950216 | H80: =ABS($B$41-H78)/$B$41*100 -> 3.7140776
A82: Перемещения по Х мм | C82: =2.32*10^(-4) -> 0.000232 | D82: =2.498*10^(-4) -> 0.0002498 | E82: 0.0002564
A83: Деформация Z | C83: =C77/$B$6 -> 0.0002062 | D83: =D77/$B$6 -> 0.00011103333 | E83: =E77/$B$6 -> 7.5966667e-05 | F83: =F77/$B$6 -> 5.7733333e-05 | G83: =G77/$B$6 -> 4.6561e-05 | H83: =H77/$B$6 -> 3.901e-05
A84: Деформация X | C84: =C82/C75 -> 7.7333333e-06 | D84: =D82/D75 -> 4.1633333e-06 | E84: =E82/E75 -> 2.8488889e-06 | F84: =F82/F75 -> 0 | G84: =G82/G75 -> 0 | H84: =H82/H75 -> 0
A85: Пуассон XZ | C85: =C84/C83 -> 0.037504041 | D85: =D84/D83 -> 0.037496247 | E85: =E84/E83 -> 0.037501828 | F85: =F84/F83 -> 0 | G85: =G84/G83 -> 0 | H85: =H84/H83 -> 0
A86: Пуассон XZ аналитический | B86: 0.0375
A87: Погрешность XZ % | B87: =B86 -> 0.0375 | C87: =(ABS(C85-$B$87)/C85)*100 -> 0.010775862 | D87: =(ABS(D85-$B$87)/D85)*100 -> 0.010008006 | E87: =(ABS(E85-$B$87)/E85)*100 -> 0.004875195 | F87: =(ABS(F85-$B$87)/$B$87)*100 -> 100 | G87: =(ABS(G85-$B$87)/$B$87)*100 -> 100 | H87: =(ABS(H85-$B$87)/$B$87)*100 -> 100
A89: Перемещения по Y | C89: =2.679*10^(-4) -> 0.0002679 | D89: =1.442*10^(-4) -> 0.0001442 | E89: 9.868e-05
A90: Деформация по Y | C90: =C89/C73 -> 7.7338337e-06 | D90: =D89/D73 -> 4.1628176e-06 | E90: =E89/E73 -> 2.8487298e-06 | F90: =F89/F73 -> 0 | G90: =G89/G73 -> 0 | H90: =H89/H73 -> 0
A91: Пуассон YZ | C91: =C90/C83 -> 0.037506468 | D91: =D90/D83 -> 0.037491602 | E91: =E90/E83 -> 0.037499734 | F91: =F90/F83 -> 0 | G91: =G90/G83 -> 0 | H91: =H90/H83 -> 0
A92: ПуассонYZ аналитический | B92: 0.0375
A93: Погрешность YZ % | B93: =B92 -> 0.0375 | C93: =ABS($B$93-C91)/C91*100 -> 0.017245241 | D93: =ABS($B$93-D91)/D91*100 -> 0.022399445 | E93: =ABS($B$93-E91)/E91*100 -> 0.0007093636 | F93: =ABS($B$93-F91)/$B$93*100 -> 100 | G93: =ABS($B$93-G91)/$B$93*100 -> 100 | H93: =ABS($B$93-H91)/$B$93*100 -> 100
A100: Gxy
A101: tau | B101: =10*10^6 -> 10000000
A102: Количество ячеек по Х | C102: 2 | D102: 4 | E102: 6 | F102: 8 | G102: 10
A103: Длина модели по Х | C103: =$B$9*C102 -> 30 | D103: =$B$9*D102 -> 60 | E103: =$B$9*E102 -> 90 | F103: =$B$9*F102 -> 120 | G103: =$B$9*G102 -> 150
A104: Площадь боковой грани м | C104: =C103*$B$6/1000000 -> 0.0009 | D104: =D103*$B$6/1000000 -> 0.0018 | E104: =E103*$B$6/1000000 -> 0.0027 | F104: =F103*$B$6/1000000 -> 0.0036 | G104: =G103*$B$6/1000000 -> 0.0045
A105: Количество ячеек по Y | C105: 2 | D105: 2 | E105: 2 | F105: 2 | G105: 2
A106: Длина модели по Y | C106: =$B$8*C105 -> 34.64 | D106: =$B$8*D105 -> 34.64 | E106: =$B$8*E105 -> 34.64 | F106: =$B$8*F105 -> 34.64 | G106: =$B$8*G105 -> 34.64
A107: Площадь верхней грани | C107: =$B$6*C106/1000000 -> 0.0010392 | D107: =$B$6*D106/1000000 -> 0.0010392 | E107: =$B$6*E106/1000000 -> 0.0010392 | F107: =$B$6*F106/1000000 -> 0.0010392 | G107: =$B$6*G106/1000000 -> 0.0010392
A108: Сила на боковой грани | C108: =$B$101*C104 -> 9000 | D108: =$B$101*D104 -> 18000 | E108: =$B$101*E104 -> 27000 | F108: =$B$101*F104 -> 36000 | G108: =$B$101*G104 -> 45000
A109: Сила на верхней грани | C109: =$B$101*C107 -> 10392 | D109: =$B$101*D107 -> 10392 | E109: =$B$101*E107 -> 10392 | F109: =$B$101*F107 -> 10392 | G109: =$B$101*G107 -> 10392
A110: Катет 1 | C110: =C106 -> 34.64 | D110: =D106 -> 34.64 | E110: =E106 -> 34.64 | F110: =F106 -> 34.64 | G110: =G106 -> 34.64
A111: Катет 2 | C111: =0.18737865 -> 0.18737865 | D111: 0.374749 | E111: 0.562 | F111: 0.749
A112: Тангенс=углу | C112: =C111/C103 -> 0.006245955 | D112: =D111/D103 -> 0.0062458167 | E112: =E111/E103 -> 0.0062444444 | F112: =F111/F103 -> 0.0062416667 | G112: =G111/G103 -> 0
A113: Gxy | C113: =($B$101/C112)/10^6 -> 1601.0362 | D113: =($B$101/D112)/10^6 -> 1601.0717 | E113: =($B$101/E112)/10^6 -> 1601.4235 | F113: =($B$101/F112)/10^6 -> 1602.1362 | G113: =($B$101/G112)/10^6 -> #DIV/0!
A114: Gxy расчетное | B114: 1607.2
A115: % | C115: =ABS($B$114-C113)/$B$114*100 -> 0.38351228 | D115: =ABS($B$114-D113)/$B$114*100 -> 0.38130596 | E115: =ABS($B$114-E113)/$B$114*100 -> 0.35941466 | F115: =ABS($B$114-F113)/$B$114*100 -> 0.31507083 | G115: =ABS($B$114-G113)/$B$114*100 -> #DIV/0!
A119: Gxz
...

Sheet anisogrid
A1: t= | B1: 1 | C1: 1 | D1: Сила | E1: 10000 | F1: t_факт | G1: 2
A2: v= | B2: 0.2 | C2: 0.2 | F2: v_факт | G2: =(G1/B4)+(2*G1/B5) -> 0.39994931
A3: phi= | B3: 15 | C3: =D3*3.1415/180 -> 0.26179167 | D3: 15
A4: a90= | B4: =C4 -> 24.32 | C4: 24.32 | D4: =C1*(1+SIN(C3))/(C2*SIN(C3)) -> 24.319073
A5: a_phi | B5: =C5 -> 12.59 | C5: 12.59 | D5: =2*C1*(1+SIN(C3))/C2 -> 12.588116
A6: Высота КЭМ | B6: =C4 -> 24.32 | C6: =3.75*2 -> 7.5
A7: Основание треугольника | B7: =C7 -> 13.03 | C7: 13.03 | D7: =2*TAN(C3)*C4 -> 13.032646
A8: Сторона треугольника | B8: =C8 -> 25.17 | C8: 25.17 | D8: =C4/COS(C3) -> 25.177865
A9: Длина ячейки Х | B9: =B4 -> 24.32 | C9: =D4 -> 24.319073
A10: Ширина ячейки Y | B10: =B7 -> 13.03 | C10: =D7 -> 13.032646
A11: Количество ячеек по Х | B11: 1 | C11: 2 | D11: 4 | E11: 6 | F11: 8 | G11: 10 | H11: 12 | L11: 2
A12: Длина модели по Х | B12: =$B$9*B11 -> 24.32 | C12: =$B$9*C11 -> 48.64 | D12: =$B$9*D11 -> 97.28 | E12: =$B$9*E11 -> 145.92 | F12: =$B$9*F11 -> 194.56 | G12: =$B$9*G11 -> 243.2 | H12: =$B$9*H11 -> 291.84 | K12: =$B$9*K11 -> 0 | L12: =$B$9*L11 -> 48.64 | M12: =$B$9*M11 -> 0 | N12: =$B$9*N11 -> 0 | O12: =$B$9*O11 -> 0 | P12: =$B$9*P11 -> 0
A13: Количество ячеек по Y | B13: 2 | C13: 2 | D13: 2 | E13: 2 | F13: 2 | G13: 2 | H13: 2 | K13: 2 | L13: 8 | M13: 2 | N13: 2 | O13: 2 | P13: 2
A14: Длина модели по Y мм | B14: =$B$10*B13 -> 26.06 | C14: =$B$10*C13 -> 26.06 | D14: =$B$10*D13 -> 26.06 | E14: =$B$10*E13 -> 26.06 | F14: =$B$10*F13 -> 26.06 | G14: =$B$10*G13 -> 26.06 | H14: =$B$10*H13 -> 26.06 | K14: =$B$10*K13 -> 26.06 | L14: =$B$10*L13 -> 104.24 | M14: =$B$10*M13 -> 26.06 | N14: =$B$10*N13 -> 26.06 | O14: =$B$10*O13 -> 26.06 | P14: =$B$10*P13 -> 26.06
A15: Площадь в направлении X м^2 | B15: =B14/1000*$B$6/1000 -> 0.0006337792 | C15: =C14/1000*$B$6/1000 -> 0.0006337792 | D15: =D14/1000*$B$6/1000 -> 0.0006337792 | E15: =E14/1000*$B$6/1000 -> 0.0006337792 | F15: =F14/1000*$B$6/1000 -> 0.0006337792 | G15: =G14/1000*$B$6/1000 -> 0.0006337792 | H15: =H14/1000*$B$6/1000 -> 0.0006337792 | K15: =K14/1000*$B$6/1000 -> 0.0006337792 | L15: =L14/1000*$B$6/1000 -> 0.0025351168 | M15: =M14/1000*$B$6/1000 -> 0.0006337792 | N15: =N14/1000*$B$6/1000 -> 0.0006337792 | O15: =O14/1000*$B$6/1000 -> 0.0006337792 | P15: =P14/1000*$B$6/1000 -> 0.0006337792
A16: Перемещения по Х мм | B16: 0 | C16: 0.071291 | D16: 0.142582 | E16: 0.213874 | F16: 0.285166 | G16: 0.356458 | H16: 0.427749 | L16: 0.001624
A17: Ex | C17: =($E$1*(C12/1000)/(C15*C16/1000))/(10^6) -> 10765.17 | D17: =($E$1*(D12/1000)/(D15*D16/1000))/(10^6) -> 10765.17 | E17: =($E$1*(E12/1000)/(E15*E16/1000))/(10^6) -> 10765.119 | F17: =($E$1*(F12/1000)/(F15*F16/1000))/(10^6) -> 10765.094 | G17: =($E$1*(G12/1000)/(G15*G16/1000))/(10^6) -> 10765.079 | H17: =($E$1*(H12/1000)/(H15*H16/1000))/(10^6) -> 10765.094 | K17: =($E$1*(K12/1000)/(K15*K16/1000))/(10^6) -> #DIV/0! | L17: =($E$1*(L12/1000)/(L15*L16/1000))/(10^6) -> 118143.43 | M17: =($E$1*(M12/1000)/(M15*M16/1000))/(10^6) -> #DIV/0! | N17: =($E$1*(N12/1000)/(N15*N16/1000))/(10^6) -> #DIV/0! | O17: =($E$1*(O12/1000)/(O15*O16/1000))/(10^6) -> #DIV/0! | P17: =($E$1*(P12/1000)/(P15*P16/1000))/(10^6) -> #DIV/0!
A18: Ех аналитическое | B18: 10751
A19: Погрешность % | C19: =ABS($B$18-C17)/C17*100 -> 0.13162481 | D19: =ABS($B$18-D17)/D17*100 -> 0.13162481 | E19: =ABS($B$18-E17)/E17*100 -> 0.13115786 | F19: =ABS($B$18-F17)/F17*100 -> 0.13092438 | G19: =ABS($B$18-G17)/G17*100 -> 0.13078429 | H19: =ABS($B$18-H17)/H17*100 -> 0.13092438 | K19: =ABS($B$18-K17)/$B$18*100 -> #DIV/0! | L19: =ABS($B$18-L17)/$B$18*100 -> 998.90641 | M19: =ABS($B$18-M17)/$B$18*100 -> #DIV/0! | N19: =ABS($B$18-N17)/$B$18*100 -> #DIV/0! | O19: =ABS($B$18-O17)/$B$18*100 -> #DIV/0! | P19: =ABS($B$18-P17)/$B$18*100 -> #DIV/0!
A20: Перемещения по Y мм | C20: 0.008982 | D20: 0.008982 | E20: 0.008982 | F20: 0.008982 | G20: 0.008982 | H20: 0.008982
A21: Деформация Х | C21: =C16/C12 -> 0.0014656867 | D21: =D16/D12 -> 0.0014656867 | E21: =E16/E12 -> 0.0014656935 | F21: =F16/F12 -> 0.001465697 | G21: =G16/G12 -> 0.001465699 | H21: =H16/H12 -> 0.001465697 | K21: =K16/K12 -> #DIV/0! | L21: =L16/L12 -> 3.3388158e-05 | M21: =M16/M12 -> #DIV/0! | N21: =N16/N12 -> #DIV/0! | O21: =O16/O12 -> #DIV/0! | P21: =P16/P12 -> #DIV/0!
A22: Деформация Y | C22: =C20/C14 -> 0.00034466616 | D22: =D20/D14 -> 0.00034466616 | E22: =E20/E14 -> 0.00034466616 | F22: =F20/F14 -> 0.00034466616 | G22: =G20/G14 -> 0.00034466616 | H22: =H20/H14 -> 0.00034466616 | K22: =K20/K14 -> 0 | L22: =L20/L14 -> 0 | M22: =M20/M14 -> 0 | N22: =N20/N14 -> 0 | O22: =O20/O14 -> 0 | P22: =P20/P14 -> 0
A23: Пуассон YX | C23: =C22/C21 -> 0.23515678 | D23: =D22/D21 -> 0.23515678 | E23: =E22/E21 -> 0.23515568 | F23: =F22/F21 -> 0.23515513 | G23: =G22/G21 -> 0.2351548 | H23: =H22/H21 -> 0.23515513 | K23: =K22/K21 -> #DIV/0! | L23: =L22/L21 -> 0 | M23: =M22/M21 -> #DIV/0! | N23: =N22/N21 -> #DIV/0! | O23: =O22/O21 -> #DIV/0! | P23: =P22/P21 -> #DIV/0!
A24: Пуассон YX аналитический | B24: 0.2352
A25: Погрешность yx % | B25: =B24 -> 0.2352 | C25: =(ABS(C23-$B$25)/$B$25)*100 -> 0.018377177 | D25: =(ABS(D23-$B$25)/$B$25)*100 -> 0.018377177 | E25: =(ABS(E23-$B$25)/$B$25)*100 -> 0.018844656 | F25: =(ABS(F23-$B$25)/$B$25)*100 -> 0.019078394 | G25: =(ABS(G23-$B$25)/$B$25)*100 -> 0.019218636 | H25: =(ABS(H23-$B$25)/$B$25)*100 -> 0.019078394 | K25: =(ABS(K23-$B$25)/$B$25)*100 -> #DIV/0! | L25: =(ABS(L23-$B$25)/$B$25)*100 -> 100 | M25: =(ABS(M23-$B$25)/$B$25)*100 -> #DIV/0! | N25: =(ABS(N23-$B$25)/$B$25)*100 -> #DIV/0! | O25: =(ABS(O23-$B$25)/$B$25)*100 -> #DIV/0! | P25: =(ABS(P23-$B$25)/$B$25)*100 -> #DIV/0!
A27: Перемещения по Z | C27: =0.0137 -> 0.0137 | D27: =0.0137 -> 0.0137 | E27: =0.0137 -> 0.0137 | F27: =0.0137 -> 0.0137 | G27: =0.0137 -> 0.0137 | H27: =0.0137 -> 0.0137
A28: Деформация по Z | C28: =C27/$B$6 -> 0.00056332237 | D28: =D27/$B$6 -> 0.00056332237 | E28: =E27/$B$6 -> 0.00056332237 | F28: =F27/$B$6 -> 0.00056332237 | G28: =G27/$B$6 -> 0.00056332237 | H28: =H27/$B$6 -> 0.00056332237
A29: Пуассон ZX | C29: =C28/C21 -> 0.38434024 | D29: =D28/D21 -> 0.38434024 | E29: =E28/E21 -> 0.38433844 | F29: =F28/F21 -> 0.38433754 | G29: =G28/G21 -> 0.384337 | H29: =H28/H21 -> 0.38433754
A30: Пуассон ZX аналитический | B30: 0.383
A31: Погрешность ZX % | B31: =B30 -> 0.383 | C31: =ABS($B$31-C29)/$B$31*100 -> 0.34993193 | D31: =ABS($B$31-D29)/$B$31*100 -> 0.34993193 | E31: =ABS($B$31-E29)/$B$31*100 -> 0.34946273 | F31: =ABS($B$31-F29)/$B$31*100 -> 0.34922813 | G31: =ABS($B$31-G29)/$B$31*100 -> 0.34908737 | H31: =ABS($B$31-H29)/$B$31*100 -> 0.34922813
A33: Растяжение по Y | B33: При увеличении ячеек по Y
A34: Количество ячеек по Y
A35: Длина модели по Y
A36: Количество ячеек по Х
A37: Длина модели по Х
A38: Площадь в направлении Y м^2
A39: Перемезщения по Y
A40: Ey
A41: Ey аналитическое
A42: Погрешность
A45: Растяжение по Y | B45: При увеличении ячеек по X | J45: no rbe | K45: rbe
A46: Количество ячеек по Y | C46: 2 | D46: 2 | E46: 2 | F46: 2 | G46: 2 | H46: 2 | I46: 8 | J46: 13 | K46: 13
A47: Длина модели по Y | C47: =$B$10*C46 -> 26.06 | D47: =$B$10*D46 -> 26.06 | E47: =$B$10*E46 -> 26.06 | F47: =$B$10*F46 -> 26.06 | G47: =$B$10*G46 -> 26.06 | H47: =$B$10*H46 -> 26.06 | I47: =$B$8*I46 -> 201.36 | J47: =$B$8*J46 -> 327.21 | K47: =$B$8*K46 -> 327.21
A48: Количество ячеек по Х | C48: 2 | D48: 4 | E48: 6 | F48: 8 | G48: 10 | H48: 12 | I48: 8 | J48: 12 | K48: 12
A49: Длина модели по Х | C49: =$B$9*C48 -> 48.64 | D49: =$B$9*D48 -> 97.28 | E49: =$B$9*E48 -> 145.92 | F49: =$B$9*F48 -> 194.56 | G49: =$B$9*G48 -> 243.2 | H49: =$B$9*H48 -> 291.84 | I49: =$B$9*I48 -> 194.56 | J49: =$B$9*J48 -> 291.84 | K49: =$B$9*K48 -> 291.84
A50: Площадь в направлении Y м^2 | C50: =C49*$B$6/1000000 -> 0.0011829248 | D50: =D49*$B$6/1000000 -> 0.0023658496 | E50: =E49*$B$6/1000000 -> 0.0035487744 | F50: =F49*$B$6/1000000 -> 0.0047316992 | G50: =G49*$B$6/1000000 -> 0.005914624 | H50: =H49*$B$6/1000000 -> 0.0070975488 | I50: =I49*$B$6/1000000 -> 0.0047316992 | J50: =J49*7/1000000 -> 0.00204288 | K50: =K49*7/1000000 -> 0.00204288
A51: Перемезщения по Y | C51: 0.0676 | D51: 0.0338 | E51: 0.02253133 | F51: 0.0169 | G51: 0.0135188 | H51: 0.01127 | I51: 0.007995 | J51: 0.0387 | K51: 0.0385
A52: Ey | C52: =($E$1*(C47/1000)/(C50*C51/1000))/(10^6) -> 3258.8966 | D52: =($E$1*(D47/1000)/(D50*D51/1000))/(10^6) -> 3258.8966 | E52: =($E$1*(E47/1000)/(E50*E51/1000))/(10^6) -> 3259.1863 | F52: =($E$1*(F47/1000)/(F50*F51/1000))/(10^6) -> 3258.8966 | G52: =($E$1*(G47/1000)/(G50*G51/1000))/(10^6) -> 3259.1859 | H52: =($E$1*(H47/1000)/(H50*H51/1000))/(10^6) -> 3257.9327 | I52: =($E$1*(I47/1000)/(I50*I51/1000))/(10^6) -> 53227.688 | J52: =($E$1*(J47/1000)/(J50*J51/1000))/(10^6) -> 41387.839 | K52: =($E$1*(K47/1000)/(K50*K51/1000))/(10^6) -> 41602.84
A53: Ey аналитическое | B53: 3255.9
A54: Погрешность | C54: =ABS($B$53-C52)/C52*100 -> 0.091950772 | D54: =ABS($B$53-D52)/D52*100 -> 0.091950772 | E54: =ABS($B$53-E52)/E52*100 -> 0.10083313 | F54: =ABS($B$53-F52)/F52*100 -> 0.091950772 | G54: =ABS($B$53-G52)/G52*100 -> 0.10081835 | H54: =ABS($B$53-H52)/H52*100 -> 0.062392178 | I54: =ABS($B$41-I52)/$B$41*100 -> #DIV/0! | J54: =ABS($B$41-J52)/$B$41*100 -> #DIV/0! | K54: =ABS($B$41-K52)/$B$41*100 -> #DIV/0!
A56: Перемещения по Х мм | C56: =8.982*10^(-3) -> 0.008982 | D56: =8.982*10^(-3) -> 0.008982 | E56: =8.982*10^(-3) -> 0.008982 | F56: =8.982*10^(-3) -> 0.008982 | G56: =8.982*10^(-3) -> 0.008982 | H56: =8.982*10^(-3) -> 0.008982
A57: Деформация Y | C57: =C51/C47 -> 0.0025940138 | D57: =D51/D47 -> 0.0012970069 | E57: =E51/E47 -> 0.0008645944 | F57: =F51/F47 -> 0.00064850345 | G57: =G51/G47 -> 0.00051875672 | H57: =H51/H47 -> 0.00043246355
A58: Деформация X | C58: =C56/C49 -> 0.00018466283 | D58: =D56/D49 -> 9.2331414e-05 | E58: =E56/E49 -> 6.1554276e-05 | F58: =F56/F49 -> 4.6165707e-05 | G58: =G56/G49 -> 3.6932566e-05 | H58: =H56/H49 -> 3.0777138e-05
A59: Пуассон XY | C59: =C58/C57 -> 0.071188067 | D59: =D58/D57 -> 0.071188067 | E59: =E58/E57 -> 0.071194396 | F59: =F58/F57 -> 0.071188067 | G59: =G58/G57 -> 0.071194386 | H59: =H58/H57 -> 0.071167012
A60: Пуассон XY аналитический | B60: 0.0712
A61: Погрешность XY % | B61: =B60 -> 0.0712 | C61: =(ABS(C59-$B$61)/$B$61)*100 -> 0.016759973 | D61: =(ABS(D59-$B$61)/$B$61)*100 -> 0.016759973 | E61: =(ABS(E59-$B$61)/$B$61)*100 -> 0.0078701406 | F61: =(ABS(F59-$B$61)/$B$61)*100 -> 0.016759973 | G61: =(ABS(G59-$B$61)/$B$61)*100 -> 0.0078849336 | H61: =(ABS(H59-$B$61)/$B$61)*100 -> 0.046332065
A63: Перемещения по Z | C63: =7.316*10^(-3) -> 0.007316 | D63: =3.658*10^(-3) -> 0.003658 | E63: =2.4385564*10^(-3) -> 0.0024385564 | F63: =1.829*10^(-3) -> 0.001829 | G63: =1.463*10^(-3) -> 0.001463 | H63: =0.001219 -> 0.001219
A64: Деформация по Z | C64: =C63/$B$6 -> 0.00030082237 | D64: =D63/$B$6 -> 0.00015041118 | E64: =E63/$B$6 -> 0.00010026959 | F64: =F63/$B$6 -> 7.5205592e-05 | G64: =G63/$B$6 -> 6.015625e-05 | H64: =H63/$B$6 -> 5.0123355e-05
A65: Пуассон ZY | C65: =C64/C57 -> 0.11596791 | D65: =D64/D57 -> 0.11596791 | E65: =E64/E57 -> 0.11597298 | F65: =F64/F57 -> 0.11596791 | G65: =G64/G57 -> 0.11596235 | H65: =H64/H57 -> 0.11590192
A66: Пуассон ZY аналитический | B66: 0.116
A67: Погрешность ZY % | B67: =B66 -> 0.116 | C67: =ABS($B$67-C65)/C65*100 -> 0.027668832 | D67: =ABS($B$67-D65)/D65*100 -> 0.027668832 | E67: =ABS($B$67-E65)/E65*100 -> 0.023298489 | F67: =ABS($B$67-F65)/F65*100 -> 0.027668832 | G67: =ABS($B$67-G65)/G65*100 -> 0.032463745 | H67: =ABS($B$67-H65)/H65*100 -> 0.084623293
A71: Растяжение по Z | B71: При увеличении ячеек по X
A72: Количество ячеек по Y | C72: 2 | D72: 2 | E72: 2 | F72: 2 | G72: 2 | H72: 2
A73: Длина модели по Y | C73: =$B$7*C72 -> 26.06 | D73: =$B$7*D72 -> 26.06 | E73: =$B$7*E72 -> 26.06 | F73: =$B$7*F72 -> 26.06 | G73: =$B$7*G72 -> 26.06 | H73: =$B$7*H72 -> 26.06
A74: Количество ячеек по Х | C74: 2 | D74: 4 | E74: 6 | F74: 8 | G74: 10 | H74: 12
A75: Длина модели по Х | C75: =$B$9*C74 -> 48.64 | D75: =$B$9*D74 -> 97.28 | E75: =$B$9*E74 -> 145.92 | F75: =$B$9*F74 -> 194.56 | G75: =$B$9*G74 -> 243.2 | H75: =$B$9*H74 -> 291.84
A76: Площадь в направлении Z м^2 | C76: =C73*C75/1000000 -> 0.0012675584 | D76: =D73*D75/1000000 -> 0.0025351168 | E76: =E73*E75/1000000 -> 0.0038026752 | F76: =F73*F75/1000000 -> 0.0050702336 | G76: =G73*G75/1000000 -> 0.006337792 | H76: =H73*H75/1000000 -> 0.0076053504
A77: Перемезщения по Z | C77: =1.491 -> 1.491 | D77: =0.745312 -> 0.745312 | E77: 0.497 | F77: =0.3726 -> 0.3726 | G77: =0.2981249 -> 0.2981249 | H77: =0.2484374 -> 0.2484374
A78: Ez | C78: =($E$1*($B$6/1000)/(C76*C77/1000))/(10^6) -> 128.68204 | D78: =($E$1*($B$6/1000)/(D76*D77/1000))/(10^6) -> 128.7145 | E78: =($E$1*($B$6/1000)/(E76*E77/1000))/(10^6) -> 128.68204 | F78: =($E$1*($B$6/1000)/(F76*F77/1000))/(10^6) -> 128.73385 | G78: =($E$1*($B$6/1000)/(G76*G77/1000))/(10^6) -> 128.71446 | H78: =($E$1*($B$6/1000)/(H76*H77/1000))/(10^6) -> 128.71447
A79: Ez аналитическое | B79: 128.5616
A80: Погрешность | C80: =ABS($B$79-C78)/C78*100 -> 0.093597873 | D80: =ABS($B$79-D78)/D78*100 -> 0.11879224 | E80: =ABS($B$79-E78)/E78*100 -> 0.093597873 | F80: =ABS($B$79-F78)/F78*100 -> 0.13380166 | G80: =ABS($B$79-G78)/G78*100 -> 0.11875874 | H80: =ABS($B$79-H78)/H78*100 -> 0.11876544
A82: Перемещения по Х мм | C82: =0.0137 -> 0.0137 | D82: =0.0137 -> 0.0137 | E82: =0.0137 -> 0.0137 | F82: =0.0137 -> 0.0137 | G82: =0.0137 -> 0.0137 | H82: =0.0137 -> 0.0137
A83: Деформация Z | C83: =C77/$B$6 -> 0.061307566 | D83: =D77/$B$6 -> 0.030646053 | E83: =E77/$B$6 -> 0.020435855 | F83: =F77/$B$6 -> 0.015320724 | G83: =G77/$B$6 -> 0.012258425 | H83: =H77/$B$6 -> 0.010215354
A84: Деформация X | C84: =C82/C75 -> 0.00028166118 | D84: =D82/D75 -> 0.00014083059 | E84: =E82/E75 -> 9.3887061e-05 | F84: =F82/F75 -> 7.0415296e-05 | G84: =G82/G75 -> 5.6332237e-05 | H84: =H82/H75 -> 4.6943531e-05
A85: Пуассон XZ | C85: =C84/C83 -> 0.0045942321 | D85: =D84/D83 -> 0.0045953909 | E85: =E84/E83 -> 0.0045942321 | F85: =F84/F83 -> 0.0045960816 | G85: =G84/G83 -> 0.0045953894 | H85: =H84/H83 -> 0.0045953897
A86: Пуассон XZ аналитический | B86: 0.0046
A87: Погрешность XZ % | B87: =B86 -> 0.0046 | C87: =(ABS(C85-$B$87)/$B$87)*100 -> 0.12539002 | D87: =(ABS(D85-$B$87)/$B$87)*100 -> 0.10019731 | E87: =(ABS(E85-$B$87)/$B$87)*100 -> 0.12539002 | F87: =(ABS(F85-$B$87)/$B$87)*100 -> 0.085182851 | G87: =(ABS(G85-$B$87)/$B$87)*100 -> 0.10023082 | H87: =(ABS(H85-$B$87)/$B$87)*100 -> 0.10022412
A89: Перемещения по Y | C89: =7.316*10^(-3) -> 0.007316 | D89: =3.658*10^(-3) -> 0.003658 | E89: =2.439*10^(-3) -> 0.002439 | F89: =1.829*10^(-3) -> 0.001829 | G89: =1.463*10^(-3) -> 0.001463 | H89: =1.219*10^(-3) -> 0.001219
A90: Деформация по Y | C90: =C89/C73 -> 0.00028073676 | D90: =D89/D73 -> 0.00014036838 | E90: =E89/E73 -> 9.3591711e-05 | F90: =F89/F73 -> 7.018419e-05 | G90: =G89/G73 -> 5.6139678e-05 | H90: =H89/H73 -> 4.6776669e-05
A91: Пуассон YZ | C91: =C90/C83 -> 0.0045791536 | D91: =D90/D83 -> 0.0045803087 | E91: =E90/E83 -> 0.0045797795 | F91: =F90/F83 -> 0.0045809971 | G91: =G90/G83 -> 0.0045796811 | H91: =H90/H83 -> 0.0045790553
A92: ПуассонYZ аналитический | B92: 0.0046
A93: Погрешность YZ % | B93: =B92 -> 0.0046 | C93: =ABS($B$93-C91)/$B$93*100 -> 0.45318235 | D93: =ABS($B$93-D91)/$B$93*100 -> 0.42807233 | E93: =ABS($B$93-E91)/$B$93*100 -> 0.43957562 | F93: =ABS($B$93-F91)/$B$93*100 -> 0.41310714 | G93: =ABS($B$93-G91)/$B$93*100 -> 0.44171588 | H93: =ABS($B$93-H91)/$B$93*100 -> 0.45531936
A100: Gxy
A101: tau | B101: =10*10^6 -> 10000000
A102: Количество ячеек по Х | C102: 2 | D102: 4 | E102: 8
A103: Длина модели по Х | C103: =$B$9*C102 -> 48.64 | D103: =$B$9*D102 -> 97.28 | E103: =$B$9*E102 -> 194.56
A104: Площадь боковой грани м | C104: =C103*$B$6/1000000 -> 0.0011829248 | D104: =D103*$B$6/1000000 -> 0.0023658496 | E104: =E103*$B$6/1000000 -> 0.0047316992
A105: Количество ячеек по Y | C105: 2 | D105: 8 | E105: 8
A106: Длина модели по Y | C106: =$B$10*C105 -> 26.06 | D106: =$B$10*D105 -> 104.24 | E106: =$B$10*E105 -> 104.24
A107: Площадь верхней грани | C107: =$B$6*C106/1000000 -> 0.0006337792 | D107: =$B$6*D106/1000000 -> 0.0025351168 | E107: =$B$6*E106/1000000 -> 0.0025351168
A108: Сила на боковой грани | C108: =$B$101*C104 -> 11829.248 | D108: =$B$101*D104 -> 23658.496 | E108: =$B$101*E104 -> 47316.992
A109: Сила на верхней грани | C109: =$B$101*C107 -> 6337.792 | D109: =$B$101*D107 -> 25351.168 | E109: =$B$101*E107 -> 25351.168
A110: Катет 1 | C110: =C106 -> 26.06 | D110: =D106 -> 104.24 | E110: =E106 -> 104.24
A111: Катет 2 | C111: =0.619 -> 0.619 | D111: 1.237 | E111: 2.474
A112: Тангенс=углу | C112: =C111/C103 -> 0.012726151 | D112: =D111/D103 -> 0.012715872 | E112: =E111/E103 -> 0.012715872
A113: Gxy | C113: =($B$101/C112)/10^6 -> 785.78352 | D113: =($B$101/D112)/10^6 -> 786.41876 | E113: =($B$101/E112)/10^6 -> 786.41876
A114: Gxy расчетное | B114: 787.499
A115: % | C115: =ABS($B$114-C113)/$B$114*100 -> 0.21783878 | D115: =ABS($B$114-D113)/$B$114*100 -> 0.13717414 | E115: =ABS($B$114-E113)/$B$114*100 -> 0.13717414
A119: Gxz
A120: tau | B120: =10*10^6 -> 10000000
...

Sheet anisogrid15
A1: t= | B1: 1 | C1: 1 | D1: Сила | E1: 10000 | F1: t_факт | G1: 2
A2: v= | B2: 0.2 | C2: 0.2 | F2: v_факт | G2: =(G1/B4)+(2*G1/B5) -> 0.39994931
A3: phi= | B3: 15 | C3: =D3*3.1415/180 -> 0.26179167 | D3: 15
A4: a90= | B4: =C4 -> 24.32 | C4: 24.32 | D4: =C1*(1+SIN(C3))/(C2*SIN(C3)) -> 24.319073
A5: a_phi | B5: =C5 -> 12.59 | C5: 12.59 | D5: =2*C1*(1+SIN(C3))/C2 -> 12.588116
A6: Высота КЭМ | B6: =C4 -> 24.32 | C6: =3.75*2 -> 7.5
A7: Основание треугольника | B7: =C7 -> 13.03 | C7: 13.03 | D7: =2*TAN(C3)*C4 -> 13.032646
A8: Сторона треугольника | B8: =C8 -> 25.17 | C8: 25.17 | D8: =C4/COS(C3) -> 25.177865
A9: Длина ячейки Х | B9: =B4 -> 24.32 | C9: =D4 -> 24.319073
A10: Ширина ячейки Y | B10: =B7 -> 13.03 | C10: =D7 -> 13.032646
A11: Количество ячеек по Х | B11: 1 | C11: 2 | D11: 4 | E11: 6 | F11: 8 | G11: 10 | H11: 12 | L11: 2
A12: Длина модели по Х | B12: =$B$9*B11 -> 24.32 | C12: =$B$9*C11 -> 48.64 | D12: =$B$9*D11 -> 97.28 | E12: =$B$9*E11 -> 145.92 | F12: =$B$9*F11 -> 194.56 | G12: =$B$9*G11 -> 243.2 | H12: =$B$9*H11 -> 291.84 | K12: =$B$9*K11 -> 0 | L12: =$B$9*L11 -> 48.64 | M12: =$B$9*M11 -> 0 | N12: =$B$9*N11 -> 0 | O12: =$B$9*O11 -> 0 | P12: =$B$9*P11 -> 0
A13: Количество ячеек по Y | B13: 2 | C13: 2 | D13: 2 | E13: 2 | F13: 2 | G13: 2 | H13: 2 | K13: 2 | L13: 8 | M13: 2 | N13: 2 | O13: 2 | P13: 2
A14: Длина модели по Y мм | B14: =$B$10*B13 -> 26.06 | C14: =$B$10*C13 -> 26.06 | D14: =$B$10*D13 -> 26.06 | E14: =$B$10*E13 -> 26.06 | F14: =$B$10*F13 -> 26.06 | G14: =$B$10*G13 -> 26.06 | H14: =$B$10*H13 -> 26.06 | K14: =$B$10*K13 -> 26.06 | L14: =$B$10*L13 -> 104.24 | M14: =$B$10*M13 -> 26.06 | N14: =$B$10*N13 -> 26.06 | O14: =$B$10*O13 -> 26.06 | P14: =$B$10*P13 -> 26.06
A15: Площадь в направлении X м^2 | B15: =B14/1000*$B$6/1000 -> 0.0006337792 | C15: =C14/1000*$B$6/1000 -> 0.0006337792 | D15: =D14/1000*$B$6/1000 -> 0.0006337792 | E15: =E14/1000*$B$6/1000 -> 0.0006337792 | F15: =F14/1000*$B$6/1000 -> 0.0006337792 | G15: =G14/1000*$B$6/1000 -> 0.0006337792 | H15: =H14/1000*$B$6/1000 -> 0.0006337792 | K15: =K14/1000*$B$6/1000 -> 0.0006337792 | L15: =L14/1000*$B$6/1000 -> 0.0025351168 | M15: =M14/1000*$B$6/1000 -> 0.0006337792 | N15: =N14/1000*$B$6/1000 -> 0.0006337792 | O15: =O14/1000*$B$6/1000 -> 0.0006337792 | P15: =P14/1000*$B$6/1000 -> 0.0006337792
A16: Перемещения по Х мм | B16: 0 | C16: 0.101 | D16: 0.202 | E16: 0.303 | F16: 0.405 | G16: 0.506 | H16: 0.607 | L16: 0.001624
A17: Ex | C17: =($E$1*(C12/1000)/(C15*C16/1000))/(10^6) -> 7598.611 | D17: =($E$1*(D12/1000)/(D15*D16/1000))/(10^6) -> 7598.611 | E17: =($E$1*(E12/1000)/(E15*E16/1000))/(10^6) -> 7598.611 | F17: =($E$1*(F12/1000)/(F15*F16/1000))/(10^6) -> 7579.849 | G17: =($E$1*(G12/1000)/(G15*G16/1000))/(10^6) -> 7583.594 | H17: =($E$1*(H12/1000)/(H15*H16/1000))/(10^6) -> 7586.0927 | K17: =($E$1*(K12/1000)/(K15*K16/1000))/(10^6) -> #DIV/0! | L17: =($E$1*(L12/1000)/(L15*L16/1000))/(10^6) -> 118143.43 | M17: =($E$1*(M12/1000)/(M15*M16/1000))/(10^6) -> #DIV/0! | N17: =($E$1*(N12/1000)/(N15*N16/1000))/(10^6) -> #DIV/0! | O17: =($E$1*(O12/1000)/(O15*O16/1000))/(10^6) -> #DIV/0! | P17: =($E$1*(P12/1000)/(P15*P16/1000))/(10^6) -> #DIV/0!
A18: Ех аналитическое | B18: 7570
A19: Погрешность % | C19: =ABS($B$18-C17)/C17*100 -> 0.376529 | D19: =ABS($B$18-D17)/D17*100 -> 0.376529 | E19: =ABS($B$18-E17)/E17*100 -> 0.376529 | F19: =ABS($B$18-F17)/F17*100 -> 0.12993625 | G19: =ABS($B$18-G17)/G17*100 -> 0.1792548 | H19: =ABS($B$18-H17)/H17*100 -> 0.21213383 | K19: =ABS($B$18-K17)/$B$18*100 -> #DIV/0! | L19: =ABS($B$18-L17)/$B$18*100 -> 1460.6794 | M19: =ABS($B$18-M17)/$B$18*100 -> #DIV/0! | N19: =ABS($B$18-N17)/$B$18*100 -> #DIV/0! | O19: =ABS($B$18-O17)/$B$18*100 -> #DIV/0! | P19: =ABS($B$18-P17)/$B$18*100 -> #DIV/0!
A20: sigma max | C20: 55.79
A21: sigma analit
A22: разница
A24: Перемещения по Y мм | C24: 0.0126 | D24: 0.0126 | E24: 0.0126 | F24: 0.0126 | G24: 0.0126 | H24: 0.0126
A25: Деформация Х | C25: =C16/C12 -> 0.0020764803 | D25: =D16/D12 -> 0.0020764803 | E25: =E16/E12 -> 0.0020764803 | F25: =F16/F12 -> 0.0020816201 | G25: =G16/G12 -> 0.0020805921 | H25: =H16/H12 -> 0.0020799068 | K25: =K16/K12 -> #DIV/0! | L25: =L16/L12 -> 3.3388158e-05 | M25: =M16/M12 -> #DIV/0! | N25: =N16/N12 -> #DIV/0! | O25: =O16/O12 -> #DIV/0! | P25: =P16/P12 -> #DIV/0!
A26: Деформация Y | C26: =C24/C14 -> 0.00048349962 | D26: =D24/D14 -> 0.00048349962 | E26: =E24/E14 -> 0.00048349962 | F26: =F24/F14 -> 0.00048349962 | G26: =G24/G14 -> 0.00048349962 | H26: =H24/H14 -> 0.00048349962 | K26: =K24/K14 -> 0 | L26: =L24/L14 -> 0 | M26: =M24/M14 -> 0 | N26: =N24/N14 -> 0 | O26: =O24/O14 -> 0 | P26: =P24/P14 -> 0
A27: Пуассон YX | C27: =C26/C25 -> 0.23284576 | D27: =D26/D25 -> 0.23284576 | E27: =E26/E25 -> 0.23284576 | F27: =F26/F25 -> 0.23227083 | G27: =G26/G25 -> 0.23238559 | H27: =H26/H25 -> 0.23246215 | K27: =K26/K25 -> #DIV/0! | L27: =L26/L25 -> 0 | M27: =M26/M25 -> #DIV/0! | N27: =N26/N25 -> #DIV/0! | O27: =O26/O25 -> #DIV/0! | P27: =P26/P25 -> #DIV/0!
A28: Пуассон YX аналитический | B28: 0.2345
A29: Погрешность yx % | B29: =B28 -> 0.2345 | C29: =(ABS(C27-$B$29)/$B$29)*100 -> 0.70543463 | D29: =(ABS(D27-$B$29)/$B$29)*100 -> 0.70543463 | E29: =(ABS(E27-$B$29)/$B$29)*100 -> 0.70543463 | F29: =(ABS(F27-$B$29)/$B$29)*100 -> 0.95060639 | G29: =(ABS(G27-$B$29)/$B$29)*100 -> 0.90166895 | H29: =(ABS(H27-$B$29)/$B$29)*100 -> 0.86901711 | K29: =(ABS(K27-$B$29)/$B$29)*100 -> #DIV/0! | L29: =(ABS(L27-$B$29)/$B$29)*100 -> 100 | M29: =(ABS(M27-$B$29)/$B$29)*100 -> #DIV/0! | N29: =(ABS(N27-$B$29)/$B$29)*100 -> #DIV/0! | O29: =(ABS(O27-$B$29)/$B$29)*100 -> #DIV/0! | P29: =(ABS(P27-$B$29)/$B$29)*100 -> #DIV/0!
A31: Перемещения по Z | C31: =0.0149 -> 0.0149 | D31: =0.0149 -> 0.0149 | E31: =0.0149 -> 0.0149 | F31: =0.0149 -> 0.0149 | G31: =0.0149 -> 0.0149 | H31: =0.0149 -> 0.0149
A32: Деформация по Z | C32: =C31/$B$6 -> 0.00061266447 | D32: =D31/$B$6 -> 0.00061266447 | E32: =E31/$B$6 -> 0.00061266447 | F32: =F31/$B$6 -> 0.00061266447 | G32: =G31/$B$6 -> 0.00061266447 | H32: =H31/$B$6 -> 0.00061266447
A33: Пуассон ZX | C33: =C32/C25 -> 0.2950495 | D33: =D32/D25 -> 0.2950495 | E33: =E32/E25 -> 0.2950495 | F33: =F32/F25 -> 0.29432099 | G33: =G32/G25 -> 0.2944664 | H33: =H32/H25 -> 0.29456343
A34: Пуассон ZX аналитический | B34: 0.294
A35: Погрешность ZX % | B35: =B34 -> 0.294 | C35: =ABS($B$35-C33)/$B$35*100 -> 0.35697447 | D35: =ABS($B$35-D33)/$B$35*100 -> 0.35697447 | E35: =ABS($B$35-E33)/$B$35*100 -> 0.35697447 | F35: =ABS($B$35-F33)/$B$35*100 -> 0.10917947 | G35: =ABS($B$35-G33)/$B$35*100 -> 0.15864053 | H35: =ABS($B$35-H33)/$B$35*100 -> 0.19164173
A49: Растяжение по Y | B49: При увеличении ячеек по X | J49: no rbe | K49: rbe
A50: Количество ячеек по Y | C50: 2 | D50: 2 | E50: 2 | F50: 2 | G50: 2 | H50: 2 | I50: 8 | J50: 13 | K50: 13
A51: Длина модели по Y | C51: =$B$10*C50 -> 26.06 | D51: =$B$10*D50 -> 26.06 | E51: =$B$10*E50 -> 26.06 | F51: =$B$10*F50 -> 26.06 | G51: =$B$10*G50 -> 26.06 | H51: =$B$10*H50 -> 26.06 | I51: =$B$8*I50 -> 201.36 | J51: =$B$8*J50 -> 327.21 | K51: =$B$8*K50 -> 327.21
A52: Количество ячеек по Х | C52: 2 | D52: 4 | E52: 6 | F52: 8 | G52: 10 | H52: 12 | I52: 8 | J52: 12 | K52: 12
A53: Длина модели по Х | C53: =$B$9*C52 -> 48.64 | D53: =$B$9*D52 -> 97.28 | E53: =$B$9*E52 -> 145.92 | F53: =$B$9*F52 -> 194.56 | G53: =$B$9*G52 -> 243.2 | H53: =$B$9*H52 -> 291.84 | I53: =$B$9*I52 -> 194.56 | J53: =$B$9*J52 -> 291.84 | K53: =$B$9*K52 -> 291.84
A54: Площадь в направлении Y м^2 | C54: =C53*$B$6/1000000 -> 0.0011829248 | D54: =D53*$B$6/1000000 -> 0.0023658496 | E54: =E53*$B$6/1000000 -> 0.0035487744 | F54: =F53*$B$6/1000000 -> 0.0047316992 | G54: =G53*$B$6/1000000 -> 0.005914624 | H54: =H53*$B$6/1000000 -> 0.0070975488 | I54: =I53*$B$6/1000000 -> 0.0047316992 | J54: =J53*7/1000000 -> 0.00204288 | K54: =K53*7/1000000 -> 0.00204288
A55: Перемезщения по Y | C55: 0.0958 | D55: 0.0479 | E55: 0.0319 | F55: 0.0239 | G55: 0.0192 | H55: 0.016 | I55: 0.007995 | J55: 0.0387 | K55: 0.0385
A56: Ey | C56: =($E$1*(C51/1000)/(C54*C55/1000))/(10^6) -> 2299.5972 | D56: =($E$1*(D51/1000)/(D54*D55/1000))/(10^6) -> 2299.5972 | E56: =($E$1*(E51/1000)/(E54*E55/1000))/(10^6) -> 2302.0001 | F56: =($E$1*(F51/1000)/(F54*F55/1000))/(10^6) -> 2304.408 | G56: =($E$1*(G51/1000)/(G54*G55/1000))/(10^6) -> 2294.8063 | H56: =($E$1*(H51/1000)/(H54*H55/1000))/(10^6) -> 2294.8063 | I56: =($E$1*(I51/1000)/(I54*I55/1000))/(10^6) -> 53227.688 | J56: =($E$1*(J51/1000)/(J54*J55/1000))/(10^6) -> 41387.839 | K56: =($E$1*(K51/1000)/(K54*K55/1000))/(10^6) -> 41602.84
A57: Ey аналитическое | B57: 2293.9
A58: Погрешность | C58: =ABS($B$57-C56)/C56*100 -> 0.24774642 | D58: =ABS($B$57-D56)/D56*100 -> 0.24774642 | E58: =ABS($B$57-E56)/E56*100 -> 0.35187194 | F58: =ABS($B$57-F56)/F56*100 -> 0.45599747 | G58: =ABS($B$57-G56)/G56*100 -> 0.039495366 | H58: =ABS($B$57-H56)/H56*100 -> 0.039495366 | I58: =ABS($B$45-I56)/$B$45*100 -> #DIV/0! | J58: =ABS($B$45-J56)/$B$45*100 -> #DIV/0! | K58: =ABS($B$45-K56)/$B$45*100 -> #DIV/0!
A59: sigma max | C59: 104.9
A60: sigma analit
A61: разница
A63: Перемещения по Х мм | C63: 0.0127 | D63: 0.0127 | E63: 0.0127 | F63: 0.0126 | G63: 0.0126 | H63: 0.0126
A64: Деформация Y | C64: =C55/C51 -> 0.003676132 | D64: =D55/D51 -> 0.001838066 | E64: =E55/E51 -> 0.0012240982 | F64: =F55/F51 -> 0.00091711435 | G64: =G55/G51 -> 0.00073676132 | H64: =H55/H51 -> 0.00061396777
A65: Деформация X | C65: =C63/C53 -> 0.00026110197 | D65: =D63/D53 -> 0.00013055099 | E65: =E63/E53 -> 8.7033991e-05 | F65: =F63/F53 -> 6.4761513e-05 | G65: =G63/G53 -> 5.1809211e-05 | H65: =H63/H53 -> 4.3174342e-05
A66: Пуассон XY | C66: =C65/C64 -> 0.071026278 | D66: =D65/D64 -> 0.071026278 | E66: =E65/E64 -> 0.071100496 | F66: =F65/F64 -> 0.070614437 | G66: =G65/G64 -> 0.07032021 | H66: =H65/H64 -> 0.07032021
A67: Пуассон XY аналитический | B67: 0.071
A68: Погрешность XY % | B68: =B67 -> 0.071 | C68: =(ABS(C66-$B$68)/$B$68)*100 -> 0.037011294 | D68: =(ABS(D66-$B$68)/$B$68)*100 -> 0.037011294 | E68: =(ABS(E66-$B$68)/$B$68)*100 -> 0.14154318 | F68: =(ABS(F66-$B$68)/$B$68)*100 -> 0.54304715 | G68: =(ABS(G66-$B$68)/$B$68)*100 -> 0.95745112 | H68: =(ABS(H66-$B$68)/$B$68)*100 -> 0.95745112
A70: Перемещения по Z | C70: =7.971*10^(-3) -> 0.007971 | D70: =3.985*10^(-3) -> 0.003985 | E70: =2.657*10^(-3) -> 0.002657 | F70: =1.993*10^(-3) -> 0.001993 | G70: =1.594*10^(-3) -> 0.001594 | H70: =0.001328 -> 0.001328
A71: Деформация по Z | C71: =C70/$B$6 -> 0.00032775493 | D71: =D70/$B$6 -> 0.00016385691 | E71: =E70/$B$6 -> 0.00010925164 | F71: =F70/$B$6 -> 8.1949013e-05 | G71: =G70/$B$6 -> 6.5542763e-05 | H71: =H70/$B$6 -> 5.4605263e-05
A72: Пуассон ZY | C72: =C71/C64 -> 0.089157553 | D72: =D71/D64 -> 0.089146368 | E72: =E71/E64 -> 0.089250717 | F72: =F71/F64 -> 0.089355284 | G72: =G71/G64 -> 0.088960646 | H72: =H71/H64 -> 0.088938322
A73: Пуассон ZY аналитический | B73: 0.0891
A74: Погрешность ZY % | B74: =B73 -> 0.0891 | C74: =ABS($B$74-C72)/C72*100 -> 0.064552113 | D74: =ABS($B$74-D72)/D72*100 -> 0.052013161 | E74: =ABS($B$74-E72)/E72*100 -> 0.16886886 | F74: =ABS($B$74-F72)/F72*100 -> 0.28569525 | G74: =ABS($B$74-G72)/G72*100 -> 0.15664652 | H74: =ABS($B$74-H72)/H72*100 -> 0.18178624
A78: Растяжение по Z | B78: При увеличении ячеек по X
A79: Количество ячеек по Y | C79: 2 | D79: 2 | E79: 2 | F79: 2 | G79: 2 | H79: 2
A80: Длина модели по Y | C80: =$B$7*C79 -> 26.06 | D80: =$B$7*D79 -> 26.06 | E80: =$B$7*E79 -> 26.06 | F80: =$B$7*F79 -> 26.06 | G80: =$B$7*G79 -> 26.06 | H80: =$B$7*H79 -> 26.06
A81: Количество ячеек по Х | C81: 2 | D81: 4 | E81: 6 | F81: 8 | G81: 10 | H81: 12
A82: Длина модели по Х | C82: =$B$9*C81 -> 48.64 | D82: =$B$9*D81 -> 97.28 | E82: =$B$9*E81 -> 145.92 | F82: =$B$9*F81 -> 194.56 | G82: =$B$9*G81 -> 243.2 | H82: =$B$9*H81 -> 291.84
A83: Площадь в направлении Z м^2 | C83: =C80*C82/1000000 -> 0.0012675584 | D83: =D80*D82/1000000 -> 0.0025351168 | E83: =E80*E82/1000000 -> 0.0038026752 | F83: =F80*F82/1000000 -> 0.0050702336 | G83: =G80*G82/1000000 -> 0.006337792 | H83: =H80*H82/1000000 -> 0.0076053504
A84: Перемезщения по Z | C84: 0.87 | D84: =0.435 -> 0.435 | E84: 0.29 | F84: =0.218 -> 0.218 | G84: =0.174 -> 0.174 | H84: =0.145 -> 0.145
A85: Ez | C85: =($E$1*($B$6/1000)/(C83*C84/1000))/(10^6) -> 220.5344 | D85: =($E$1*($B$6/1000)/(D83*D84/1000))/(10^6) -> 220.5344 | E85: =($E$1*($B$6/1000)/(E83*E84/1000))/(10^6) -> 220.5344 | F85: =($E$1*($B$6/1000)/(F83*F84/1000))/(10^6) -> 220.02859 | G85: =($E$1*($B$6/1000)/(G83*G84/1000))/(10^6) -> 220.5344 | H85: =($E$1*($B$6/1000)/(H83*H84/1000))/(10^6) -> 220.5344
A86: Ez аналитическое | B86: 220.06
A87: Погрешность | C87: =ABS($B$86-C85)/C85*100 -> 0.21511336 | D87: =ABS($B$86-D85)/D85*100 -> 0.21511336 | E87: =ABS($B$86-E85)/E85*100 -> 0.21511336 | F87: =ABS($B$86-F85)/F85*100 -> 0.014277184 | G87: =ABS($B$86-G85)/G85*100 -> 0.21511336 | H87: =ABS($B$86-H85)/H85*100 -> 0.21511336
A88: sigma max | C88: 19.721
A89: sigma analit
A90: разница
A92: Перемещения по Х мм | C92: =0.0149 -> 0.0149 | D92: =0.0149 -> 0.0149 | E92: =0.0149 -> 0.0149 | F92: =0.0149 -> 0.0149 | G92: =0.0149 -> 0.0149 | H92: =0.0149 -> 0.0149
A93: Деформация Z | C93: =C84/$B$6 -> 0.035773026 | D93: =D84/$B$6 -> 0.017886513 | E93: =E84/$B$6 -> 0.011924342 | F93: =F84/$B$6 -> 0.0089638158 | G93: =G84/$B$6 -> 0.0071546053 | H93: =H84/$B$6 -> 0.0059621711
A94: Деформация X | C94: =C92/C82 -> 0.00030633224 | D94: =D92/D82 -> 0.00015316612 | E94: =E92/E82 -> 0.00010211075 | F94: =F92/F82 -> 7.6583059e-05 | G94: =G92/G82 -> 6.1266447e-05 | H94: =H92/H82 -> 5.1055373e-05
A95: Пуассон XZ | C95: =C94/C93 -> 0.0085632184 | D95: =D94/D93 -> 0.0085632184 | E95: =E94/E93 -> 0.0085632184 | F95: =F94/F93 -> 0.008543578 | G95: =G94/G93 -> 0.0085632184 | H95: =H94/H93 -> 0.0085632184
A96: Пуассон XZ аналитический | B96: 0.0085
A97: Погрешность XZ % | B97: =B96 -> 0.0085 | C97: =(ABS(C95-$B$97)/$B$97)*100 -> 0.74374577 | D97: =(ABS(D95-$B$97)/$B$97)*100 -> 0.74374577 | E97: =(ABS(E95-$B$97)/$B$97)*100 -> 0.74374577 | F97: =(ABS(F95-$B$97)/$B$97)*100 -> 0.51268214 | G97: =(ABS(G95-$B$97)/$B$97)*100 -> 0.74374577 | H97: =(ABS(H95-$B$97)/$B$97)*100 -> 0.74374577
A99: Перемещения по Y | C99: =7.971*10^(-3) -> 0.007971 | D99: =3.985*10^(-3) -> 0.003985 | E99: =2.657*10^(-3) -> 0.002657 | F99: =1.9993*10^(-3) -> 0.0019993 | G99: =1.594*10^(-3) -> 0.001594 | H99: =1.328*10^(-3) -> 0.001328
A100: Деформация по Y | C100: =C99/C80 -> 0.00030587107 | D100: =D99/D80 -> 0.00015291635 | E100: =E99/E80 -> 0.00010195702 | F100: =F99/F80 -> 7.671911e-05 | G100: =G99/G80 -> 6.1166539e-05 | H100: =H99/H80 -> 5.0959325e-05
A101: Пуассон YZ | C101: =C100/C93 -> 0.0085503268 | D101: =D100/D93 -> 0.0085492542 | E101: =E100/E93 -> 0.0085503268 | F101: =F100/F93 -> 0.0085587557 | G101: =G100/G93 -> 0.0085492542 | H101: =H100/H93 -> 0.0085471088
A102: ПуассонYZ аналитический | B102: 0.0085
A103: Погрешность YZ % | B103: =B102 -> 0.0085 | C103: =ABS($B$103-C101)/$B$103*100 -> 0.59208038 | D103: =ABS($B$103-D101)/$B$103*100 -> 0.57946062 | E103: =ABS($B$103-E101)/$B$103*100 -> 0.59208038 | F103: =ABS($B$103-F101)/$B$103*100 -> 0.69124388 | G103: =ABS($B$103-G101)/$B$103*100 -> 0.57946062 | H103: =ABS($B$103-H101)/$B$103*100 -> 0.55422111
A110: Gxy
A111: tau | B111: =10*10^6 -> 10000000
A112: Количество ячеек по Х | C112: 2 | D112: 4 | E112: 8
A113: Длина модели по Х | C113: =$B$9*C112 -> 48.64 | D113: =$B$9*D112 -> 97.28 | E113: =$B$9*E112 -> 194.56
A114: Площадь боковой грани м | C114: =C113*$B$6/1000000 -> 0.0011829248 | D114: =D113*$B$6/1000000 -> 0.0023658496 | E114: =E113*$B$6/1000000 -> 0.0047316992
A115: Количество ячеек по Y | C115: 2 | D115: 8 | E115: 8
A116: Длина модели по Y | C116: =$B$10*C115 -> 26.06 | D116: =$B$10*D115 -> 104.24 | E116: =$B$10*E115 -> 104.24
A117: Площадь верхней грани | C117: =$B$6*C116/1000000 -> 0.0006337792 | D117: =$B$6*D116/1000000 -> 0.0025351168 | E117: =$B$6*E116/1000000 -> 0.0025351168
A118: Сила на боковой грани | C118: =$B$111*C114 -> 11829.248 | D118: =$B$111*D114 -> 23658.496 | E118: =$B$111*E114 -> 47316.992
A119: Сила на верхней грани | C119: =$B$111*C117 -> 6337.792 | D119: =$B$111*D117 -> 25351.168 | E119: =$B$111*E117 -> 25351.168
A120: Катет 1 | C120: =C116 -> 26.06 | D120: =D116 -> 104.24 | E120: =E116 -> 104.24
A121: Катет 2 | C121: =0.8547665476799 -> 0.85476655 | D121: 1.718 | E121: 3.439
A122: Тангенс=углу | C122: =C121/C113 -> 0.017573325 | D122: =D121/D113 -> 0.017660362 | E122: =E121/E113 -> 0.017675781
A123: Gxy | C123: =($B$111/C122)/10^6 -> 569.04426 | D123: =($B$111/D122)/10^6 -> 566.23981 | E123: =($B$111/E122)/10^6 -> 565.74586
A124: Gxy расчетное | B124: 555.2071
A125: % | C125: =ABS($B$124-C123)/$B$124*100 -> 2.4922525 | D125: =ABS($B$124-D123)/$B$124*100 -> 1.9871348 | E125: =ABS($B$124-E123)/$B$124*100 -> 1.8981667
A126: sigma max | C126: 171.2
A127: sigma analit
A128: разница
...

Sheet 15_stress
A1: t= | B1: 1 | C1: 1 | D1: Сила | E1: 10000 | F1: t_факт | G1: 2
A2: v= | B2: 0.2 | C2: 0.2 | F2: v_факт | G2: =(G1/B4)+(2*G1/B5) -> 0.39994931
A3: phi= | B3: 15 | C3: =D3*3.1415/180 -> 0.26179167 | D3: 15
A4: a90= | B4: =C4 -> 24.32 | C4: 24.32 | D4: =C1*(1+SIN(C3))/(C2*SIN(C3)) -> 24.319073
A5: a_phi | B5: =C5 -> 12.59 | C5: 12.59 | D5: =2*C1*(1+SIN(C3))/C2 -> 12.588116
A6: Высота КЭМ | B6: =C4 -> 24.32 | C6: =3.75*2 -> 7.5
A7: Основание треугольника | B7: =C7 -> 13.03 | C7: 13.03 | D7: =2*TAN(C3)*C4 -> 13.032646
A8: Сторона треугольника | B8: =C8 -> 25.17 | C8: 25.17 | D8: =C4/COS(C3) -> 25.177865
A9: Длина ячейки Х | B9: =B4 -> 24.32 | C9: =D4 -> 24.319073
A10: Ширина ячейки Y | B10: =B7 -> 13.03 | C10: =D7 -> 13.032646
A11: Количество ячеек по Х | B11: 1 | C11: 2 | E11: sigmaX | F11: =50 -> 50
A12: Длина модели по Х | B12: =$B$9*B11 -> 24.32 | C12: =$B$9*C11 -> 48.64 | E12: площадь | F12: =B14*B6 -> 633.7792
A13: Количество ячеек по Y | B13: 2 | C13: 2 | E13: сила X | F13: =F11*F12 -> 31688.96 | H13: ТУТ ПЕРЕМЕЩЕНИЯ И СИЛА ВООБЩЕ НЕ ИМЕЮТ ОТНОШЕНИЯ К НАПРЯЖЕННИЯМ
A14: Длина модели по Y мм | B14: =$B$10*B13 -> 26.06 | C14: =$B$10*C13 -> 26.06
A15: Площадь в направлении X м^2 | B15: =B14/1000*$B$6/1000 -> 0.0006337792 | C15: =C14/1000*$B$6/1000 -> 0.0006337792 | H15: ЭТОТ ЛИСТ ТОЛЬКО ДЛЯ НАПРЯЖЕНИЙ
A16: Перемещения по Х мм | B16: 0 | C16: 0.101 | E16: sigmaY | F16: =50 -> 50
A17: Ex | C17: =($E$1*(C12/1000)/(C15*C16/1000))/(10^6) -> 7598.611 | E17: площадь | F17: =B6*C12 -> 1182.9248
A18: Ех аналитическое | B18: 7570 | E18: сила Y | F18: =F16*F17 -> 59146.24
A19: Погрешность % | C19: =ABS($B$18-C17)/C17*100 -> 0.376529
A20: sigma max | C20: 84.27 | D20: 21.7
A21: sigma analit | C21: 84.32 | D21: 21.82
A22: разница
E24: sigmaZ | F24: 50
E25: площадь | F25: =C14*C12 -> 1267.5584
E26: сила Z | F26: =F24*F25 -> 63377.92 | I26: x | Y26: y | AN26: xy | BC26: z | BQ26: xz | CG26: yz
I27: 30 | M27: 60 | Q27: 120 | Y27: 30 | AC27: 60 | AG27: 120 | AN27: 30 | AR27: 60 | AV27: 120 | BC27: 30 | BG27: 60 | BK27: 120 | BQ27: 30 | BU27: 60 | BY27: 120 | CG27: 30 | CK27: 60 | CO27: 120
I28: diag fem | J28: diag continuum | K28: 90 fem | L28: 90 continuum | M28: diag fem | N28: diag continuum | O28: 90 fem | P28: 90 continuum | Q28: diag fem | R28: diag continuum | S28: 90 fem | T28: 90 continuum | Y28: diag fem | Z28: diag continuum | AA28: 90 fem | AB28: 90 continuum | AC28: diag fem | AD28: diag continuum | AE28: 90 fem | AF28: 90 continuum | AG28: diag fem | AH28: diag continuum | AI28: 90 fem | AJ28: 90 continuum | AN28: diag fem | AO28: diag continuum | AP28: 90 fem | AQ28: 90 continuum | AR28: diag fem | AS28: diag continuum | AT28: 90 fem | AU28: 90 continuum | AV28: diag fem | AW28: diag continuum | AX28: 90 fem | AY28: 90 continuum | BC28: diag fem | BD28: diag continuum | BE28: 90 fem | BF28: 90 continuum | BG28: diag fem | BH28: diag continuum | BI28: 90 fem | BJ28: 90 continuum | BK28: diag fem | BL28: diag continuum | BM28: 90 fem | BN28: 90 continuum | BQ28: diag fem | BR28: diag continuum | BS28: 90 fem | BT28: 90 continuum | BU28: diag fem | BV28: diag continuum | BW28: 90 fem | BX28: 90 continuum | BY28: diag fem | BZ28: diag continuum | CA28: 90 fem | CB28: 90 continuum | CG28: diag fem | CH28: diag continuum | CI28: 90 fem | CJ28: 90 continuum | CK28: diag fem | CL28: diag continuum | CM28: 90 fem | CN28: 90 continuum | CO28: diag fem | CP28: diag continuum | CQ28: 90 fem | CR28: 90 continuum
I29: =$C$20 -> 84.27 | J29: =$C$21 -> 84.32 | K29: =$D$20 -> 21.7 | L29: =$D$21 -> 21.82 | M29: =isogrid_stress!$C$20 -> 124.87 | N29: =isogrid_stress!$C$21 -> 125 | O29: =isogrid_stress!$D$20 -> 62.23 | P29: =isogrid_stress!$D$21 -> 62.5 | Q29: =anisogrid120!$C$20 -> 453.558 | R29: =anisogrid120!$C$21 -> 450.88 | S29: =anisogrid120!$D$20 -> 380 | T29: =anisogrid120!$D$21 -> 384.79 | Y29: =$C$59 -> 0 | Z29: =$C$60 -> 0 | AA29: =$D$59 -> 303.73 | AB29: =$D$60 -> 303.98 | AC29: =isogrid_stress!$C$59 -> 0 | AD29: =isogrid_stress!$C$60 -> 0 | AE29: =isogrid_stress!$D$59 -> 187.35 | AF29: =isogrid_stress!$D$60 -> 187.5 | AG29: =anisogrid120!$C$59 -> 2.5 | AH29: =anisogrid120!$C$60 -> 0 | AI29: =anisogrid120!$D$59 -> 131.7 | AJ29: =anisogrid120!$D$60 -> 134.67 | AN29: =$C$126 -> 155.61 | AO29: =$C$127 -> 157.35 | AP29: =$D$126 -> 0 | AQ29: =$D$127 -> 0 | AR29: =isogrid_stress!$C$126 -> 110.88 | AS29: =isogrid_stress!$C$127 -> 108.25 | AT29: =isogrid_stress!$D$126 -> 0 | AU29: =isogrid_stress!$D$127 -> 0 | AV29: =anisogrid120!$C$126 -> 136.67 | AW29: =anisogrid120!$C$127 -> 134.67 | AX29: =anisogrid120!$D$126 -> 0 | AY29: =anisogrid120!$D$127 -> 0 | BC29: =$C$88 -> 62.493 | BD29: =$C$89 -> 62.5 | BE29: =$D$88 -> 62.493 | BF29: =$D$89 -> 62.5 | BG29: =isogrid_stress!$C$88 -> 62.5 | BH29: =isogrid_stress!$C$89 -> 62.5 | BI29: =isogrid_stress!$D$88 -> 62.5 | BJ29: =isogrid_stress!$D$89 -> 62.5 | BK29: =anisogrid120!$C$88 -> 62.478 | BL29: =anisogrid120!$C$89 -> 62.5 | BM29: =anisogrid120!$D$88 -> 62.478 | BN29: =anisogrid120!$D$89 -> 62.5 | BQ29: =$C$145 -> 1.63 | BR29: =$C$146 -> 1.63 | BS29: =$D$145 -> 0 | BT29: =$D$146 -> 0 | BU29: =isogrid_stress!$C$145 -> 2.256 | BV29: =isogrid_stress!$C$146 -> 2.17 | BW29: =isogrid_stress!$D$145 -> 0 | BX29: =isogrid_stress!$D$146 -> 0 | BY29: =anisogrid120!$C$145 -> 4.76 | BZ29: =anisogrid120!$C$146 -> 4.67 | CA29: =anisogrid120!$D$145 -> 0 | CB29: =anisogrid120!$D$146 -> 0 | CG29: =$C$166 -> 1.26 | CH29: =$C$167 -> 1.25 | CI29: =$D$166 -> 4.818 | CJ29: =$D$167 -> 4.83 | CK29: =isogrid_stress!$C$166 -> 1.262 | CL29: =isogrid_stress!$C$167 -> 1.25 | CM29: =isogrid_stress!$D$166 -> 2.525 | CN29: =isogrid_stress!$D$167 -> 2.5 | CO29: =anisogrid120!$C$166 -> 1.39 | CP29: =anisogrid120!$C$167 -> 1.25 | CQ29: =anisogrid120!$D$166 -> 1.598 | CR29: =anisogrid120!$D$167 -> 1.44
A49: Растяжение по Y | B49: При увеличении ячеек по X
A50: Количество ячеек по Y | C50: 2
A51: Длина модели по Y | C51: =$B$10*C50 -> 26.06
A52: Количество ячеек по Х | C52: 2
A53: Длина модели по Х | C53: =$B$9*C52 -> 48.64
A54: Площадь в направлении Y м^2 | C54: =C53*$B$6/1000000 -> 0.0011829248
A55: Перемезщения по Y | C55: 0.0958
A56: Ey | C56: =($E$1*(C51/1000)/(C54*C55/1000))/(10^6) -> 2299.5972
A57: Ey аналитическое | B57: 2293.9
A58: Погрешность | C58: =ABS($B$57-C56)/C56*100 -> 0.24774642
A59: sigma max | C59: 0 | D59: 303.73
A60: sigma analit | C60: 0 | D60: 303.98
A61: разница
C64: `
A78: Растяжение по Z | B78: При увеличении ячеек по X
A79: Количество ячеек по Y | C79: 2
A80: Длина модели по Y | C80: =$B$7*C79 -> 26.06
A81: Количество ячеек по Х | C81: 2
A82: Длина модели по Х | C82: =$B$9*C81 -> 48.64
A83: Площадь в направлении Z м^2 | C83: =C80*C82/1000000 -> 0.0012675584
A84: Перемезщения по Z | C84: 0.87
A85: Ez | C85: =($E$1*($B$6/1000)/(C83*C84/1000))/(10^6) -> 220.5344
A86: Ez аналитическое | B86: 220.06
A87: Погрешность | C87: =ABS($B$86-C85)/C85*100 -> 0.21511336
A88: sigma max | C88: 62.493 | D88: 62.493
A89: sigma analit | C89: 62.5 | D89: 62.5
A90: разница
A110: Gxy
A111: tau | B111: =25*10^6 -> 25000000
A112: Количество ячеек по Х | C112: 2
A113: Длина модели по Х | C113: =$B$9*C112 -> 48.64
A114: Площадь боковой грани м | C114: =C113*$B$6/1000000 -> 0.0011829248
A115: Количество ячеек по Y | C115: 2
A116: Длина модели по Y | C116: =$B$10*C115 -> 26.06
A117: Площадь верхней грани | C117: =$B$6*C116/1000000 -> 0.0006337792
A118: Сила на боковой грани | C118: =$B$111*C114 -> 29573.12
A119: Сила на верхней грани | C119: =$B$111*C117 -> 15844.48
A120: Катет 1 | C120: =C116 -> 26.06
A121: Катет 2 | C121: 2.142
A122: Тангенс=углу | C122: =C121/C113 -> 0.044037829
A123: Gxy | C123: =($B$111/C122)/10^6 -> 567.69374
A124: Gxy расчетное | B124: 555.2071
A125: % | C125: =ABS($B$124-C123)/$B$124*100 -> 2.2490066
A126: sigma max | C126: 155.61 | D126: 0
A127: sigma analit | C127: 157.35 | D127: 0
A128: разница
A129: Gxz
A130: tau | B130: =25*10^6 -> 25000000
A131: Количество ячеек по Х | C131: 2
A132: Длина модели по Х | C132: =$B$9*C131 -> 48.64
A133: Площадь боковой грани м | B133: z=x кроме 2х2 | C133: =C135*B6/1000000 -> 0.0006337792
A134: Количество ячеек по Y | C134: 2
A135: Длина модели по Y | C135: =$B$10*C134 -> 26.06
A136: Площадь верхней грани | C136: =C132*C135/1000000 -> 0.0012675584
A137: Сила на боковой грани | C137: =$B$111*C133 -> 15844.48
A138: Сила на верхней грани | C138: =$B$111*C136 -> 31688.96
A139: Катет 1 | C139: =B6 -> 24.32
A140: Катет 2 | C140: 6.102
A141: Тангенс=углу | C141: =C140/B6 -> 0.25090461
A142: Gxz | C142: =($B$111/C141)/10^6 -> 99.639462
A143: Gxz расчетное | B143: 104.6548
A144: % | C144: =ABS($B$143-C142)/C142*100 -> 5.0334851
A145: TAU XY max | C145: 1.63 | D145: 0
A146: TAU XY analit | C146: 1.63 | D146: 0
A147: разница
A149: Gyz
A150: tau | B150: =25*10^6 -> 25000000
A151: Количество ячеек по Х | C151: 2
A152: Длина модели по Х | C152: =$B$9*C151 -> 48.64
A153: Площадь боковой грани м | C153: =C152*C156/1000000 -> 0.0011829248
A154: Количество ячеек по Y | C154: 2
A155: Длина модели по Y | C155: =B10*C154 -> 26.06
...

Sheet isorg_30
A1: t= | B1: 4 | C1: 4 | D1: Сила | E1: 1000 | F1: t_факт | G1: 4
A2: v= | B2: 0.8 | C2: 0.8 | F2: v_факт | G2: =(G1/B4)+(2*G1/B5) -> 0.8
A3: phi= | B3: 30 | C3: =D3*3.1415/180 -> 0.52358333 | D3: 30
A4: a90= | B4: 15 | C4: =3.75 -> 3.75 | D4: =C1*(1+SIN(C3))/(C2*SIN(C3)) -> 15.000267
A5: a_phi | B5: 15 | C5: =3.75 -> 3.75 | D5: =2*C1*(1+SIN(C3))/C2 -> 14.999866
A6: Высота КЭМ | B6: 30 | C6: =3.75*2 -> 7.5
A7: Основание треугольника | B7: 17.32 | C7: 4.33 | D7: =2*TAN(C3)*C4 -> 4.3299726
A8: Сторона треугольника | B8: 17.32 | C8: =C7 -> 4.33 | D8: =C4/COS(C3) -> 4.3300884
A9: Длина ячейки Х | B9: =B4 -> 15 | C9: =D4 -> 15.000267
A10: Ширина ячейки Y | B10: =B7 -> 17.32 | C10: =D7 -> 4.3299726
A11: Количество ячеек по Х | B11: 1 | C11: 2 | E11: sigmaX | F11: =50 -> 50
A12: Длина модели по Х | B12: =$B$9*B11 -> 15 | C12: =$B$9*C11 -> 30 | E12: площадь | F12: =B14*B6 -> 1039.2
A13: Количество ячеек по Y | B13: 2 | C13: 2 | E13: сила X | F13: =F11*F12 -> 51960
A14: Длина модели по Y мм | B14: =$B$10*B13 -> 34.64 | C14: =$B$10*C13 -> 34.64
A15: Площадь в направлении X м^2 | B15: =B14/1000*$B$6/1000 -> 0.0010392 | C15: =C14/1000*$B$6/1000 -> 0.0010392
A16: Перемещения по Х мм | B16: 0 | C16: 0.201 | E16: sigmaY | F16: =50 -> 50
A17: Ex | C17: =(F13*(C12/1000)/(C15*C16/1000))/(10^6) -> 7462.6866 | E17: площадь | F17: =B6*C12 -> 900
A18: Ех аналитическое | B18: 7432 | E18: сила Y | F18: =F16*F17 -> 45000
A19: Погрешность % | C19: =ABS($B$18-C17)/C17*100 -> 0.4112
A20: sigma max | C20: 124.87 | D20: 62.23
A21: sigma analit
A22: разница
A24: Перемещения по Y мм | C24: 0.0779 | E24: sigmaZ | F24: 25
A25: Деформация Х | C25: =C16/C12 -> 0.0067 | E25: площадь | F25: =C14*C12 -> 1039.2
A26: Деформация Y | C26: =C24/C14 -> 0.0022488453 | E26: сила Z | F26: =F24*F25 -> 25980
A27: Пуассон YX | C27: =C26/C25 -> 0.33564855
A28: Пуассон YX аналитический | B28: 0.3317
A29: Погрешность yx % | B29: =B28 -> 0.3317 | C29: =(ABS(C27-$B$29)/$B$29)*100 -> 1.1903971
A31: Перемещения по Z | C31: 0.0291
A32: Деформация по Z | C32: =C31/$B$6 -> 0.00097
A33: Пуассон ZX | C33: =C32/C25 -> 0.14477612
A34: Пуассон ZX аналитический | B34: 0.1444
A35: Погрешность ZX % | B35: =B34 -> 0.1444 | C35: =ABS($B$35-C33)/$B$35*100 -> 0.2604705
A49: Растяжение по Y | B49: При увеличении ячеек по X
A50: Количество ячеек по Y | C50: 2
A51: Длина модели по Y | C51: =$B$10*C50 -> 34.64
A52: Количество ячеек по Х | C52: 2
A53: Длина модели по Х | C53: =$B$9*C52 -> 30
A54: Площадь в направлении Y м^2 | C54: =C53*$B$6/1000000 -> 0.0009
A55: Перемезщения по Y | C55: 0.232
A56: Ey | C56: =(F18*(C51/1000)/(C54*C55/1000))/(10^6) -> 7465.5172
A57: Ey аналитическое | B57: 7432
A58: Погрешность | C58: =ABS($B$57-C56)/C56*100 -> 0.44896074
A59: sigma max | C59: 4 | D59: 187.5
A60: sigma analit
A61: разница
A63: Перемещения по Х мм | C63: 0.0665
A64: Деформация Y | C64: =C55/C51 -> 0.0066974596
A65: Деформация X | C65: =C63/C53 -> 0.0022166667
A66: Пуассон XY | C66: =C65/C64 -> 0.33097126
A67: Пуассон XY аналитический | B67: 0.3317
A68: Погрешность XY % | B68: =B67 -> 0.3317 | C68: =(ABS(C66-$B$68)/$B$68)*100 -> 0.21969721
A70: Перемещения по Z | C70: 0.0291
A71: Деформация по Z | C71: =C70/$B$6 -> 0.00097
A72: Пуассон ZY | C72: =C71/C64 -> 0.14483103
A73: Пуассон ZY аналитический | B73: 0.1444
A74: Погрешность ZY % | B74: =B73 -> 0.1444 | C74: =ABS($B$74-C72)/C72*100 -> 0.29761196
A78: Растяжение по Z | B78: При увеличении ячеек по X
A79: Количество ячеек по Y | C79: 2
A80: Длина модели по Y | C80: =$B$7*C79 -> 34.64
A81: Количество ячеек по Х | C81: 2
A82: Длина модели по Х | C82: =$B$9*C81 -> 30
A83: Площадь в направлении Z м^2 | C83: =C80*C82/1000000 -> 0.0010392
A84: Перемезщения по Z | C84: 1.701
A85: Ez | C85: =(F26*($B$6/1000)/(C83*C84/1000))/(10^6) -> 440.91711
A86: Ez аналитическое | B86: 439.9833
A87: Погрешность | C87: =ABS($B$86-C85)/C85*100 -> 0.21178756
A88: sigma max | C88: 31.25
A89: sigma analit
A90: разница
A92: Перемещения по Х мм | C92: 0.0145
A93: Деформация Z | C93: =C84/$B$6 -> 0.0567
A94: Деформация X | C94: =C92/C82 -> 0.00048333333
A95: Пуассон XZ | C95: =C94/C93 -> 0.0085243974
A96: Пуассон XZ аналитический | B96: 0.0085
A97: Погрешность XZ % | B97: =B96 -> 0.0085 | C97: =(ABS(C95-$B$97)/$B$97)*100 -> 0.28702839
A99: Перемещения по Y | C99: 0.0168
A100: Деформация по Y | C100: =C99/C80 -> 0.00048498845
A101: Пуассон YZ | C101: =C100/C93 -> 0.0085535882
A102: ПуассонYZ аналитический | B102: 0.0085
A103: Погрешность YZ % | B103: =B102 -> 0.0085 | C103: =ABS($B$103-C101)/$B$103*100 -> 0.63044977
A110: Gxy
A111: tau | B111: =25*10^6 -> 25000000
A112: Количество ячеек по Х | C112: 2
A113: Длина модели по Х | C113: 30
A114: Площадь боковой грани м | C114: =C113*$B$6/1000000 -> 0.0009
A115: Количество ячеек по Y | C115: 2
A116: Длина модели по Y | C116: =$B$10*C115 -> 34.64
A117: Площадь верхней грани | C117: =$B$6*C116/1000000 -> 0.0010392
A118: Сила на боковой грани | C118: =$B$111*C114 -> 22500
A119: Сила на верхней грани | C119: =$B$111*C117 -> 25980
A120: Катет 1 | C120: =C113 -> 30
A121: Катет 2 | C121: 0.267
A122: Тангенс=углу | C122: =C121/C120 -> 0.0089
A123: Gxy | C123: =($B$111/C122)/10^6 -> 2808.9888
A124: Gxy расчетное | B124: 2795.6
A125: % | C125: =ABS($B$124-C123)/$B$124*100 -> 0.47892274
A126: sigma max | C126: 112.5
A127: sigma analit
A128: разница
...

Sheet isogrid_stress
A1: t= | B1: 1 | C1: 1 | D1: Сила | E1: 1000 | F1: t_факт | G1: 4
A2: v= | B2: 0.2 | C2: 0.2 | F2: v_факт | G2: =(G1/B4)+(2*G1/B5) -> 0.8
A3: phi= | B3: 30 | C3: =D3*3.1415/180 -> 0.52358333 | D3: 30
A4: a90= | B4: 15 | C4: =3.75 -> 3.75 | D4: =C1*(1+SIN(C3))/(C2*SIN(C3)) -> 15.000267
A5: a_phi | B5: 15 | C5: =3.75 -> 3.75 | D5: =2*C1*(1+SIN(C3))/C2 -> 14.999866
A6: Высота КЭМ | B6: 30 | C6: =3.75*2 -> 7.5
A7: Основание треугольника | B7: 17.32 | C7: 4.33 | D7: =2*TAN(C3)*C4 -> 4.3299726
A8: Сторона треугольника | B8: 17.32 | C8: =C7 -> 4.33 | D8: =C4/COS(C3) -> 4.3300884
A9: Длина ячейки Х | B9: =B4 -> 15 | C9: =D4 -> 15.000267
A10: Ширина ячейки Y | B10: =B7 -> 17.32 | C10: =D7 -> 4.3299726
A11: Количество ячеек по Х | B11: 1 | C11: 2 | E11: sigmaX | F11: =50 -> 50
A12: Длина модели по Х | B12: =$B$9*B11 -> 15 | C12: =$B$9*C11 -> 30 | E12: площадь | F12: =B14*B6 -> 1039.2
A13: Количество ячеек по Y | B13: 2 | C13: 2 | E13: сила X | F13: =F11*F12 -> 51960 | J13: ТУТ ПЕРЕМЕЩЕНИЯ И СИЛА ВООБЩЕ НЕ ИМЕЮТ ОТНОШЕНИЯ К НАПРЯЖЕННИЯМ
A14: Длина модели по Y мм | B14: =$B$10*B13 -> 34.64 | C14: =$B$10*C13 -> 34.64
A15: Площадь в направлении X м^2 | B15: =B14/1000*$B$6/1000 -> 0.0010392 | C15: =C14/1000*$B$6/1000 -> 0.0010392 | J15: ЭТОТ ЛИСТ ТОЛЬКО ДЛЯ НАПРЯЖЕНИЙ
A16: Перемещения по Х мм | B16: 0 | C16: 0.101 | E16: sigmaY | F16: =50 -> 50
A17: Ex | C17: =($E$1*(C12/1000)/(C15*C16/1000))/(10^6) -> 285.82535 | E17: площадь | F17: =B6*C12 -> 900
A18: Ех аналитическое | B18: 7570 | E18: сила Y | F18: =F16*F17 -> 45000
A19: Погрешность % | C19: =ABS($B$18-C17)/C17*100 -> 2548.4705
A20: sigma max | C20: 124.87 | D20: 62.23
A21: sigma analit | C21: 125 | D21: 62.5
A22: разница
E24: sigmaZ | F24: 25
E25: площадь | F25: =C14*C12 -> 1039.2
E26: сила Z | F26: =F24*F25 -> 25980
A49: Растяжение по Y | B49: При увеличении ячеек по X
A50: Количество ячеек по Y | C50: 2
A51: Длина модели по Y | C51: =$B$10*C50 -> 34.64
A52: Количество ячеек по Х | C52: 2
A53: Длина модели по Х | C53: =$B$9*C52 -> 30
A54: Площадь в направлении Y м^2 | C54: =C53*$B$6/1000000 -> 0.0009
A55: Перемезщения по Y | C55: 0.0958
A56: Ey | C56: =($E$1*(C51/1000)/(C54*C55/1000))/(10^6) -> 401.76293
A57: Ey аналитическое | B57: 2293.9
A58: Погрешность | C58: =ABS($B$57-C56)/C56*100 -> 470.9586
A59: sigma max | C59: 0 | D59: 187.35
A60: sigma analit | C60: 0 | D60: 187.5
A61: разница
A78: Растяжение по Z | B78: При увеличении ячеек по X
A79: Количество ячеек по Y | C79: 2
A80: Длина модели по Y | C80: =$B$7*C79 -> 34.64
A81: Количество ячеек по Х | C81: 2
A82: Длина модели по Х | C82: =$B$9*C81 -> 30
A83: Площадь в направлении Z м^2 | C83: =C80*C82/1000000 -> 0.0010392
A84: Перемезщения по Z | C84: 0.87
A85: Ez | C85: =($E$1*($B$6/1000)/(C83*C84/1000))/(10^6) -> 33.182023
A86: Ez аналитическое | B86: 220.06
A87: Погрешность | C87: =ABS($B$86-C85)/C85*100 -> 563.19042
A88: sigma max | C88: 62.5 | D88: 62.5
A89: sigma analit | C89: 62.5 | D89: 62.5
A90: разница
A111: tau | B111: =25*10^6 -> 25000000
A112: Количество ячеек по Х | C112: 2
A113: Длина модели по Х | C113: =$B$9*C112 -> 30
A114: Площадь боковой грани м | C114: =C113*$B$6/1000000 -> 0.0009
A115: Количество ячеек по Y | C115: 2
A116: Длина модели по Y | C116: =$B$10*C115 -> 34.64
A117: Площадь верхней грани | C117: =$B$6*C116/1000000 -> 0.0010392
A118: Сила на боковой грани | C118: =$B$111*C114 -> 22500
A119: Сила на верхней грани | C119: =$B$111*C117 -> 25980
A120: Катет 1 | C120: =C116 -> 34.64
A121: Катет 2 | C121: =0.536 -> 0.536
A122: Тангенс=углу | C122: =C121/C113 -> 0.017866667
A123: Gxy | C123: =($B$111/C122)/10^6 -> 1399.2537
A124: Gxy расчетное | B124: 555.2071
A125: % | C125: =ABS($B$124-C123)/$B$124*100 -> 152.02375
A126: sigma max | C126: 110.88 | D126: 0
A127: sigma analit | C127: 108.25 | D127: 0
A128: разница
A129: Gxz
A130: tau | B130: =25*10^6 -> 25000000
A131: Количество ячеек по Х | C131: 2
A132: Длина модели по Х | C132: =$B$9*C131 -> 30
A133: Площадь боковой грани м | B133: z=x кроме 2х2 | C133: =C135*B6/1000000 -> 0.0010392
A134: Количество ячеек по Y | C134: 2
A135: Длина модели по Y | C135: =$B$10*C134 -> 34.64
A136: Площадь верхней грани | C136: =C132*C135/1000000 -> 0.0010392
A137: Сила на боковой грани | C137: =$B$111*C133 -> 25980
A138: Сила на верхней грани | C138: =$B$111*C136 -> 25980
A139: Катет 1 | C139: =B6 -> 30
A140: Катет 2 | C140: 2.429
A141: Тангенс=углу | C141: =C140/B6 -> 0.080966667
A142: Gxz | C142: =($B$111/C141)/10^6 -> 308.76904
A143: Gxz расчетное | B143: 104.6548
A144: % | C144: =ABS($B$143-C142)/C142*100 -> 66.105799
A145: sigma max | C145: 2.256 | D145: 0
A146: sigma analit | C146: 2.17 | D146: 0
A147: разница
A149: Gyz
A150: tau | B150: =25*10^6 -> 25000000
A151: Количество ячеек по Х | C151: 2
A152: Длина модели по Х | C152: =$B$9*C151 -> 30
A153: Площадь боковой грани м | C153: =C152*C156/1000000 -> 0.0009
A154: Количество ячеек по Y | C154: 2
A155: Длина модели по Y | C155: =B10*C154 -> 34.64
A156: Длина модели по Z | C156: =B6 -> 30
A157: Площадь верхней грани | C157: =C152*C155/1000000 -> 0.0010392
A158: Сила на боковой грани | C158: =$B$111*C153 -> 22500
A159: Сила на верхней грани | C159: =$B$111*C157 -> 25980
A160: Катет 1 | C160: =C156 -> 30
...

Sheet anisogrid120
A1: t= | B1: 1 | C1: 1 | D1: Сила | E1: 10000 | F1: t_факт | G1: 4
A2: v= | B2: 0.2 | C2: 0.2 | F2: v_факт | G2: =(G1/B4)+(2*G1/B5) -> 0.80012659
A3: phi= | B3: 60 | C3: =D3*3.1415/180 -> 1.0471667 | D3: 60
A4: a90= | B4: =C4 -> 10.77 | C4: 10.77 | D4: =C1*(1+SIN(C3))/(C2*SIN(C3)) -> 10.773606
A5: a_phi | B5: =C5 -> 18.66 | C5: 18.66 | D5: =2*C1*(1+SIN(C3))/C2 -> 18.6601
A6: Высота КЭМ | B6: 40 | C6: =3.75*2 -> 7.5
A7: Основание треугольника | B7: =C7 -> 37.3 | C7: 37.3 | D7: =2*TAN(C3)*C4 -> 37.305714
A8: Сторона треугольника | B8: =C8 -> 21.54 | C8: 21.54 | D8: =C4/COS(C3) -> 21.538848
A9: Длина ячейки Х | B9: =B4 -> 10.77 | C9: =D4 -> 10.773606
A10: Ширина ячейки Y | B10: =B7 -> 37.3 | C10: =D7 -> 37.305714
A11: Количество ячеек по Х | B11: 1 | C11: 2 | E11: sigmaX | F11: =50 -> 50
A12: Длина модели по Х | B12: =$B$9*B11 -> 10.77 | C12: =$B$9*C11 -> 21.54 | E12: площадь | F12: =B14*B6 -> 2984
A13: Количество ячеек по Y | B13: 2 | C13: 2 | E13: сила X | F13: =F11*F12 -> 149200
A14: Длина модели по Y мм | B14: =$B$10*B13 -> 74.6 | C14: =$B$10*C13 -> 74.6
A15: Площадь в направлении X м^2 | B15: =B14/1000*$B$6/1000 -> 0.002984 | C15: =C14/1000*$B$6/1000 -> 0.002984
A16: Перемещения по Х мм | B16: 0 | C16: 2.271 | E16: sigmaY | F16: =50 -> 50
A17: Ex | C17: =(F13*(C12/1000)/(C15*C16/1000))/(10^6) -> 474.24042 | E17: площадь | F17: =B6*C12 -> 861.6
A18: Ех аналитическое | B18: 454.6221 | E18: сила Y | F18: =F16*F17 -> 43080
A19: Погрешность % | C19: =ABS($B$18-C17)/C17*100 -> 4.1367884
A20: sigma max | C20: 453.558 | D20: 380
A21: sigma analit | C21: 450.88 | D21: 384.79
A22: разница
A24: Перемещения по Y мм | C24: 1.024 | E24: sigmaZ | F24: 50
A25: Деформация Х | C25: =C16/C12 -> 0.10543175 | E25: площадь | F25: =C14*C12 -> 1606.884
A26: Деформация Y | C26: =C24/C14 -> 0.013726542 | E26: сила Z | F26: =F24*F25 -> 80344.2
A27: Пуассон YX | C27: =C26/C25 -> 0.13019362
A28: Пуассон YX аналитический | B28: 0.1312
A29: Погрешность yx % | B29: =B28 -> 0.1312 | C29: =(ABS(C27-$B$29)/$B$29)*100 -> 0.76705992
A31: Перемещения по Z | C31: 0.0388
A32: Деформация по Z | C32: =C31/$B$6 -> 0.00097
A33: Пуассон ZX | C33: =C32/C25 -> 0.0092002642
A34: Пуассон ZX аналитический | B34: 0.0088
A35: Погрешность ZX % | B35: =B34 -> 0.0088 | C35: =ABS($B$35-C33)/$B$35*100 -> 4.5484568
A49: Растяжение по Y | B49: При увеличении ячеек по X
A50: Количество ячеек по Y | C50: 2
A51: Длина модели по Y | C51: =$B$10*C50 -> 74.6
A52: Количество ячеек по Х | C52: 2
A53: Длина модели по Х | C53: =$B$9*C52 -> 21.54
A54: Площадь в направлении Y м^2 | C54: =C53*$B$6/1000000 -> 0.0008616
A55: Перемезщения по Y | C55: 0.352
A56: Ey | C56: =(F18*(C51/1000)/(C54*C55/1000))/(10^6) -> 10596.591
A57: Ey аналитическое | B57: 10374
A58: Погрешность | C58: =ABS($B$57-C56)/C56*100 -> 2.1005898
A59: sigma max | C59: 2.5 | D59: 131.7
A60: sigma analit | C60: 0 | D60: 134.67
A61: разница
A78: Растяжение по Z | B78: При увеличении ячеек по X
A79: Количество ячеек по Y | C79: 2
A80: Длина модели по Y | C80: =$B$7*C79 -> 74.6
A81: Количество ячеек по Х | C81: 2
A82: Длина модели по Х | C82: =$B$9*C81 -> 21.54
A83: Площадь в направлении Z м^2 | C83: =C80*C82/1000000 -> 0.001606884
A84: Перемезщения по Z | C84: 2.268
A85: Ez | C85: =(F26*($B$6/1000)/(C83*C84/1000))/(10^6) -> 881.83422
A86: Ez аналитическое | B86: 441.3178
A87: Погрешность | C87: =ABS($B$86-C85)/C85*100 -> 49.954561
A88: sigma max | C88: 62.478 | D88: 62.478
A89: sigma analit | C89: 62.5 | D89: 62.5
A90: разница
A110: Gxy
A111: tau | B111: =25*10^6 -> 25000000
A112: Количество ячеек по Х | C112: 2
A113: Длина модели по Х | C113: =$B$9*C112 -> 21.54
A114: Площадь боковой грани м | C114: =C113*$B$6/1000000 -> 0.0008616
A115: Количество ячеек по Y | C115: 2
A116: Длина модели по Y | C116: =$B$10*C115 -> 74.6
A117: Площадь верхней грани | C117: =$B$6*C116/1000000 -> 0.002984
A118: Сила на боковой грани | C118: =$B$111*C114 -> 21540
A119: Сила на верхней грани | C119: =$B$111*C117 -> 74600
A120: Катет 1 | C120: =C116 -> 74.6
A121: Катет 2 | C121: =0.829 -> 0.829
A122: Тангенс=углу | C122: =C121/C120 -> 0.011112601
A123: Gxy | C123: =($B$111/C122)/10^6 -> 2249.6984
A124: Gxy расчетное | B124: 2247.3
A125: % | C125: =ABS($B$124-C123)/$B$124*100 -> 0.10672504
A126: sigma max | C126: 136.67 | D126: 0
A127: sigma analit | C127: 134.67 | D127: 0
A128: разница
A129: Gxz
A130: tau | B130: =25*10^6 -> 25000000
A131: Количество ячеек по Х | C131: 2
A132: Длина модели по Х | C132: =$B$9*C131 -> 21.54
A133: Площадь боковой грани м | B133: z=x кроме 2х2 | C133: =C135*B6/1000000 -> 0.002984
A134: Количество ячеек по Y | C134: 2
A135: Длина модели по Y | C135: =$B$10*C134 -> 74.6
A136: Площадь верхней грани | C136: =C132*C135/1000000 -> 0.001606884
A137: Сила на боковой грани | C137: =$B$111*C133 -> 74600
A138: Сила на верхней грани | C138: =$B$111*C136 -> 40172.1
A139: Катет 1 | C139: =B6 -> 40
A140: Катет 2 | C140: 27
A141: Тангенс=углу | C141: =C140/C139 -> 0.675
A142: Gxz | C142: =($B$111/C141)/10^6 -> 37.037037
A143: Gxz расчетное | B143: 37.8344
A144: % | C144: =ABS($B$143-C142)/C142*100 -> 2.15288
A145: tauxy max | C145: 4.76 | D145: 0
A146: tau xy analit | C146: 4.67 | D146: 0
A147: разница
A149: Gyz
A150: tau | B150: =25*10^6 -> 25000000
A151: Количество ячеек по Х | C151: 2
...

Sheet Лист2
A1: t= | B1: 1.5 | C1: 1.5 | D1: Сила
A2: v= | B2: 0.6 | C2: 0.6
A3: phi= | B3: 15 | C3: =D3*3.1415/180 -> 0.26179167 | D3: 15
A4: a90= | B4: =C4 -> 12.16 | C4: =12.16 -> 12.16 | D4: =C1*(1+SIN(C3))/(C2*SIN(C3)) -> 12.159537
A5: a_phi | B5: =C5 -> 6.3 | C5: 6.3 | D5: =2*C1*(1+SIN(C3))/C2 -> 6.2940579
A6: Высота КЭМ | B6: =8.5 -> 8.5 | C6: =3.75*2 -> 7.5
A7: Основание треугольника | B7: =C7 -> 6.52 | C7: 6.52 | D7: =2*TAN(C3)*C4 -> 6.5163231
A8: Сторона треугольника | B8: =C8 -> 12.589 | C8: 12.589 | D8: =C4/COS(C3) -> 12.588932
A9: Длина ячейки Х | B9: =B4 -> 12.16 | C9: =D4 -> 12.159537
A10: Ширина ячейки Y | B10: =B7 -> 6.52 | C10: =D7 -> 6.5163231

Sheet Сравнение КПО
E1: Габариты по КЭМ | J1: Габариты с учетом толщины периметров
E2: КПО1 | F2: Длина рабочей части | G2: 97.28 | H2: мм | J2: КПО1 | K2: Длина рабочей части | L2: 97.28 | M2: мм
F3: Ширина | G3: =21.548 -> 21.548 | H3: мм | K3: Ширина | L3: =21.548+1.5 -> 23.048 | M3: мм
F4: Высота | G4: 7.68 | H4: мм | K4: Высота | L4: 8.4 | M4: мм
F5: Площалдь сечения | G5: =G3/1000*G4/1000 -> 0.00016548864 | H5: м^2 | K5: Площалдь сечения | L5: =L3/1000*L4/1000 -> 0.0001936032 | M5: м^2
F6: Перемещения модели | G6: 0.0024546 | K6: Перемещения модели | L6: 0.0024546
F7: Нагрузка | G7: 100 | H7: N | K7: Нагрузка | L7: 100 | M7: N
G9: =G7*(G2/1000)/(G5*G6/1000) -> 2.3948298e+10 | L9: =L7*(L2/1000)/(L5*L6/1000) -> 2.0470587e+10
G11: =G9/10^6 -> 23948.298 | L11: =L9/10^6 -> 20470.587
E16: Габариты модели только по КЭМ
E17: КПО2 | F17: Длина рабочей части | G17: 97.28 | H17: мм | K17: КПО_идеал RBE/размеры только по габаритам КЭМ | L17: Длина рабочей части | M17: 97.28 | N17: мм | Q17: Габариты с учетом толщины | W17: КПО_без периметров | X17: Длина рабочей части | Y17: 97.28 | Z17: мм
F18: Ширина | G18: =21.548 -> 21.548 | H18: мм | L18: Ширина | M18: =19.79 -> 19.79 | N18: мм | Q18: КПО2 | R18: Длина рабочей части | S18: 97.28 | T18: мм | X18: Ширина | Y18: =19.79 -> 19.79 | Z18: мм
F19: Высота | G19: 7.68 | H19: мм | L19: Высота | M19: 7.68 | N19: мм | R19: Ширина | S19: =23.048 -> 23.048 | T19: мм | X19: Высота | Y19: 7.68 | Z19: мм
F20: Площалдь сечения | G20: =G18*G19 -> 165.48864 | H20: мм^2 | L20: Площалдь сечения | M20: =M18*M19 -> 151.9872 | N20: мм^2 | R20: Высота | S20: 8.4 | T20: мм | X20: Площалдь сечения | Y20: =Y18*Y19 -> 151.9872 | Z20: мм^2
F21: Перемещения модели | G21: 0.003331 | H21: мм | L21: Перемещения модели | M21: 0.003331 | N21: мм | R21: Площалдь сечения | S21: =S19*S20 -> 193.6032 | T21: мм^2 | X21: Перемещения модели | Y21: 0.004977 | Z21: мм
F22: Нагрузка | G22: 100 | H22: N | L22: Нагрузка | M22: 100 | N22: N | R22: Перемещения модели | S22: 0.002503 | T22: мм | X22: Нагрузка | Y22: 100 | Z22: N
R23: Нагрузка | S23: 100 | T23: N
G24: =G22*(G17/1000)/(G20*G21/1000) -> 17647.401 | M24: =M22*(M17/1000)/(M20*M21/1000) -> 19215.068 | Y24: =Y22*(Y17/1000)/(Y20*Y21/1000) -> 12860.235
G25: 15997 | S25: =S23*(S18/1000)/(S21*S22/1000) -> 20074.752
G26: =(G24-G25)/G25*100 -> 10.316938
E30: Треугольники без пластика | F30: Длина рабочей части | G30: 97.28 | H30: мм
F31: Ширина | G31: =21.554+1.5 -> 23.054 | H31: мм | K31: rebro_old
F32: Высота | G32: 7.68 | H32: мм | K32: КПО2 | L32: Длина рабочей части | M32: 97.28 | N32: мм
F33: Площалдь сечения | G33: =G31*G32 -> 177.05472 | H33: мм^2 | L33: Ширина | M33: =21.548 -> 21.548 | N33: мм
F34: Перемещения модели | G34: 0.002702 | H34: мм | L34: Высота | M34: 7.68 | N34: мм
F35: Нагрузка | G35: 100 | H35: N | L35: Площалдь сечения | M35: =M33*M34 -> 165.48864 | N35: мм^2
L36: Перемещения модели | M36: 0.003682 | N36: мм
G37: =G35*(G30/1000)/(G33*G34/1000) -> 20334.369 | L37: Нагрузка | M37: 100 | N37: N
M39: =M37*(M32/1000)/(M35*M36/1000) -> 15965.098
M40: 15997
M41: =(M39-M40)/M40*100 -> -0.19942441
E44: КПО_Z | F44: Длина рабочей части | G44: 41.1 | H44: мм
F45: Ширина | G45: 38.98 | H45: мм
F46: Высота | G46: 20.08 | H46: мм
F47: Площалдь сечения | G47: =G45*G44 -> 1602.078 | H47: мм^2
F48: Перемещения модели | G48: 0.029 | H48: мм | K48: 0.02927
F49: Нагрузка | G49: 1000 | H49: N
F51: Ez= | G51: =G49*(G46/1000)/(G47*G48/1000) -> 432.1973
F52: Ez_experiment= | G52: 455
F53: % | G53: =(G51-G52)/G52*100 -> -5.0115814
F54: Ez_theory | G54: 257
F55: % | G55: =(G51-G54)/G54*100 -> 68.170157
J58: соотношение
E59: КПО_Z_no_perimetr | F59: Длина рабочей части | G59: 39.1 | H59: мм | J59: =G63/G48 -> 1.2482759
F60: Ширина | G60: 36.48 | H60: мм
F61: Высота | G61: 20.08 | H61: мм
F62: Площалдь сечения | G62: =G60*G59 -> 1426.368 | H62: мм^2
F63: Перемещения модели | G63: 0.0362 | H63: мм
F64: Нагрузка | G64: 1000 | H64: N
F66: Ez= | G66: =G64*(G61/1000)/(G62*G63/1000) -> 388.88711
F67: Ez_experiment= | G67: 455
F68: % | G68: =(G66-G67)/G67*100 -> -14.530305
F69: Ez_theory | G69: 257
F70: % | G70: =(G66-G69)/G69*100 -> 51.317943
E74: кол-во ячеек по У | G74: 3 | H74: 6 | I74: 9 | J74: 12 | K74: 15 | L74: 18
E75: КПО_массив | F75: Длина рабочей части | G75: 97.28 | H75: 97.28 | I75: 97.28 | J75: 97.28 | K75: 97.28 | L75: 97.28
F76: Ширина | G76: 19.5483 | H76: =$G$76/$G$74*H74 -> 39.0966 | I76: =$G$76/$G$74*I74 -> 58.6449 | J76: =$G$76/$G$74*J74 -> 78.1932 | K76: =$G$76/$G$74*K74 -> 97.7415 | L76: =$G$76/$G$74*L74 -> 117.2898
F77: Высота | G77: 7.68 | H77: 7.68 | I77: 7.68 | J77: 7.68 | K77: 7.68 | L77: 7.68
F78: Площалдь сечения | G78: =G76*G77 -> 150.13094 | H78: =H76*H77 -> 300.26189 | I78: =I76*I77 -> 450.39283 | J78: =J76*J77 -> 600.52378 | K78: =K76*K77 -> 750.65472 | L78: =L76*L77 -> 900.78566
F79: Перемещения модели | G79: 0.0498 | H79: 0.0187 | I79: 0.0115 | J79: 0.008315 | K79: 0.006507 | L79: 0.005344
F80: Нагрузка | G80: 1000 | H80: 1000 | I80: 1000 | J80: 1000 | K80: 1000 | L80: 1000
F82: Ex | G82: =G80*(G75/1000)/(G78*G79/1000) -> 13011.399 | H82: =H80*(H75/1000)/(H78*H79/1000) -> 17325.339 | I82: =I80*(I75/1000)/(I78*I79/1000) -> 18781.672 | J82: =J80*(J75/1000)/(J78*J79/1000) -> 19481.891 | K82: =K80*(K75/1000)/(K78*K79/1000) -> 19916.019 | L82: =L80*(L75/1000)/(L78*L79/1000) -> 20208.573
E110: кол-во ячеек по У | G110: 3 | H110: 6 | I110: 9 | J110: 12 | K110: 15 | L110: 18
E111: КПО_массив_треугольник | F111: Длина рабочей части | G111: 97.28 | H111: 97.28 | I111: 97.28 | J111: 97.28 | K111: 97.28 | L111: 97.28
F112: Ширина | G112: 19.5483 | H112: =$G$76/$G$74*H110 -> 39.0966 | I112: =$G$76/$G$74*I110 -> 58.6449 | J112: =$G$76/$G$74*J110 -> 78.1932 | K112: =$G$76/$G$74*K110 -> 97.7415 | L112: =$G$76/$G$74*L110 -> 117.2898
F113: Высота | G113: 7.68 | H113: 7.68 | I113: 7.68 | J113: 7.68 | K113: 7.68 | L113: 7.68
F114: Площалдь сечения | G114: =G112*G113 -> 150.13094 | H114: =H112*H113 -> 300.26189 | I114: =I112*I113 -> 450.39283 | J114: =J112*J113 -> 600.52378 | K114: =K112*K113 -> 750.65472 | L114: =L112*L113 -> 900.78566
F115: Перемещения модели | G115: 0.0303 | H115: 0.0187 | I115: 0.0115 | J115: 0.008315 | K115: 0.006507 | L115: 0.005344
F116: Нагрузка | G116: 1000 | H116: 1000 | I116: 1000 | J116: 1000 | K116: 1000 | L116: 1000
F118: Ex | G118: =G116*(G111/1000)/(G114*G115/1000) -> 21385.072 | H118: =H116*(H111/1000)/(H114*H115/1000) -> 17325.339 | I118: =I116*(I111/1000)/(I114*I115/1000) -> 18781.672 | J118: =J116*(J111/1000)/(J114*J115/1000) -> 19481.891 | K118: =K116*(K111/1000)/(K114*K115/1000) -> 19916.019 | L118: =L116*(L111/1000)/(L114*L115/1000) -> 20208.573
E142: Габариты модели только по КЭМ | K142: Габариты модели только по КЭМ
E143: КПО2 | F143: Длина рабочей части | G143: 97.28 | H143: мм | K143: КПО2 | L143: Длина рабочей части | M143: 97.28 | N143: мм
F144: Ширина | G144: =21.548 -> 21.548 | H144: мм | L144: Ширина | M144: =21.548 -> 21.548 | N144: мм
F145: Высота | G145: 7.68 | H145: мм | L145: Высота | M145: 7.68 | N145: мм
F146: Площалдь сечения | G146: =G144*G145 -> 165.48864 | H146: мм^2 | L146: Площалдь сечения | M146: =M144*M145 -> 165.48864 | N146: мм^2
F147: Перемещения модели | G147: 0.404 | H147: мм | L147: Перемещения модели | M147: 0.41 | N147: мм
F148: Нагрузка | G148: 10000 | H148: N | L148: Нагрузка | M148: 10000 | N148: N
F150: Модуль КЭМ | G150: =G148*(G143/1000)/(G146*G147/1000) -> 14550.369 | L150: Модуль КЭМ | M150: =M148*(M143/1000)/(M146*M147/1000) -> 14337.437
F151: Модуль испытаний | G151: 14620 | L151: Модуль испытаний | M151: 14620
F152: погрешность | G152: =(G150-G151)/G151 -> -0.0047627162 | L152: погрешность | M152: =(M150-M151)/M151 -> -0.019327164
E160: для спиральных задано Е1 на растяжение, для перпендикулярных задано Е1 на сжатие
E161: КПО2 | F161: Длина рабочей части | G161: 97.28 | H161: мм
F162: Ширина | G162: =21.548 -> 21.548 | H162: мм
F163: Высота | G163: 7.68 | H163: мм
F164: Площалдь сечения | G164: =G162*G163 -> 165.48864 | H164: мм^2
F165: Перемещения модели | G165: 0.003676 | H165: мм
F166: Нагрузка | G166: 100 | H166: N
G168: =G166*(G161/1000)/(G164*G165/1000) -> 15991.156
G169: 15997
G170: =(G168-G169)/G169*100 -> -0.036529019
E176: для спиральных задано Е1 на растяжение, для перпендикулярных задано Е1 на сжатие
E177: КПО2 | F177: Длина рабочей части | G177: 97.28 | H177: мм
F178: Ширина | G178: =21.548 -> 21.548 | H178: мм
F179: Высота | G179: 7.68 | H179: мм
F180: Площалдь сечения | G180: =G178*G179 -> 165.48864 | H180: мм^2
F181: Перемещения модели | G181: 0.00325 | H181: мм
F182: Нагрузка | G182: 100 | H182: N
G184: =G182*(G177/1000)/(G180*G181/1000) -> 18087.228
G185: 15997
G186: =(G184-G185)/G185*100 -> 13.066375
...

Sheet Шестигранник
A1: t_теоретическое= | B1: 1.5 | C1: 1.5 | D1: Сила | E1: 10000 | F1: t_факт | G1: 2
A2: v_теоретическое= | B2: 0.6 | C2: 0.6 | F2: v_факт | G2: =(G1/B4)+(2*G1/B5) -> 0.79939432
A3: phi= | B3: 15 | C3: =D3*3.1415/180 -> 0.52358333 | D3: 30
A4: a90= | B4: =C4 -> 12.16 | C4: =12.16 -> 12.16 | D4: =C1*(1+SIN(C3))/(C2*SIN(C3)) -> 7.5001337
A5: a_phi | B5: =C5 -> 6.3 | C5: 6.3 | D5: =2*C1*(1+SIN(C3))/C2 -> 7.4999331
A6: Высота КЭМ | B6: 7.68 | C6: =3.75*2 -> 7.5
A7: Основание треугольника | B7: =C7 -> 6.516 | C7: 6.516 | D7: =2*TAN(C3)*C4 -> 14.040658
A8: Сторона треугольника | B8: =C8 -> 12.589 | C8: 12.589 | D8: =C4/COS(C3) -> 14.041033
A9: Длина ячейки Х | B9: =B4 -> 12.16 | C9: =D4 -> 7.5001337
A10: Ширина ячейки Y | B10: =B7 -> 6.516 | C10: =D7 -> 14.040658
A11: Количество ячеек по Х | B11: 3 | C11: 3 | D11: 3 | E11: 3
A12: Длина модели по Х | B12: 97.28 | C12: 97.28 | D12: 97.28 | E12: 97.28 | F12: 97.28 | G12: 97.28
A13: Количество ячеек по Y | B13: 3 | C13: 6 | D13: 9 | E13: 12 | F13: 15 | G13: 18
A14: Длина модели по Y мм | B14: =B13*$B$10 -> 19.548 | C14: =C13*$B$10 -> 39.096 | D14: =D13*$B$10 -> 58.644 | E14: =E13*$B$10 -> 78.192 | F14: =F13*$B$10 -> 97.74 | G14: =G13*$B$10 -> 117.288
A15: Площадь в направлении X м^2 | B15: =B14/1000*$B$6/1000 -> 0.00015012864 | C15: =C14/1000*$B$6/1000 -> 0.00030025728 | D15: =D14/1000*$B$6/1000 -> 0.00045038592 | E15: =E14/1000*$B$6/1000 -> 0.00060051456 | F15: =F14/1000*$B$6/1000 -> 0.0007506432 | G15: =G14/1000*$B$6/1000 -> 0.00090077184
A16: Перемещения по Х мм | B16: =1.449 -> 1.449 | C16: 0.343 | D16: 0.19 | E16: 0.131 | F16: 0.1 | G16: 0.081
A17: Ex | B17: =($E$1*(B12/1000)/(B15*B16/1000))/(10^6) -> 4471.8953 | C17: =($E$1*(C12/1000)/(C15*C16/1000))/(10^6) -> 9445.738 | D17: =($E$1*(D12/1000)/(D15*D16/1000))/(10^6) -> 11368.029 | E17: =($E$1*(E12/1000)/(E15*E16/1000))/(10^6) -> 12365.985 | F17: =($E$1*(F12/1000)/(F15*F16/1000))/(10^6) -> 12959.553 | G17: =($E$1*(G12/1000)/(G15*G16/1000))/(10^6) -> 13332.873
A18: Ех аналитическое | B18: 15141 | C18: 15141 | D18: 15141 | E18: 15141 | F18: 15141 | G18: 15141
A19: Погрешность % | B19: =ABS($B$18-B17)/B17*100 -> 238.58127 | C19: =ABS($B$18-C17)/C17*100 -> 60.294516 | D19: =ABS($B$18-D17)/D17*100 -> 33.189321 | E19: =ABS($B$18-E17)/E17*100 -> 22.440709 | F19: =ABS($B$18-F17)/F17*100 -> 16.832737 | G19: =ABS($B$18-G17)/G17*100 -> 13.561421
A25: Без ГУ на БОКОВЫХ
A26: Количество ячеек по Х | B26: 3 | C26: 3 | D26: 3 | E26: 3
A27: Длина модели по Х | B27: =$B$9*B26 -> 36.48 | C27: =$B$9*C26 -> 36.48 | D27: =$B$9*D26 -> 36.48 | E27: =$B$9*E26 -> 36.48
A28: Количество ячеек по Y | B28: 2 | C28: 6 | D28: 9 | E28: 12
A29: Длина модели по Y мм | B29: =$B$10*B28 -> 13.032 | C29: =$B$10*C28 -> 39.096 | D29: =$B$10*D28 -> 58.644 | E29: =$B$10*E28 -> 78.192
A30: Площадь в направлении X м^2 | B30: =B29/1000*$B$6/1000 -> 0.00010008576 | C30: =C29/1000*$B$6/1000 -> 0.00030025728 | D30: =D29/1000*$B$6/1000 -> 0.00045038592 | E30: =E29/1000*$B$6/1000 -> 0.00060051456
A31: Перемещения по Х мм | B31: 0.004303 | C31: 0.0007015 | D31: 0.0004313 | E31: 0.0003113
A32: Ex | B32: =($E$1*(B27/1000)/(B30*B31/1000))/(10^6) -> 847054.18 | C32: =($E$1*(C27/1000)/(C30*C31/1000))/(10^6) -> 1731943.1 | D32: =($E$1*(D27/1000)/(D30*D31/1000))/(10^6) -> 1877978.3 | E32: =($E$1*(E27/1000)/(E30*E31/1000))/(10^6) -> 1951426.4
A33: Ех аналитическое | B33: 21502
A34: Погрешность % | B34: =ABS($B$18-B32)/B32*100 -> 98.212511 | C34: =ABS($B$18-C32)/C32*100 -> 99.12578 | D34: =ABS($B$18-D32)/D32*100 -> 99.193761 | E34: =ABS($B$18-E32)/E32*100 -> 99.224106

Sheet треуг с смещ
A1: t_теоретическое= | B1: 1.5 | C1: 1.5 | D1: Сила | E1: 10000 | F1: t_факт | G1: 2
A2: v_теоретическое= | B2: 0.6 | C2: 0.6 | F2: v_факт | G2: =(G1/B4)+(2*G1/B5) -> 0.79939432
A3: phi= | B3: 15 | C3: =D3*3.1415/180 -> 0.52358333 | D3: 30
A4: a90= | B4: =C4 -> 12.16 | C4: =12.16 -> 12.16 | D4: =C1*(1+SIN(C3))/(C2*SIN(C3)) -> 7.5001337
A5: a_phi | B5: =C5 -> 6.3 | C5: 6.3 | D5: =2*C1*(1+SIN(C3))/C2 -> 7.4999331
A6: Высота КЭМ | B6: 7.68 | C6: =3.75*2 -> 7.5
A7: Основание треугольника | B7: =C7 -> 6.516 | C7: 6.516 | D7: =2*TAN(C3)*C4 -> 14.040658
A8: Сторона треугольника | B8: =C8 -> 12.589 | C8: 12.589 | D8: =C4/COS(C3) -> 14.041033
A9: Длина ячейки Х | B9: =B4 -> 12.16 | C9: =D4 -> 7.5001337
A10: Ширина ячейки Y | B10: =B7 -> 6.516 | C10: =D7 -> 14.040658
A11: Количество ячеек по Х | B11: 3 | C11: 3 | D11: 3 | E11: 3
A12: Длина модели по Х | B12: 95.2467 | C12: 95.2467 | D12: 95.2467 | E12: 95.2467 | F12: 95.2467 | G12: 95.2467
A13: Количество ячеек по Y | B13: 3 | C13: 6 | D13: 9 | E13: 12 | F13: 15 | G13: 18
A14: Длина модели по Y мм | B14: =B13*$B$10 -> 19.548 | C14: =C13*$B$10 -> 39.096 | D14: =D13*$B$10 -> 58.644 | E14: =E13*$B$10 -> 78.192 | F14: =F13*$B$10 -> 97.74 | G14: =G13*$B$10 -> 117.288
A15: Площадь в направлении X м^2 | B15: =B14/1000*$B$6/1000 -> 0.00015012864 | C15: =C14/1000*$B$6/1000 -> 0.00030025728 | D15: =D14/1000*$B$6/1000 -> 0.00045038592 | E15: =E14/1000*$B$6/1000 -> 0.00060051456 | F15: =F14/1000*$B$6/1000 -> 0.0007506432 | G15: =G14/1000*$B$6/1000 -> 0.00090077184
A16: Перемещения по Х мм | B16: 0.418 | C16: 0.343 | D16: 0.19 | E16: 0.131 | F16: 0.1 | G16: 0.081
A17: Ex | B17: =($E$1*(B12/1000)/(B15*B16/1000))/(10^6) -> 15177.845 | C17: =($E$1*(C12/1000)/(C15*C16/1000))/(10^6) -> 9248.3077 | D17: =($E$1*(D12/1000)/(D15*D16/1000))/(10^6) -> 11130.419 | E17: =($E$1*(E12/1000)/(E15*E16/1000))/(10^6) -> 12107.517 | F17: =($E$1*(F12/1000)/(F15*F16/1000))/(10^6) -> 12688.678 | G17: =($E$1*(G12/1000)/(G15*G16/1000))/(10^6) -> 13054.196
A18: Ех аналитическое | B18: 15141 | C18: 15141 | D18: 15141 | E18: 15141 | F18: 15141 | G18: 15141
A19: Погрешность % | B19: =ABS($B$18-B17)/B17*100 -> 0.24275334 | C19: =ABS($B$18-C17)/C17*100 -> 63.716438 | D19: =ABS($B$18-D17)/D17*100 -> 36.032609 | E19: =ABS($B$18-E17)/E17*100 -> 25.054539 | F19: =ABS($B$18-F17)/F17*100 -> 19.32685 | G19: =ABS($B$18-G17)/G17*100 -> 15.985698
A25: Без ГУ на БОКОВЫХ
A26: Количество ячеек по Х | B26: 3 | C26: 3 | D26: 3 | E26: 3
A27: Длина модели по Х | B27: =$B$9*B26 -> 36.48 | C27: =$B$9*C26 -> 36.48 | D27: =$B$9*D26 -> 36.48 | E27: =$B$9*E26 -> 36.48
A28: Количество ячеек по Y | B28: 2 | C28: 6 | D28: 9 | E28: 12
A29: Длина модели по Y мм | B29: =$B$10*B28 -> 13.032 | C29: =$B$10*C28 -> 39.096 | D29: =$B$10*D28 -> 58.644 | E29: =$B$10*E28 -> 78.192
A30: Площадь в направлении X м^2 | B30: =B29/1000*$B$6/1000 -> 0.00010008576 | C30: =C29/1000*$B$6/1000 -> 0.00030025728 | D30: =D29/1000*$B$6/1000 -> 0.00045038592 | E30: =E29/1000*$B$6/1000 -> 0.00060051456
A31: Перемещения по Х мм | B31: 0.004303 | C31: 0.0007015 | D31: 0.0004313 | E31: 0.0003113
A32: Ex | B32: =($E$1*(B27/1000)/(B30*B31/1000))/(10^6) -> 847054.18 | C32: =($E$1*(C27/1000)/(C30*C31/1000))/(10^6) -> 1731943.1 | D32: =($E$1*(D27/1000)/(D30*D31/1000))/(10^6) -> 1877978.3 | E32: =($E$1*(E27/1000)/(E30*E31/1000))/(10^6) -> 1951426.4
A33: Ех аналитическое | B33: 21502
A34: Погрешность % | B34: =ABS($B$18-B32)/B32*100 -> 98.212511 | C34: =ABS($B$18-C32)/C32*100 -> 99.12578 | D34: =ABS($B$18-D32)/D32*100 -> 99.193761 | E34: =ABS($B$18-E32)/E32*100 -> 99.224106

Sheet Лист3
A1: t= | B1: 1 | C1: 1 | D1: Сила | E1: 10000 | F1: t_факт | G1: 2
A2: v= | B2: 0.2 | C2: 0.2 | F2: v_факт | G2: =(G1/B4)+(2*G1/B5) -> 0.81500755
A3: phi= | B3: 15 | C3: =D3*3.1415/180 -> 0.26179167 | D3: 15
A4: a90= | B4: 11.1432 | C4: 10.77 | D4: =C1*(1+SIN(C3))/(C2*SIN(C3)) -> 24.319073
A5: a_phi | B5: 6.294 | C5: 18.66 | D5: =2*C1*(1+SIN(C3))/C2 -> 12.588116
A6: Высота КЭМ | B6: 40 | C6: =3.75*2 -> 7.5
A7: Основание треугольника | B7: =C7 -> 37.3 | C7: 37.3 | D7: =2*TAN(C3)*C4 -> 5.7714474
A8: Сторона треугольника | B8: =C8 -> 21.54 | C8: 21.54 | D8: =C4/COS(C3) -> 11.149901
A9: Длина ячейки Х | B9: =B4 -> 11.1432 | C9: =D4 -> 24.319073
A10: Ширина ячейки Y | B10: =B7 -> 37.3 | C10: =D7 -> 5.7714474
A19: E3r | B19: 599
A20: sin phi = | B20: =SIN(C3) -> 0.25881159
A21: vfr | B21: =17.76/100 -> 0.1776
A24: = | B24: =(1-3*B21)/(1-2*B21) -> 0.72456576
A28: = | B28: =(1+4*B20)/(4*(1+B20)^2) -> 0.32109647
A32: дробь= | B32: =B24*B28*0.71 -> 0.16518541
A34: итого: | B34: =(1-B32)*B19 -> 500.05394

Sheet сводная табл напряжения
B1: x | C1: y | D1: z | E1: xy | F1: xz | G1: yz
A2: 15 | B2: ='15_stress'!C20 -> 84.27 | C2: ='15_stress'!D59 -> 303.73 | D2: ='15_stress'!C88 -> 62.493 | E2: ='15_stress'!C126 -> 155.61 | F2: ='15_stress'!C145 -> 1.63 | G2: ='15_stress'!C166 -> 1.26
A3: 30 | B3: =isorg_30!C20 -> 124.87 | C3: =isorg_30!D59 -> 187.5 | D3: =isogrid_stress!C88 -> 62.5 | E3: =isogrid_stress!C126 -> 110.88 | F3: =isogrid_stress!C145 -> 2.256 | G3: =isogrid_stress!C166 -> 1.262
A4: 60 | B4: =anisogrid120!C20 -> 453.558 | C4: =anisogrid120!D59 -> 131.7 | D4: =anisogrid120!C88 -> 62.478 | E4: =anisogrid120!C126 -> 136.67 | F4: =anisogrid120!C145 -> 4.76 | G4: =anisogrid120!C166 -> 1.39
B9: 15_stress
B10: isogrid_stress
B11: anisogrid120
B42: Ex | C42: Ey | D42: Ez | E42: Gxy | F42: Gxz | G42: Gyz
A43: 15
A44: 30
A45: 60
